Entity,Code,Year,Annual_CO2_emissions,GDP_USD,GDP_per_capita_USD,Population,CO2_per_capita,Continent
Afghanistan,AFG,1970,1670397.0,1748886596.0,156.5187713,10752971.0,0.15534283501741053,Asia
Afghanistan,AFG,1971,1893554.0,1831108971.0,159.567509,10926337.0,0.1733018119430144,Asia
Afghanistan,AFG,1972,1530347.0,1595555476.0,135.317228,11099703.0,0.13787278812775441,Asia
Afghanistan,AFG,1973,1635454.0,1733333264.0,143.1446495,11273069.0,0.14507619885942327,Asia
Afghanistan,AFG,1974,1913152.0,2155555498.0,173.6536247,11446435.0,0.16713955043644593,Asia
Afghanistan,AFG,1975,2121383.0,2366666616.0,186.5108383,11619801.0,0.18256620745914667,Asia
Afghanistan,AFG,1976,1980859.0,2555555567.0,197.4455076,11793167.0,0.16796667086966546,Asia
Afghanistan,AFG,1977,2384175.0,2953333418.0,224.2250016,11966533.0,0.19923690512531908,Asia
Afghanistan,AFG,1978,2153300.0,3300000109.0,247.3540878,12139899.0,0.17737379857937863,Asia
Afghanistan,AFG,1979,2232754.0,3697940410.0,275.7381154,12313265.0,0.18132916005624827,Asia
Afghanistan,AFG,1980,1756302.0,3641723322.0,272.6555102,12486631.0,0.14065459290019863,Asia
Afghanistan,AFG,1981,1978463.0,3478787909.0,264.1111971,12307447.5,0.16075331623393072,Asia
Afghanistan,AFG,2002,1340995.0,4055179566.0,179.4265792,21272320.0,0.06303943340453698,Asia
Afghanistan,AFG,2003,1559602.0,4515558808.0,190.6838143,22136989.0,0.07045230948075187,Asia
Afghanistan,AFG,2004,1237247.0,5226778809.0,211.3820742,23001658.0,0.05378947030687962,Asia
Afghanistan,AFG,2005,1889507.0,6209137625.0,242.0313132,23866327.0,0.07917041445045146,Asia
Afghanistan,AFG,2006,2159318.0,6971285595.0,263.7336019,24730996.0,0.08731221338598737,Asia
Afghanistan,AFG,2007,2799909.0,9747879532.0,359.6931579,25595665.0,0.10938996896544786,Asia
Afghanistan,AFG,2008,4254477.0,10109305183.0,364.663542,26460334.0,0.1607869726814484,Asia
Afghanistan,AFG,2009,6391888.0,12416161049.0,437.2687402,27325003.0,0.2339208526344901,Asia
Afghanistan,AFG,2010,8364803.5,15856678596.0,543.3065262,28189672.0,0.29673291338756974,Asia
Afghanistan,AFG,2011,11838316.0,17805113119.0,591.1900302,29302437.4,0.404004480528299,Asia
Afghanistan,AFG,2012,10035314.0,19907317066.0,638.8458516,30415202.8,0.32994401076293334,Asia
Afghanistan,AFG,2013,9250510.0,20146404996.0,624.3154545,31527968.2,0.2934064745726304,Asia
Afghanistan,AFG,2014,9170309.0,20497126770.0,614.2233424,32640733.6,0.2809467799461468,Asia
Afghanistan,AFG,2015,9791093.0,19134211764.0,556.0072209,33753499.0,0.2900763858585446,Asia
Afghanistan,AFG,2016,9067598.0,18116562465.0,512.0127781,34797245.2,0.2605837889718925,Asia
Afghanistan,AFG,2017,9867969.0,18753469630.0,516.6798622,35840991.4,0.2753263404426921,Asia
Afghanistan,AFG,2018,10818048.0,18053228579.0,485.6684187,36884737.6,0.29329334309809485,Asia
Afghanistan,AFG,2019,11081621.0,18799450743.0,494.1793499,37928483.8,0.292171473514056,Asia
Afghanistan,AFG,2020,11888066.0,20116137326.0,516.7478708,38972230.0,0.3050394088303389,Asia
Albania,ALB,1984,7825903.0,1857338012.0,639.4847358,3083017.0,2.5383911279113933,Europe
Albania,ALB,1985,7881540.0,1897050133.0,639.8659094,3118358.5,2.527464369475158,Europe
Albania,ALB,1986,8058077.0,2097326250.0,693.8734746,3153700.0,2.5551184323175953,Europe
Albania,ALB,1987,7447081.0,2080796250.0,674.7933831,3189041.5,2.3352098114747015,Europe
Albania,ALB,1988,7329222.0,2051236250.0,652.7743214,3224383.0,2.2730618540043164,Europe
Albania,ALB,1989,8986169.0,2253090000.0,697.9955966,3259724.5,2.756726527042393,Europe
Albania,ALB,1990,5520602.0,2028553750.0,617.2304355,3295066.0,1.6754146957906155,Europe
Albania,ALB,1991,4290226.0,1099559028.0,336.5869945,3283761.5,1.306497442034082,Europe
Albania,ALB,1992,2517116.0,652174990.8,200.8522198,3272457.0,0.7691822994160046,Europe
Albania,ALB,1993,2337999.0,1185315468.0,367.2792251,3261152.5,0.7169241548808282,Europe
Albania,ALB,1994,1923806.0,1880951520.0,586.4163396,3249848.0,0.5919679935800074,Europe
Albania,ALB,1995,2089065.1,2392764853.0,750.6044492,3238543.5,0.6450631587934514,Europe
Albania,ALB,1996,2017508.0,3199641336.0,1009.977275,3227239.0,0.6251498571999161,Europe
Albania,ALB,1997,1543009.0,2258513974.0,717.3800477,3215934.5,0.47980112779038253,Europe
Albania,ALB,1998,1754709.0,2545964541.0,813.7893966,3204630.0,0.5475543198434765,Europe
Albania,ALB,1999,2986196.0,3212121651.0,1033.242532,3193325.5,0.9351367406798963,Europe
Albania,ALB,2000,3024926.0,3480355258.0,1126.68334,3182021.0,0.9506304326715631,Europe
Albania,ALB,2001,3220656.0,3922100794.0,1281.659826,3155158.8,1.0207587649788024,Europe
Albania,ALB,2002,3748272.0,4348068242.0,1425.124219,3128296.6,1.198183062309373,Europe
Albania,ALB,2003,4303499.0,5611496257.0,1846.120121,3101434.4,1.3875834355870948,Europe
Albania,ALB,2004,4176684.0,7184685782.0,2373.581292,3074572.2,1.358460211147424,Europe
Albania,ALB,2005,4261413.0,8052073539.0,2673.786584,3047710.0,1.398234412066765,Europe
Albania,ALB,2006,3910715.0,8896072919.0,2972.742924,3020847.8,1.294575317564824,Europe
Albania,ALB,2007,3948970.0,10677324144.0,3595.038057,2993985.6,1.3189675995769652,Europe
Albania,ALB,2008,4397043.0,12881353508.0,4370.539925,2967123.4,1.4819211765847016,Europe
Albania,ALB,2009,4406552.0,12044208086.0,4114.134899,2940261.2,1.498694061602418,Europe
Albania,ALB,2010,4783865.0,11926922829.0,4094.348386,2913399.0,1.6420219132360518,Europe
Albania,ALB,2011,5314676.0,12890764531.0,4437.142612,2907215.4,1.828098461503747,Europe
Albania,ALB,2012,4850060.0,12319830437.0,4247.630047,2901031.8,1.6718396537397489,Europe
Albania,ALB,2013,5287465.0,12776220507.0,4413.062005,2894848.2,1.8265085540582058,Europe
Albania,ALB,2014,5999650.0,13228147516.0,4578.633208,2888664.6,2.0769631753025255,Europe
Albania,ALB,2015,4712144.0,11386850130.0,3952.802538,2882481.0,1.6347528396544504,Europe
Albania,ALB,2016,4631979.0,11861199831.0,4124.05539,2879354.6,1.6086865438525701,Europe
Albania,ALB,2017,5293048.0,13019689337.0,4531.019374,2876228.2,1.84027400885646,Europe
Albania,ALB,2018,4894953.0,15156432310.0,5287.663694,2873101.8,1.7037172160067562,Europe
Albania,ALB,2019,4826944.0,15401830754.0,5396.215864,2869975.4,1.681876436989669,Europe
Albania,ALB,2020,5018921.0,15131866271.0,5332.160475,2866849.0,1.7506750442733467,Europe
Algeria,DZA,1970,15058960.0,4863487493.0,336.2246929,13795915.0,1.0915521007486637,Africa
Algeria,DZA,1971,18649530.0,5077222367.0,341.3889185,14290261.3,1.3050517137849675,Africa
Algeria,DZA,1972,28322640.0,6766766611.0,442.6776235,14784607.6,1.9156842552926465,Africa
Algeria,DZA,1973,38277400.0,8707847924.0,554.292909,15278953.9,2.5052369586637733,Africa
Algeria,DZA,1974,31876660.0,13210029612.0,818.0082289,15773300.2,2.020925208790485,Africa
Algeria,DZA,1975,32001206.0,15557934268.0,936.7900822,16267646.5,1.9671687603981314,Africa
Algeria,DZA,1976,39131068.0,17728347375.0,1037.60716,16761992.8,2.3345116816897806,Africa
Algeria,DZA,1977,41844910.0,20971901273.0,1192.744227,17256339.1,2.424900771682216,Africa
Algeria,DZA,1978,62455264.0,26364491313.0,1456.419396,17750685.4,3.5184705600156714,Africa
Algeria,DZA,1979,45545550.0,33243422158.0,1782.69932,18245031.7,2.4963261642346173,Africa
Algeria,DZA,1980,66416464.0,42346380831.0,2203.055461,18739378.0,3.544219237159312,Africa
Algeria,DZA,1981,46341984.0,44348672668.0,2237.086776,19417247.6,2.3866402156812376,Africa
Algeria,DZA,1982,39173030.0,45207088716.0,2210.302036,20095117.2,1.9493805191641282,Africa
Algeria,DZA,1983,52503910.0,48801369800.0,2312.655619,20772986.8,2.527508947341169,Africa
Algeria,DZA,1984,70946536.0,53698278906.0,2467.346082,21450856.4,3.3073987666058873,Africa
Algeria,DZA,1985,72609070.0,57937868670.0,2582.879013,22128726.0,3.2812132971414623,Africa
Algeria,DZA,1986,76080390.0,63692238160.0,2756.954981,22806595.6,3.3358942007109555,Africa
Algeria,DZA,1987,83883496.0,66746396416.0,2807.503603,23484465.2,3.571871672853764,Africa
Algeria,DZA,1988,83708040.0,59089067187.0,2417.376189,24162334.8,3.4644019583736583,Africa
Algeria,DZA,1989,79808264.0,55634414465.0,2215.963873,24840204.4,3.212866638086118,Africa
Algeria,DZA,1990,76737624.0,62048562947.0,2408.822985,25518074.0,3.007187141161202,Africa
Algeria,DZA,1991,78806830.0,45715614560.0,1731.62137,26043728.7,3.025942671565305,Africa
Algeria,DZA,1992,79883310.0,48003078389.0,1776.028278,26569383.4,3.0065925429041007,Africa
Algeria,DZA,1993,81943970.0,49945599429.0,1807.297451,27095038.1,3.0243164706972676,Africa
Algeria,DZA,1994,88608390.0,42543178042.0,1507.886663,27620692.8,3.2080437171365954,Africa
Algeria,DZA,1995,96776920.0,41764315330.0,1452.278434,28146347.5,3.4383473734913563,Africa
Algeria,DZA,1996,100039430.0,46941582519.0,1603.940302,28672002.2,3.4890981558309173,Africa
Algeria,DZA,1997,88369416.0,48177612042.0,1619.797749,29197656.9,3.026592726349901,Africa
Algeria,DZA,1998,106536560.0,48187747529.0,1596.003926,29723311.6,3.5842762554089025,Africa
Algeria,DZA,1999,91449100.0,48640653469.0,1588.348908,30248966.3,3.0232140527724414,Africa
Algeria,DZA,2000,85398600.0,54790392746.0,1765.027146,30774621.0,2.7749683741028037,Africa
Algeria,DZA,2001,86839250.0,54744712815.0,1740.606654,31282793.3,2.775942965425661,Africa
Algeria,DZA,2002,90692380.0,56760355865.0,1781.828908,31790965.6,2.852772109570651,Africa
Algeria,DZA,2003,94580616.0,67863828413.0,2103.381291,32299137.9,2.9282706025413763,Africa
Algeria,DZA,2004,91714220.0,85332581189.0,2610.185422,32807310.2,2.795542195958509,Africa
Algeria,DZA,2005,110992510.0,103198000000.0,3113.094883,33315482.5,3.331559433365553,Africa
Algeria,DZA,2006,105896180.0,117027000000.0,3478.710002,33823654.8,3.1308319762061907,Africa
Algeria,DZA,2007,109889440.0,134977000000.0,3950.512993,34331827.1,3.2008037230270214,Africa
Algeria,DZA,2008,111087410.0,171001000000.0,4923.631615,34839999.4,3.1885020640959025,Africa
Algeria,DZA,2009,118856330.0,137211000000.0,3883.2709,35348171.7,3.3624463242040887,Africa
Algeria,DZA,2010,118353256.0,161207000000.0,4480.786318,35856344.0,3.300761951636787,Africa
Algeria,DZA,2011,125094570.0,200013000000.0,5455.679403,36593706.0,3.4184722913825674,Africa
Algeria,DZA,2012,135674290.0,209059000000.0,5592.220115,37331068.0,3.6343532952231636,Africa
Algeria,DZA,2013,140786380.0,209755000000.0,5499.587331,38068430.0,3.698244976217827,Africa
Algeria,DZA,2014,151282780.0,213810000000.0,5493.056695,38805792.0,3.8984587661553203,Africa
Algeria,DZA,2015,160087460.0,165979000000.0,4177.889542,39543154.0,4.048424159590305,Africa
Algeria,DZA,2016,158481630.0,160034000000.0,3946.452447,40324856.4,3.9301226129102846,Africa
Algeria,DZA,2017,165089600.0,170097000000.0,4109.698217,41106558.8,4.016137687497208,Africa
Algeria,DZA,2018,171276020.0,174911000000.0,4142.018558,41888261.2,4.088878723855933,Africa
Algeria,DZA,2019,178577220.0,171767000000.0,3989.668276,42669963.6,4.185080204755553,Africa
Algeria,DZA,2020,169892770.0,145009000000.0,3306.858208,43451666.0,3.9099253409524044,Africa
Andorra,AND,1970,0.0,78619206.09,3238.690261,19860.0,0.0,Europe
Andorra,AND,1971,0.0,89409820.36,3496.532023,21435.1,0.0,Europe
Andorra,AND,1972,0.0,113408231.9,4218.271599,23010.2,0.0,Europe
Andorra,AND,1973,0.0,150820102.8,5342.16856,24585.3,0.0,Europe
Andorra,AND,1974,0.0,186558696.3,6320.809632,26160.4,0.0,Europe
Andorra,AND,1975,0.0,220127246.4,7169.101006,27735.5,0.0,Europe
Andorra,AND,1976,0.0,227281024.6,7151.249909,29310.6,0.0,Europe
Andorra,AND,1977,0.0,254020153.3,7751.843307,30885.699999999997,0.0,Europe
Andorra,AND,1978,0.0,308008897.6,9127.81228,32460.800000000003,0.0,Europe
Andorra,AND,1979,0.0,411578334.2,11818.47334,34035.9,0.0,Europe
Andorra,AND,1980,0.0,446416105.8,12378.78451,35611.0,0.0,Europe
Andorra,AND,1981,0.0,388958731.3,10372.78605,37406.8,0.0,Europe
Andorra,AND,1982,0.0,375895956.4,9610.020616,39202.6,0.0,Europe
Andorra,AND,1983,0.0,327861832.9,8025.207641,40998.4,0.0,Europe
Andorra,AND,1984,0.0,330070689.3,7728.906695,42794.2,0.0,Europe
Andorra,AND,1985,0.0,346737964.8,7775.614217,44590.0,0.0,Europe
Andorra,AND,1986,0.0,482000594.0,10361.14777,46385.8,0.0,Europe
Andorra,AND,1987,0.0,611316399.4,12615.12618,48181.6,0.0,Europe
Andorra,AND,1988,0.0,721425939.2,14304.6406,49977.4,0.0,Europe
Andorra,AND,1989,0.0,795449332.4,15165.28126,51773.2,0.0,Europe
Andorra,AND,1990,406704.0,1029048482.0,18878.85231,53569.0,7.592152177565383,Europe
Andorra,AND,1991,406704.0,1106928583.0,19534.26363,54821.8,7.418654622796041,Europe
Andorra,AND,1992,406704.0,1210013652.0,20549.80558,56074.6,7.252909516964901,Europe
Andorra,AND,1993,410368.0,1007025755.0,16515.6584,57327.4,7.158322198460073,Europe
Andorra,AND,1994,406704.0,1017549124.0,16235.06804,58580.2,6.942687119538684,Europe
Andorra,AND,1995,425024.0,1178738991.0,18458.17399,59833.0,7.103504754901142,Europe
Andorra,AND,1996,454336.0,1223945357.0,19016.28819,61085.8,7.437669638442976,Europe
Andorra,AND,1997,465328.0,1180597273.0,18355.62786,62338.6,7.464524387779001,Europe
Andorra,AND,1998,490976.0,1211932398.0,18895.11066,63591.4,7.720792434197077,Europe
Andorra,AND,1999,512960.03,1239876305.0,19262.30899,64844.2,7.910653998352976,Europe
Andorra,AND,2000,523952.0,1429049198.0,21854.2468,66097.0,7.92701635475135,Europe
Andorra,AND,2001,523952.0,1546926174.0,22970.51221,66639.2,7.862519357975486,Europe
Andorra,AND,2002,531280.0,1755910032.0,25067.24006,67181.4,7.908141241474575,Europe
Andorra,AND,2003,534944.0,2361726862.0,32272.84589,67723.6,7.89893035810264,Europe
Andorra,AND,2004,560592.0,2894921778.0,37966.18725,68265.8,8.211901127651034,Europe
Andorra,AND,2005,575248.0,3159905484.0,40064.22493,68808.0,8.360190675502848,Europe
Andorra,AND,2006,545936.0,3456442103.0,42674.75897,69350.2,7.872161868314728,Europe
Andorra,AND,2007,538608.0,3952600602.0,47804.84993,69892.4,7.706245600380013,Europe
Andorra,AND,2008,538608.0,4085630584.0,48719.65877,70434.6,7.6469235290610005,Europe
Andorra,AND,2009,516623.97,3674409558.0,43504.21565,70976.8,7.278772359418852,Europe
Andorra,AND,2010,516623.97,3449925739.0,40849.76128,71519.0,7.223590514408758,Europe
Andorra,AND,2011,490976.0,3629133574.0,43333.97304,71564.4,6.860617849098156,Europe
Andorra,AND,2012,487312.0,3188652765.0,38684.56653,71609.8,6.8051020949646555,Europe
Andorra,AND,2013,476320.0,3193512950.0,39538.35521,71655.2,6.6473891636615345,Europe
Andorra,AND,2014,461664.0,3271685597.0,41302.38214,71700.6,6.4387745709240924,Europe
Andorra,AND,2015,465328.0,2789881259.0,35770.91865,71746.0,6.485769241490815,Europe
Andorra,AND,2016,468992.0,2896610480.0,37474.74584,72936.8,6.4301148391484135,Europe
Andorra,AND,2017,465328.0,3000162081.0,38964.66201,74127.6,6.27739195657218,Europe
Andorra,AND,2018,494640.0,3218419897.0,41793.31884,75318.4,6.567319539448528,Europe
Andorra,AND,2019,483648.0,3155149348.0,40898.41791,76509.2,6.321435853465989,Europe
Andorra,AND,2020,373728.0,2891001149.0,37416.69772,77700.0,4.80988416988417,Europe
Angola,AGO,1980,5334352.0,5930503401.0,710.9815629,8330047.0,0.64037477819753,Africa
Angola,AGO,1981,5266774.0,5550483036.0,642.3814789,8679906.1,0.606777762261737,Africa
Angola,AGO,1982,4635179.0,5550483036.0,619.9599034,9029765.2,0.5133222068720016,Africa
Angola,AGO,1983,5100535.0,5784341596.0,623.4400473,9379624.3,0.5437888381094326,Africa
Angola,AGO,1984,4985847.0,6131475065.0,637.715098,9729483.4,0.5124472487408736,Africa
Angola,AGO,1985,4676114.0,7553560459.0,758.2378806,10079342.5,0.4639304597497307,Africa
Angola,AGO,1986,4633840.0,7072063346.0,685.2697533,10429201.6,0.44431397318084254,Africa
Angola,AGO,1987,5786029.0,8083872012.0,756.2620653,10779060.7,0.5367841559701023,Africa
Angola,AGO,1988,5049306.0,8769250550.0,792.3030486,11128919.8,0.45371034123185966,Africa
Angola,AGO,1989,4922750.0,10201099039.0,890.5535922,11478778.9,0.42885659205440396,Africa
Angola,AGO,1990,5089864.0,11228764963.0,947.7042621,11828638.0,0.4303000903400713,Africa
Angola,AGO,1991,5064054.0,10603784541.0,865.6927296,12285180.4,0.4122083547100375,Africa
Angola,AGO,1992,5164449.0,8307810974.0,656.3620152,12741722.8,0.4053179527653827,Africa
Angola,AGO,1993,5748389.0,5768720422.0,441.200842,13198265.2,0.4355412558311073,Africa
Angola,AGO,1994,11353248.0,4438321017.0,328.6731487,13654807.6,0.8314469403435608,Africa
Angola,AGO,1995,12616650.0,5538749260.0,397.1794793,14111350.0,0.8940781711175756,Africa
Angola,AGO,1996,15248957.0,7526446606.0,522.6436984,14567892.4,1.0467510729280236,Africa
Angola,AGO,1997,15884249.0,7648377413.0,514.2951541,15024434.8,1.0572277234681733,Africa
Angola,AGO,1998,16513294.0,6506229607.0,423.5936878,15480977.2,1.0666829223157825,Africa
Angola,AGO,1999,17261278.0,6152922943.0,387.7842672,15937519.6,1.083059248441646,Africa
Angola,AGO,2000,15995108.0,9129594819.0,556.8361822,16394062.0,0.9756647254353435,Africa
Angola,AGO,2001,15908461.0,8936063723.0,527.3335285,17091074.3,0.9308052098281498,Africa
Angola,AGO,2002,16080002.0,15285594828.0,872.4944418,17788086.6,0.9039759228516461,Africa
Angola,AGO,2003,17484428.0,17812704825.0,982.9609819,18485098.9,0.9458660781090006,Africa
Angola,AGO,2004,17015688.0,23552047248.0,1255.564238,19182111.2,0.8870602314097731,Africa
Angola,AGO,2005,15386819.0,36970918699.0,1902.42215,19879123.5,0.7740189852937932,Africa
Angola,AGO,2006,17144838.0,52381006892.0,2599.565948,20576135.8,0.8332389602521966,Africa
Angola,AGO,2007,17587936.0,65266452081.0,3121.996085,21273148.1,0.8267669607395813,Africa
Angola,AGO,2008,18750156.0,88538610805.0,4080.941015,21970160.4,0.8534373740848975,Africa
Angola,AGO,2009,20668332.0,70307166934.0,3122.781743,22667172.7,0.9118178201377537,Africa
Angola,AGO,2010,22983320.0,81699556137.0,3497.974488,23364185.0,0.9836987680075294,Africa
Angola,AGO,2011,23397032.0,109437000000.0,4518.31335,24316892.2,0.9621719670246348,Africa
Angola,AGO,2012,25940960.0,124998000000.0,4978.434435,25269599.4,1.0265679162290164,Africa
Angola,AGO,2013,25709742.0,133402000000.0,5127.717243,26222306.6,0.9804531078131776,Africa
Angola,AGO,2014,24767724.0,137244000000.0,5094.112329,27175013.8,0.9114153237338927,Africa
Angola,AGO,2015,26030358.0,87219290029.0,3127.890598,28127721.0,0.9254343073155482,Africa
Angola,AGO,2016,23992706.0,49840494026.0,1728.023754,29187873.8,0.8220093784289282,Africa
Angola,AGO,2017,22617028.0,68972763787.0,2313.220584,30248026.6,0.7477191255842125,Africa
Angola,AGO,2018,21434458.0,77792940077.0,2524.942483,31308179.4,0.6846280560152916,Africa
Angola,AGO,2019,19222174.0,69309104807.0,2177.799015,32368332.2,0.5938574122765584,Africa
Angola,AGO,2020,16764786.0,53619071176.0,1631.431691,33428485.0,0.5015119889519373,Africa
Antigua and Barbuda,ATG,1977,465328.0,77496753.7,1246.69016,64776.4,7.183603905125941,North America
Antigua and Barbuda,ATG,1978,490976.0,87879341.48,1416.540531,64813.6,7.575200266610712,North America
Antigua and Barbuda,ATG,1979,406704.0,109079978.9,1760.831324,64850.8,6.2713798441962165,North America
Antigua and Barbuda,ATG,1980,142896.0,131431026.7,2124.618526,64888.0,2.2021945506102822,North America
Antigua and Barbuda,ATG,1981,106256.0,147841734.4,2392.686958,64732.0,1.6414756225668912,North America
Antigua and Barbuda,ATG,1982,293120.0,164369278.9,2660.558091,64576.0,4.539147670961348,North America
Antigua and Barbuda,ATG,1983,84272.0,182144093.0,2948.317275,64420.0,1.3081651660974853,North America
Antigua and Barbuda,ATG,1984,146560.0,208372846.3,3372.60207,64264.0,2.2805925557077056,North America
Antigua and Barbuda,ATG,1985,249152.0,240923924.8,3899.39184,64108.0,3.8864416297497972,North America
Antigua and Barbuda,ATG,1986,249152.0,290440140.7,4703.179401,63952.0,3.895921941456092,North America
Antigua and Barbuda,ATG,1987,274800.0,337174861.9,5463.595383,63796.0,4.307480092795786,North America
Antigua and Barbuda,ATG,1988,285792.0,398637727.8,6454.835451,63640.0,4.49076052796983,North America
Antigua and Barbuda,ATG,1989,285792.0,438794788.5,7076.536335,63484.0,4.501795728057464,North America
Antigua and Barbuda,ATG,1990,241824.0,459470370.4,7347.646369,63328.0,3.8185952501263265,North America
Antigua and Barbuda,ATG,1991,249152.0,481707407.4,7602.345334,64500.7,3.8627797837852924,North America
Antigua and Barbuda,ATG,1992,249152.0,499281481.5,7745.7218,65673.4,3.7938038840687405,North America
Antigua and Barbuda,ATG,1993,256480.02,535174074.1,8136.188547,66846.1,3.836873355364037,North America
Antigua and Barbuda,ATG,1994,267472.0,589429629.6,8771.143727,68018.8,3.9323245926126305,North America
Antigua and Barbuda,ATG,1995,271136.0,577281481.5,8406.358945,69191.5,3.918631623826626,North America
Antigua and Barbuda,ATG,1996,289456.0,633729629.6,9030.574978,70364.2,4.113682810292734,North America
Antigua and Barbuda,ATG,1997,311440.0,680618518.5,9491.660766,71536.9,4.353557394854963,North America
Antigua and Barbuda,ATG,1998,322432.0,727859259.3,9940.852228,72709.6,4.434517587773828,North America
Antigua and Barbuda,ATG,1999,344416.0,766200000.0,10260.59941,73882.3,4.661684869041705,North America
Antigua and Barbuda,ATG,2000,355408.0,826370370.4,10872.29295,75055.0,4.735300779428419,North America
Antigua and Barbuda,ATG,2001,370064.0,800481481.5,10367.31961,76119.0,4.861650836190702,North America
Antigua and Barbuda,ATG,2002,406704.0,814381481.5,10401.05088,77183.0,5.269346876902945,North America
Antigua and Barbuda,ATG,2003,428688.0,856396296.3,10797.95106,78247.0,5.478650938694135,North America
Antigua and Barbuda,ATG,2004,450672.0,919729629.6,11446.96914,79311.0,5.682339145894012,North America
Antigua and Barbuda,ATG,2005,479984.0,1022962963.0,12557.54785,80375.0,5.971807153965785,North America
Antigua and Barbuda,ATG,2006,516623.97,1157662963.0,13995.80442,81439.0,6.343692456930954,North America
Antigua and Barbuda,ATG,2007,534944.0,1312759259.0,15622.69287,82503.0,6.483933917554513,North America
Antigua and Barbuda,ATG,2008,538608.0,1370070370.0,16044.1058,83567.0,6.445223593045101,North America
Antigua and Barbuda,ATG,2009,556928.0,1228329630.0,14160.562,84631.0,6.580661932388841,North America
Antigua and Barbuda,ATG,2010,549600.0,1148700000.0,13048.96058,85695.0,6.413443024680553,North America
Antigua and Barbuda,ATG,2011,545936.0,1137637037.0,12746.63347,86544.2,6.308175475652903,North America
Antigua and Barbuda,ATG,2012,556928.0,1199948148.0,13272.73494,87393.4,6.372655143294574,North America
Antigua and Barbuda,ATG,2013,556928.0,1181448148.0,12910.59063,88242.6,6.311328088700922,North America
Antigua and Barbuda,ATG,2014,567920.0,1249733333.0,13501.58092,89091.8,6.374548499412965,North America
Antigua and Barbuda,ATG,2015,582576.0,1336692593.0,14285.32978,89941.0,6.477312905126694,North America
Antigua and Barbuda,ATG,2016,597232.0,1436585185.0,15198.74297,90485.6,6.600298832079358,North America
Antigua and Barbuda,ATG,2017,604560.0,1467977778.0,15383.5764,91030.2,6.641312443562686,North America
Antigua and Barbuda,ATG,2018,615552.0,1605944444.0,16679.59166,91574.8,6.721849242367988,North America
Antigua and Barbuda,ATG,2019,641200.0,1687533333.0,17376.64968,92119.4,6.9605316578266905,North America
Antigua and Barbuda,ATG,2020,619216.0,1370281481.0,13992.74448,92664.0,6.682379349046015,North America
Argentina,ARG,1970,82648000.0,31584210366.0,1322.590638,23842803.0,3.4663709631791195,South America
Argentina,ARG,1971,88847130.0,33293199095.0,1372.374174,24261003.0,3.6621375464155377,South America
Argentina,ARG,1972,90066640.0,34733000536.0,1408.86538,24679203.0,3.6494954881646704,South America
Argentina,ARG,1973,93975900.0,52544000117.0,2097.02283,25097403.0,3.744447184435776,South America
Argentina,ARG,1974,95480376.0,72436777342.0,2844.863312,25515603.0,3.7420387830928394,South America
Argentina,ARG,1975,94845480.0,52438647922.0,2027.337202,25933803.0,3.657214485665677,South America
Argentina,ARG,1976,99699160.0,51169499892.0,1948.224686,26352003.0,3.783361742938478,South America
Argentina,ARG,1977,100705870.0,56781000101.0,2129.708361,26770203.0,3.7618642637861206,South America
Argentina,ARG,1978,102555590.0,58082870156.0,2146.364959,27188403.0,3.772034348615474,South America
Argentina,ARG,1979,110616140.0,69252328952.0,2520.920716,27606603.0,4.00687255871358,South America
Argentina,ARG,1980,108656130.0,76961923741.0,2758.834816,28024803.0,3.877141616303244,South America
Argentina,ARG,1981,101968540.0,78676842367.0,2776.322088,28486088.4,3.579590801241774,South America
Argentina,ARG,1982,103351140.0,84307486837.0,2927.897357,28947373.8,3.5703114456621274,South America
Argentina,ARG,1983,105142040.0,103979000000.0,3553.377509,29408659.2,3.5752068560813544,South America
Argentina,ARG,1984,106451700.0,79092001998.0,2659.708242,29869944.6,3.5638398874030717,South America
Argentina,ARG,1985,100531220.0,88416668900.0,2926.126485,30331230.0,3.314445869818006,South America
Argentina,ARG,1986,104150060.0,110934000000.0,3613.621709,30792515.4,3.382317379631805,South America
Argentina,ARG,1987,114877224.0,111106000000.0,3562.876059,31253800.8,3.6756241180112723,South America
Argentina,ARG,1988,121404740.0,126207000000.0,3985.192469,31715086.2,3.8279807670836474,South America
Argentina,ARG,1989,117020424.0,76636898036.0,2383.867471,32176371.6,3.6368433785741083,South America
Argentina,ARG,1990,112079090.0,141352000000.0,4333.483372,32637657.0,3.4340421556608676,South America
Argentina,ARG,1991,117505740.0,189720000000.0,5735.359981,33080968.7,3.5520646649020287,South America
Argentina,ARG,1992,121230584.0,228789000000.0,6823.538837,33524280.4,3.6162024226476763,South America
Argentina,ARG,1993,117777490.0,236742000000.0,6969.119729,33967592.1,3.4673488086310362,South America
Argentina,ARG,1994,118469420.0,257440000000.0,7483.140334,34410903.8,3.442787224902823,South America
Argentina,ARG,1995,125239784.0,258032000000.0,7408.708664,34854215.5,3.5932463893786393,South America
Argentina,ARG,1996,131134840.0,272150000000.0,7721.354105,35297527.2,3.7151282370851177,South America
Argentina,ARG,1997,136523740.0,292859000000.0,8213.125127,35740838.9,3.819824721573617,South America
Argentina,ARG,1998,139005000.0,298948000000.0,8289.507568,36184150.6,3.8415990895195975,South America
Argentina,ARG,1999,147673550.0,283523000000.0,7774.736203,36627462.3,4.031771264699384,South America
Argentina,ARG,2000,142765220.0,284204000000.0,7708.099115,37070774.0,3.8511529324960954,South America
Argentina,ARG,2001,134422270.0,268697000000.0,7208.373114,37473708.9,3.5871087742798795,South America
Argentina,ARG,2002,124454620.0,97724004252.0,2593.404563,37876643.8,3.285787955689992,South America
Argentina,ARG,2003,133993820.0,127587000000.0,3349.8063,38279578.7,3.5003995485457104,South America
Argentina,ARG,2004,156712420.0,164658000000.0,4277.721573,38682513.6,4.051247073044395,South America
Argentina,ARG,2005,161189180.0,198737000000.0,5109.852245,39085448.5,4.124020222001546,South America
Argentina,ARG,2006,174209920.0,232557000000.0,5919.012338,39488383.4,4.411675156091602,South America
Argentina,ARG,2007,173482060.0,287531000000.0,7245.446857,39891318.3,4.348867557981908,South America
Argentina,ARG,2008,187243460.0,361558000000.0,9020.873323,40294253.2,4.646902352814917,South America
Argentina,ARG,2009,178110960.0,332976000000.0,8225.137583,40697188.1,4.3764930285195796,South America
Argentina,ARG,2010,185854340.0,423627000000.0,10385.96443,41100123.0,4.52198987336364,South America
Argentina,ARG,2011,189676100.0,530163000000.0,12848.8642,41531511.4,4.567040630262254,South America
Argentina,ARG,2012,191292110.0,545982000000.0,13082.66433,41962899.8,4.558600833396171,South America
Argentina,ARG,2013,189537740.0,552025000000.0,13080.25473,42394288.2,4.470831992881531,South America
Argentina,ARG,2014,188396530.0,526320000000.0,12334.79825,42825676.6,4.399148944210726,South America
Argentina,ARG,2015,191743840.0,594749000000.0,13789.06042,43257065.0,4.432659497356097,South America
Argentina,ARG,2016,189920450.0,557531000000.0,12790.24247,43612858.4,4.35468935005645,South America
Argentina,ARG,2017,186898880.0,643629000000.0,14613.04182,43968651.8,4.250730289619661,South America
Argentina,ARG,2018,180599310.0,524820000000.0,11795.15939,44324445.2,4.074485516628643,South America
Argentina,ARG,2019,178511620.0,452818000000.0,10076.35524,44680238.6,3.99531483253986,South America
Argentina,ARG,2020,166879580.0,389591000000.0,8585.694742,45036032.0,3.705468101630268,South America
Armenia,ARM,1990,8947546.0,2256838858.0,637.8559212,3556539.0,2.5158014575406034,Asia
Armenia,ARM,1991,7307800.0,2069870130.0,590.5058756,3517737.4,2.0774148746862116,Asia
Armenia,ARM,1992,5723698.0,1272835453.0,369.7072323,3478935.8,1.6452439277551487,Asia
Armenia,ARM,1993,2510247.0,1201312829.0,357.2028486,3440134.2,0.729694498546016,Asia
Armenia,ARM,1994,2684702.0,1315158637.0,400.5155938,3401332.6,0.789308872645974,Asia
Armenia,ARM,1995,3362694.0,1468317435.0,456.3749333,3362531.0,1.0000484753895205,Asia
Armenia,ARM,1996,2500312.0,1596968946.0,504.0598426,3323729.4,0.752260999346096,Asia
Armenia,ARM,1997,3252761.0,1639492445.0,523.2844107,3284927.8,0.9902077604262718,Asia
Armenia,ARM,1998,3419094.0,1893726437.0,609.1716537,3246126.2,1.053284373232316,Asia
Armenia,ARM,1999,3040204.0,1845482173.0,597.4328988,3207324.6,0.9478940796949582,Asia
Armenia,ARM,2000,3491407.0,1911563669.0,622.7409229,3168523.0,1.1019036314396329,Asia
Armenia,ARM,2001,3532701.0,2118467913.0,694.4234554,3146300.0,1.122811238597718,Asia
Armenia,ARM,2002,3076793.0,2376335048.0,783.241215,3124077.0,0.9848646496229126,Asia
Armenia,ARM,2003,3455560.0,2807061009.0,930.1254727,3101854.0,1.1140305120743916,Asia
Armenia,ARM,2004,3691197.0,3576615240.0,1191.921006,3079631.0,1.1985841810268827,Asia
Armenia,ARM,2005,4376169.0,4900469950.0,1643.756889,3057408.0,1.4313330114920875,Asia
Armenia,ARM,2006,4401590.0,6384451606.0,2158.148074,3035185.0,1.450188374020035,Asia
Armenia,ARM,2007,5100210.0,9206301700.0,3139.28071,3012962.0,1.692756164863679,Asia
Armenia,ARM,2008,5574790.0,11662040714.0,4010.861381,2990739.0,1.864017555527246,Asia
Armenia,ARM,2009,4363332.0,8647936748.0,2994.340471,2968516.0,1.4698697935264624,Asia
Armenia,ARM,2010,4252750.0,9260284938.0,3218.378299,2946293.0,1.443423990757199,Asia
Armenia,ARM,2011,4968878.0,10142111334.0,3525.807198,2932753.4,1.6942706468262896,Asia
Armenia,ARM,2012,5748252.0,10619320049.0,3681.844691,2919213.8,1.9691096280786287,Asia
Armenia,ARM,2013,5535004.0,11121465767.0,3838.17388,2905674.2,1.9048949121687488,Asia
Armenia,ARM,2014,5604113.0,11609512940.0,3986.231624,2892134.6,1.937708224229951,Asia
Armenia,ARM,2015,5469323.0,10553337673.0,3607.289299,2878595.0,1.8999973945622777,Asia
Armenia,ARM,2016,5203013.0,10546135160.0,3591.828052,2863997.6,1.8166960056111778,Asia
Armenia,ARM,2017,5540153.0,11527458566.0,3914.527854,2849400.2,1.9443225279481624,Asia
Armenia,ARM,2018,5825786.0,12457941907.0,4220.540321,2834802.8,2.0550939204660024,Asia
Armenia,ARM,2019,6284110.0,13619291361.0,4604.646324,2820205.4,2.228245502969394,Asia
Armenia,ARM,2020,6799022.0,12641209802.0,4266.018074,2805608.0,2.423368481983228,Asia
Aruba,ABW,1986,179536.0,405586592.2,6474.364948,64334.0,2.7906861068797215,North America
Aruba,ABW,1987,447008.0,487709497.2,7886.889893,64678.5,6.911230161491067,North America
Aruba,ABW,1988,611888.0,596648044.7,9769.584174,65023.0,9.410331728772896,North America
Aruba,ABW,1989,648528.0,695530726.3,11395.97802,65367.5,9.921260565265614,North America
Aruba,ABW,1990,487312.0,764804469.3,12305.38791,65712.0,7.415875334794253,North America
Aruba,ABW,1991,531280.0,872067039.1,13494.68516,68050.9,7.807097334495209,North America
Aruba,ABW,1992,538608.0,958659217.9,14048.34727,70389.8,7.651790458276625,North America
Aruba,ABW,1993,648528.0,1083240223.0,14942.27496,72728.7,8.917085002206832,North America
Aruba,ABW,1994,659520.0,1245810056.0,16241.57559,75067.6,8.785681172703002,North America
Aruba,ABW,1995,707152.0,1320670391.0,16441.79064,77406.5,9.13556355086459,North America
Aruba,ABW,1996,725472.0,1379888268.0,16583.00307,79745.4,9.0973523237704,North America
Aruba,ABW,1997,758448.0,1531843575.0,17926.78263,82084.3,9.239866819842527,North America
Aruba,ABW,1998,806080.0,1665363128.0,19080.69579,84423.2,9.548086308029072,North America
Aruba,ABW,1999,809744.0,1722905028.0,19356.52606,86762.1,9.332923015925155,North America
Aruba,ABW,2000,2377936.0,1873184358.0,20614.79935,89101.0,26.688095532036677,North America
Aruba,ABW,2001,2407248.0,1896648045.0,20417.77596,90225.0,26.680498753117206,North America
Aruba,ABW,2002,2436560.0,1962011173.0,20654.48852,91349.0,26.67308892270304,North America
Aruba,ABW,2003,2561136.0,2044134078.0,21070.07172,92473.0,27.696041006564077,North America
Aruba,ABW,2004,2616096.0,2254748603.0,22834.28465,93597.0,27.95063944357191,North America
Aruba,ABW,2005,2718688.0,2359776536.0,23591.15984,94721.0,28.702061844786268,North America
Aruba,ABW,2006,2715024.0,2469832402.0,24495.01539,95845.0,28.327236684229746,North America
Aruba,ABW,2007,2821280.0,2677653631.0,26452.23195,96969.0,29.09465911786241,North America
Aruba,ABW,2008,2656400.0,2843016760.0,28048.15177,98093.0,27.08042367956939,North America
Aruba,ABW,2009,2627088.0,2553631285.0,25170.83236,99217.0,26.47820433998206,North America
Aruba,ABW,2010,2506176.0,2453631285.0,24134.47386,100341.0,24.976589828684187,North America
Aruba,ABW,2011,2498848.0,2637988827.0,25849.96401,101124.2,24.71068250725346,North America
Aruba,ABW,2012,1348352.0,2615083799.0,25496.84394,101907.4,13.2311490627766,North America
Aruba,ABW,2013,861040.0,2727932961.0,26442.4268,102690.6,8.384798608636038,North America
Aruba,ABW,2014,872032.0,2791061453.0,26895.05717,103473.8,8.427563305880328,North America
Aruba,ABW,2015,897680.0,2963128492.0,28399.05013,104257.0,8.6102611815034,North America
Aruba,ABW,2016,883024.0,2983798883.0,28453.71556,104722.6,8.43202899851608,North America
Aruba,ABW,2017,890352.0,3092178771.0,29348.41897,105188.2,8.464371478930147,North America
Aruba,ABW,2018,872032.0,3202234637.0,30253.71423,105653.8,8.253673791193501,North America
Aruba,ABW,2019,890352.0,3310055866.0,31135.88436,106119.4,8.390096438539985,North America
Aruba,ABW,2020,890352.0,2496648045.0,23384.29879,106585.0,8.3534456067927,North America
Australia,AUS,1970,147861020.0,41337215814.0,3305.126394,12595034.0,11.739628491673782,Oceania
Australia,AUS,1971,151116060.0,45222309329.0,3495.579294,12806162.8,11.800260730716307,Oceania
Australia,AUS,1972,153598260.0,52051401869.0,3950.170894,13017291.6,11.799555907620599,Oceania
Australia,AUS,1973,170143800.0,63844971172.0,4771.671986,13228420.4,12.861989175971456,Oceania
Australia,AUS,1974,166182740.0,88981577008.0,6484.119872,13439549.2,12.365201951863089,Oceania
Australia,AUS,1975,173101520.0,97333060221.0,7005.906588,13650678.0,12.680800177104755,Oceania
Australia,AUS,1976,169803060.0,105101000000.0,7489.59416,13861806.8,12.249706149417692,Oceania
Australia,AUS,1977,181914660.0,110388000000.0,7778.164008,14072935.6,12.92656096571635,Oceania
Australia,AUS,1978,191051580.0,118536000000.0,8255.744543,14284064.4,13.375155323438614,Oceania
Australia,AUS,1979,192321940.0,134941000000.0,9297.333417,14495193.2,13.267980450236427,Oceania
Australia,AUS,1980,204370200.0,150032000000.0,10211.83719,14706322.0,13.896758142518571,Oceania
Australia,AUS,1981,213809920.0,176953000000.0,11854.5885,14940490.1,14.310770166769831,Oceania
Australia,AUS,1982,218000900.0,194105000000.0,12788.54929,15174658.2,14.36611600253375,Oceania
Australia,AUS,1983,207645390.0,177334000000.0,11538.39842,15408826.3,13.475743444521793,Oceania
Australia,AUS,1984,217516260.0,193594000000.0,12454.55172,15642994.4,13.90502703242034,Oceania
Australia,AUS,1985,224555890.0,180574000000.0,11459.17957,15877162.5,14.143326302794973,Oceania
Australia,AUS,1986,224040290.0,182368000000.0,11384.93824,16111330.6,13.905759590086246,Oceania
Australia,AUS,1987,234599840.0,189400000000.0,11645.45259,16345498.7,14.352565455834029,Oceania
Australia,AUS,1988,240737040.0,236066000000.0,14279.15944,16579666.8,14.520016771386503,Oceania
Australia,AUS,1989,256836640.0,299768000000.0,17828.04823,16813834.9,15.27531592450691,Oceania
Australia,AUS,1990,278160300.0,311327000000.0,18243.47142,17048003.0,16.31629816113946,Oceania
Australia,AUS,1991,279534000.0,325903000000.0,18855.762,17244999.0,16.209568930679556,Oceania
Australia,AUS,1992,284528770.0,325480000000.0,18604.18827,17441995.0,16.312856986829775,Oceania
Australia,AUS,1993,288873500.0,312126000000.0,17667.1871,17638991.0,16.376985508978375,Oceania
Australia,AUS,1994,293700930.0,322807000000.0,18079.38018,17835987.0,16.46676071248538,Oceania
Australia,AUS,1995,305055580.0,367916000000.0,20358.33336,18032983.0,16.916534552270136,Oceania
Australia,AUS,1996,311940480.0,401090000000.0,21904.29412,18229979.0,17.11140095114756,Oceania
Australia,AUS,1997,320332770.0,435324000000.0,23509.42347,18426975.0,17.383904303337907,Oceania
Australia,AUS,1998,334135550.0,399404000000.0,21345.97099,18623971.0,17.94115497709914,Oceania
Australia,AUS,1999,343959200.0,389099000000.0,20558.9604,18820967.0,18.275320285084184,Oceania
Australia,AUS,2000,350007680.0,415576000000.0,21697.70848,19017963.0,18.404057258918844,Oceania
Australia,AUS,2001,357783400.0,379084000000.0,19527.32358,19318083.5,18.520646729785593,Oceania
Australia,AUS,2002,362536540.0,395343000000.0,20117.78889,19618204.0,18.479598846051353,Oceania
Australia,AUS,2003,369441730.0,467391000000.0,23492.40517,19918324.5,18.547831671283394,Oceania
Australia,AUS,2004,382873440.0,614166000000.0,30513.94174,20218445.0,18.936839109041273,Oceania
Australia,AUS,2005,386205380.0,695075000000.0,34080.9999,20518565.5,18.822240765320558,Oceania
Australia,AUS,2006,392436350.0,747556000000.0,36117.48798,20818686.0,18.850197846300194,Oceania
Australia,AUS,2007,399676260.0,853955000000.0,41001.14298,21118806.5,18.92513480816257,Oceania
Australia,AUS,2008,404255700.0,1055130000000.0,49654.9106,21418927.0,18.873760576335126,Oceania
Australia,AUS,2009,407477150.0,928043000000.0,42783.32257,21719047.5,18.76128085267091,Oceania
Australia,AUS,2010,405512200.0,1147590000000.0,52087.97229,22019168.0,18.416327083748122,Oceania
Australia,AUS,2011,404256770.0,1397910000000.0,62574.1457,22379381.6,18.063804318882518,Oceania
Australia,AUS,2012,406579740.0,1546510000000.0,68027.84171,22739595.2,17.879814324926947,Oceania
Australia,AUS,2013,399288030.0,1576340000000.0,68156.62792,23099808.8,17.28533917562123,Oceania
Australia,AUS,2014,393049380.0,1467500000000.0,62511.69059,23460022.4,16.754007020896964,Oceania
Australia,AUS,2015,401378370.0,1350530000000.0,56707.02208,23820236.0,16.850310383154895,Oceania
Australia,AUS,2016,410253600.0,1206690000000.0,49881.76371,24190199.0,16.959496695335165,Oceania
Australia,AUS,2017,413655460.0,1326880000000.0,53934.25018,24560162.0,16.842537927885004,Oceania
Australia,AUS,2018,415350720.0,1428530000000.0,57180.7794,24930125.0,16.660595163481933,Oceania
Australia,AUS,2019,415811260.0,1391950000000.0,54875.28596,25300088.0,16.435170502173747,Oceania
Australia,AUS,2020,396685200.0,1327840000000.0,51680.31652,25670051.0,15.453229913723195,Oceania
Austria,AUT,1970,50631700.0,15373005557.0,2058.769051,7465301.0,6.782271739612375,Europe
Austria,AUT,1971,52069100.0,17858486067.0,2380.978458,7473527.0,6.9671388087579,Europe
Austria,AUT,1972,56071172.0,22059612477.0,2924.048879,7481753.0,7.494389616978801,Europe
Austria,AUT,1973,60015524.0,29515467707.0,3890.722419,7489979.0,8.012776003777848,Europe
Austria,AUT,1974,57294164.0,35189299912.0,4630.757197,7498205.0,7.6410506247828645,Europe
Austria,AUT,1975,54213684.0,40059206763.0,5285.620724,7506431.0,7.222298319933934,Europe
Austria,AUT,1976,58203790.0,42959976222.0,5678.386658,7514657.0,7.745368817232776,Europe
Austria,AUT,1977,55993692.0,51545758888.0,6810.627685,7522883.0,7.443116156399083,Europe
Austria,AUT,1978,57226484.0,62052259073.0,8205.468977,7531109.0,7.598679557021416,Europe
Austria,AUT,1979,61321330.0,73937296963.0,9793.765348,7539335.0,8.133519733504347,Europe
Austria,AUT,1980,52024932.0,82058912997.0,10869.54649,7547561.0,6.8929462113655,Europe
Austria,AUT,1981,55832892.0,71034228443.0,9385.249064,7560677.8,7.384641096595864,Europe
Austria,AUT,1982,53565290.0,71275287570.0,9410.347257,7573794.6,7.072450842540674,Europe
Austria,AUT,1983,51668240.0,72121016547.0,9537.40742,7586911.4,6.810181017798626,Europe
Austria,AUT,1984,54214052.0,67985344887.0,8991.06504,7600028.2,7.13340142606313,Europe
Austria,AUT,1985,54366320.0,69386774408.0,9172.09676,7613145.0,7.141111853248559,Europe
Austria,AUT,1986,53728532.0,99036164939.0,13083.07266,7626261.8,7.0451989990692425,Europe
Austria,AUT,1987,57373910.0,124168000000.0,16392.76952,7639378.6,7.510284933384503,Europe
Austria,AUT,1988,52937220.0,133339000000.0,17578.61894,7652495.4,6.917641531676059,Europe
Austria,AUT,1989,53696290.0,133106000000.0,17468.94614,7665612.2,7.004827350906168,Europe
Austria,AUT,1990,62167160.0,166463000000.0,21680.98962,7678729.0,8.096022141164248,Europe
Austria,AUT,1991,65765656.0,173794000000.0,22410.91177,7711898.9,8.527816151739229,Europe
Austria,AUT,1992,60266150.0,195078000000.0,24880.16412,7745068.8,7.781228489539047,Europe
Austria,AUT,1993,60692130.0,190380000000.0,24081.52779,7778238.7,7.802811451389374,Europe
Austria,AUT,1994,61066644.0,203535000000.0,25646.70066,7811408.6,7.817622547615804,Europe
Austria,AUT,1995,64044060.0,241038000000.0,30325.84958,7844578.5,8.164117421987683,Europe
Austria,AUT,1996,67388560.0,237251000000.0,29809.07677,7877748.4,8.554291985258123,Europe
Austria,AUT,1997,67285130.0,212790000000.0,26705.4786,7910918.3,8.505350131096664,Europe
Austria,AUT,1998,66920028.0,218260000000.0,27361.87511,7944088.2,8.423877771145593,Europe
Austria,AUT,1999,65671310.0,217259000000.0,27183.47593,7977258.1,8.232316063585808,Europe
Austria,AUT,2000,66171724.0,197290000000.0,24625.60072,8010428.0,8.260697680573372,Europe
Austria,AUT,2001,70171320.0,197509000000.0,24558.76368,8045668.1,8.721627480507182,Europe
Austria,AUT,2002,71974936.0,214395000000.0,26527.59309,8080908.2,8.90678797712366,Europe
Austria,AUT,2003,77401896.0,262274000000.0,32294.04886,8116148.3,9.536776946276351,Europe
Austria,AUT,2004,77699210.0,301458000000.0,36889.23351,8151388.4,9.532021563344964,Europe
Austria,AUT,2005,79097400.0,316092000000.0,38417.45779,8186628.5,9.661779571407203,Europe
Austria,AUT,2006,76817416.0,336280000000.0,40669.32696,8221868.6,9.34306053006004,Europe
Austria,AUT,2007,74117800.0,389186000000.0,46915.3374,8257108.7,8.97624128407078,Europe
Austria,AUT,2008,73495470.0,432052000000.0,51919.98358,8292348.8,8.863046137181302,Europe
Austria,AUT,2009,67315330.0,401759000000.0,48153.32402,8327588.9,8.083411754391477,Europe
Austria,AUT,2010,72017330.0,392275000000.0,46903.76159,8362829.0,8.611599017509505,Europe
Austria,AUT,2011,69909256.0,431685000000.0,51442.27625,8418747.4,8.303997338131323,Europe
Austria,AUT,2012,67282920.0,409402000000.0,48564.91734,8474665.8,7.939300686051832,Europe
Austria,AUT,2013,67776040.0,430191000000.0,50731.12725,8530584.2,7.945064301692257,Europe
Austria,AUT,2014,64175904.0,442585000000.0,51786.37717,8586502.6,7.474044670993287,Europe
Austria,AUT,2015,66365640.0,381971000000.0,44195.81759,8642421.0,7.679056597682524,Europe
Austria,AUT,2016,67226580.0,395837000000.0,45307.58786,8695492.2,7.731198930866732,Europe
Austria,AUT,2017,69608664.0,417261000000.0,47429.15846,8748563.4,7.956582220116276,Europe
Austria,AUT,2018,66571892.0,455168000000.0,51486.5755,8801634.6,7.563582791769156,Europe
Austria,AUT,2019,67956160.0,445012000000.0,50114.40111,8854705.8,7.674581350856399,Europe
Austria,AUT,2020,62121252.0,433258000000.0,48588.65938,8907777.0,6.973822088271855,Europe
Azerbaijan,AZE,1990,51151204.0,8858006036.0,1234.530889,7427836.0,6.88642075565481,Asia
Azerbaijan,AZE,1991,49752200.0,8792365811.0,1209.187602,7504086.1,6.630014546341626,Asia
Azerbaijan,AZE,1992,56174400.0,446305555.6,60.45821358,7580336.2,7.410542028465703,Asia
Azerbaijan,AZE,1993,48406096.0,1570000000.0,209.4785718,7656586.3,6.322151165461297,Asia
Azerbaijan,AZE,1994,41944856.0,1193312102.0,157.0860591,7732836.4,5.424252348077608,Asia
Azerbaijan,AZE,1995,33309350.0,2417355840.0,314.5612263,7809086.5,4.265460499124962,Asia
Azerbaijan,AZE,1996,31242310.0,3176333837.0,409.1631891,7885336.6,3.962076901067229,Asia
Azerbaijan,AZE,1997,29842898.0,3962238113.0,505.5003493,7961586.7,3.7483606125899502,Asia
Azerbaijan,AZE,1998,31784872.0,4446368571.0,561.9068079,8037836.8,3.954406240246132,Asia
Azerbaijan,AZE,1999,28821594.0,4581432039.0,573.9165123,8114086.9,3.552044038374792,Asia
Azerbaijan,AZE,2000,29765310.0,5272798391.0,655.1199452,8190337.0,3.634198446291038,Asia
Azerbaijan,AZE,2001,28415460.0,5707720391.0,703.6838434,8295023.5,3.425603315047872,Asia
Azerbaijan,AZE,2002,28570334.0,6235856820.0,763.080638,8399710.0,3.4013476655741686,Asia
Azerbaijan,AZE,2003,30487584.0,7276753895.0,883.7339715,8504396.5,3.584920340908376,Asia
Azerbaijan,AZE,2004,32253040.0,8680370408.0,1045.009379,8609083.0,3.746396683595686,Asia
Azerbaijan,AZE,2005,34193560.0,13245716099.0,1578.40239,8713769.5,3.924083601247428,Asia
Azerbaijan,AZE,2006,34521828.0,20982986344.0,2473.081819,8818456.0,3.914724754537529,Asia
Azerbaijan,AZE,2007,30036786.0,33050343783.0,3851.437869,8923142.5,3.3661667960586756,Asia
Azerbaijan,AZE,2008,33036510.0,48852482960.0,5574.603802,9027829.0,3.6594080370817834,Asia
Azerbaijan,AZE,2009,29102576.0,44291490421.0,4950.294791,9132515.5,3.186698779761173,Asia
Azerbaijan,AZE,2010,27549052.0,52909294792.0,5843.533768,9237202.0,2.982402246914163,Asia
Azerbaijan,AZE,2011,30209808.0,65951627200.0,7189.691229,9362457.6,3.2266963751056132,Asia
Azerbaijan,AZE,2012,32773342.0,69683935845.0,7496.294648,9487713.2,3.4542930745419245,Asia
Azerbaijan,AZE,2013,33555224.0,74164435946.0,7875.756953,9612968.8,3.490620296198194,Asia
Azerbaijan,AZE,2014,34348428.0,75244294275.0,7891.313147,9738224.4,3.5271756522677786,Asia
Azerbaijan,AZE,2015,34682950.0,53074370486.0,5500.310382,9863480.0,3.516299521061532,Asia
Azerbaijan,AZE,2016,34727330.0,37867518957.0,3880.738731,9947774.2,3.4909648431706466,Asia
Azerbaijan,AZE,2017,34607044.0,40865558912.0,4147.089716,10032068.4,3.4496419502083935,Asia
Azerbaijan,AZE,2018,34575828.0,47112941176.0,4739.84171,10116362.6,3.4178122480505,Asia
Azerbaijan,AZE,2019,37737896.0,48174235294.0,4805.753718,10200656.8,3.699555503131916,Asia
Azerbaijan,AZE,2020,36149228.0,42693000000.0,4229.910649,10284951.0,3.514769102934958,Asia
Bahamas,BHS,1970,2568770.0,538423153.7,3178.86332,179129.0,14.340335735698854,North America
Bahamas,BHS,1971,6723746.0,573400000.0,3297.411067,183591.3,36.623445664364276,North America
Bahamas,BHS,1972,6481298.0,590900000.0,3322.219911,188053.6,34.46516312370515,North America
Bahamas,BHS,1973,7862745.0,670900000.0,3696.03182,192515.9,40.84205512375861,North America
Bahamas,BHS,1974,7379751.0,632400000.0,3416.439318,196978.2,37.46481082678184,North America
Bahamas,BHS,1975,8246118.5,596200000.0,3156.250827,201440.5,40.935752740883785,North America
Bahamas,BHS,1976,6457396.0,642100000.0,3328.615937,205902.8,31.36138022406689,North America
Bahamas,BHS,1977,9708689.0,713000000.0,3617.45307,210365.1,46.15161450259573,North America
Bahamas,BHS,1978,6597044.0,832400000.0,4131.386427,214827.4,30.70857814226677,North America
Bahamas,BHS,1979,6915653.0,1139800100.0,5533.251938,219289.7,31.53660659848593,North America
Bahamas,BHS,1980,7972125.0,1335300000.0,6340.787031,223752.0,35.629290464442775,North America
Bahamas,BHS,1981,2798440.0,1426500000.0,6624.992453,228444.7,12.249966840990401,North America
Bahamas,BHS,1982,2258485.0,1578300000.0,7168.160885,233137.4,9.687356039828874,North America
Bahamas,BHS,1983,2014374.0,1732800000.0,7698.083032,237830.1,8.469802602782407,North America
Bahamas,BHS,1984,1853984.0,2041100000.0,8877.705915,242522.8,7.644576097587526,North America
Bahamas,BHS,1985,1509568.0,2320699900.0,9893.042003,247215.5,6.106283788840101,North America
Bahamas,BHS,1986,1410640.0,2472500000.0,10344.32265,251908.2,5.599817711372634,North America
Bahamas,BHS,1987,1421632.0,2713999900.0,11156.55725,256600.9,5.540245572014752,North America
Bahamas,BHS,1988,1538880.0,2817900000.0,11387.70908,261293.6,5.8894668679217554,North America
Bahamas,BHS,1989,1945584.0,3062000000.0,12163.43977,265986.3,7.3146022934263915,North America
Bahamas,BHS,1990,2022527.9,3166000000.0,12356.231,270679.0,7.472053243879281,North America
Bahamas,BHS,1991,1996880.0,3111160000.0,11919.83357,276112.5,7.232124586898456,North America
Bahamas,BHS,1992,1868640.0,3109000000.0,11686.73974,281546.0,6.637068187791693,North America
Bahamas,BHS,1993,1744064.0,3092000000.0,11406.85813,286979.5,6.077312142504953,North America
Bahamas,BHS,1994,1769712.0,3259000000.0,11814.43471,292413.0,6.0520975469626865,North America
Bahamas,BHS,1995,1839328.0,3429000000.0,12238.60461,297846.5,6.175422575051243,North America
Bahamas,BHS,1996,1813680.0,3609000000.0,12708.64145,303280.0,5.980216301767344,North America
Bahamas,BHS,1997,1608496.0,6332360000.0,22036.10068,308713.5,5.2103196005357715,North America
Bahamas,BHS,1998,1989552.0,6833220000.0,23514.17756,314147.0,6.333187966143239,North America
Bahamas,BHS,1999,2033520.0,7683870000.0,26130.01296,319580.5,6.363091615414582,North America
Bahamas,BHS,2000,2026192.0,8076470000.0,27098.15632,325014.0,6.2341683742854155,North America
Bahamas,BHS,2001,1945584.0,8317830000.0,27486.23677,329839.8,5.898572579779639,North America
Bahamas,BHS,2002,2037184.0,8881160000.0,28867.0825,334665.6,6.087222588757255,North America
Bahamas,BHS,2003,2070159.9,8870090000.0,28327.81367,339491.4,6.097827220365523,North America
Bahamas,BHS,2004,2048176.0,9055290000.0,28396.01371,344317.2,5.948514915897317,North America
Bahamas,BHS,2005,1905280.0,9836200000.0,30279.39221,349143.0,5.457019043772895,North America
Bahamas,BHS,2006,1853984.0,10167250000.0,30713.79806,353968.8,5.237704566052149,North America
Bahamas,BHS,2007,1872304.0,10618340000.0,31472.28554,358794.6,5.21831710956631,North America
Bahamas,BHS,2008,1916272.0,10526000000.0,30627.32775,363620.4,5.269979352093556,North America
Bahamas,BHS,2009,2154432.0,9981960000.0,28552.51716,368446.2,5.8473448769453995,North America
Bahamas,BHS,2010,2227712.0,10095760000.0,28443.88848,373272.0,5.968066182301378,North America
Bahamas,BHS,2011,2114128.0,10070450000.0,28005.9124,377157.0,5.605432220534154,North America
Bahamas,BHS,2012,2051840.1,10720500000.0,29485.86422,381042.0,5.384813485127624,North America
Bahamas,BHS,2013,2029856.0,10562800000.0,28768.77237,384927.0,5.273353129294645,North America
Bahamas,BHS,2014,2136112.0,11176100000.0,30154.73862,388812.0,5.493945660113371,North America
Bahamas,BHS,2015,2246032.0,11861900000.0,31699.35863,392697.0,5.7195038413840695,North America
Bahamas,BHS,2016,2209392.0,11834600000.0,31314.84456,395451.8,5.587007063819156,North America
Bahamas,BHS,2017,2509840.0,12357600000.0,32371.00818,398206.6,6.302858867733484,North America
Bahamas,BHS,2018,2421904.0,12755800000.0,33077.39183,400961.4,6.040242277685582,North America
Bahamas,BHS,2019,2454880.0,13192800000.0,33872.33431,403716.2,6.0807071898526734,North America
Bahamas,BHS,2020,2183744.0,9699500000.0,24665.09683,406471.0,5.372447234858083,North America
Bahrain,BHR,1980,7881264.0,3072698328.0,8537.71587,362595.0,21.735721672940883,Asia
Bahrain,BHR,1981,8518800.0,3467819149.0,9269.269617,378077.3,22.531900222520633,Asia
Bahrain,BHR,1982,9830512.0,3645744681.0,9446.084577,393559.6,24.978458154749624,Asia
Bahrain,BHR,1983,8222016.5,3735106383.0,9421.356947,409041.9,20.10067061589534,Asia
Bahrain,BHR,1984,9200304.0,3905585106.0,9590.541794,424524.2,21.672036600033636,Asia
Bahrain,BHR,1985,10185920.0,3651861702.0,8706.766601,440006.5,23.14947620091976,Asia
Bahrain,BHR,1986,11002992.0,3052393617.0,7041.634447,455488.8,24.156449071854237,Asia
Bahrain,BHR,1987,11420688.0,3392021011.0,7554.932192,470971.1,24.249233127043254,Asia
Bahrain,BHR,1988,12142559.0,3702393617.0,7958.747925,486453.4,24.961402263813962,Asia
Bahrain,BHR,1989,11716746.0,3863563830.0,8031.00482,501935.7,23.343121439658507,Asia
Bahrain,BHR,1990,11555729.0,4229787234.0,8529.052127,517418.0,22.333449937961184,Asia
Bahrain,BHR,1991,11391223.0,4616223404.0,9055.644407,536820.4,21.219802749671956,Asia
Bahrain,BHR,1992,10492517.0,4751063830.0,9082.827988,556222.8,18.863874332371847,Asia
Bahrain,BHR,1993,16839962.0,5200265957.0,9698.15289,575625.2,29.25508125773507,Asia
Bahrain,BHR,1994,14443015.0,5567553457.0,10130.3762,595027.6,24.272848856086675,Asia
Bahrain,BHR,1995,14823117.0,5849467819.0,10376.9533,614430.0,24.12498901420829,Asia
Bahrain,BHR,1996,16018644.0,6101861436.0,10544.79468,633832.4,25.272680916911156,Asia
Bahrain,BHR,1997,17288858.0,6349202394.0,10672.23776,653234.8,26.466529339833087,Asia
Bahrain,BHR,1998,18366356.0,6183776596.0,10076.26988,672637.2,27.304995917561506,Asia
Bahrain,BHR,1999,18314830.0,6621010372.0,10401.56215,692039.6,26.465002869777972,Asia
Bahrain,BHR,2000,19233764.0,9062898936.0,13636.41675,711442.0,27.034900947652794,Asia
Bahrain,BHR,2001,15374893.0,8976196809.0,12868.17692,761662.3,20.18597086924218,Asia
Bahrain,BHR,2002,15868013.0,9593510638.0,13049.90973,811882.6,19.544713730778316,Asia
Bahrain,BHR,2003,16769491.0,11074813830.0,14222.0368,862102.9,19.45184385761839,Asia
Bahrain,BHR,2004,17883504.0,13150159574.0,15846.50595,912323.2,19.60215853329171,Asia
Bahrain,BHR,2005,19804052.0,15968723404.0,17959.39683,962543.5,20.574708571612607,Asia
Bahrain,BHR,2006,19421150.0,18504760638.0,19307.50894,1012763.8,19.17638643877279,Asia
Bahrain,BHR,2007,26771124.0,21730000000.0,20976.44229,1062984.1,25.18487717737264,Asia
Bahrain,BHR,2008,29681318.0,25710904255.0,23066.45098,1113204.4,26.66295426069103,Asia
Bahrain,BHR,2009,28098070.0,22938218085.0,19355.92101,1163424.7,24.151171966694537,Asia
Bahrain,BHR,2010,29075436.0,25713271277.0,20722.07049,1213645.0,23.95711760852638,Asia
Bahrain,BHR,2011,28467646.0,28776595745.0,22514.20272,1243344.4,22.896026233761138,Asia
Bahrain,BHR,2012,27118990.0,30749308511.0,23654.36959,1273043.8,21.30247993038417,Asia
Bahrain,BHR,2013,31157658.0,32539468085.0,24744.29696,1302743.2,23.916960764024715,Asia
Bahrain,BHR,2014,30899728.0,33387712766.0,24989.43753,1332442.6,23.19028827208016,Asia
Bahrain,BHR,2015,32459652.0,31050638298.0,22634.08565,1362142.0,23.829859148311996,Asia
Bahrain,BHR,2016,31559504.0,32234973404.0,22608.45256,1385207.4,22.78323375979655,Asia
Bahrain,BHR,2017,32835182.0,35473776596.0,23742.93734,1408272.8,23.31592430103031,Asia
Bahrain,BHR,2018,32636948.0,37802005319.0,24086.30169,1431338.2,22.801702630447508,Asia
Bahrain,BHR,2019,37583132.0,38653318085.0,23552.37995,1454403.6,25.840923386053223,Asia
Bahrain,BHR,2020,37395950.0,34723357447.0,20406.50233,1477469.0,25.310818704148783,Asia
Bangladesh,BGD,1970,3803195.0,8992721809.0,140.0027053,67541860.0,0.056308709887468306,Asia
Bangladesh,BGD,1971,3605832.0,8751842840.0,133.5514189,69180650.5,0.052121973036376695,Asia
Bangladesh,BGD,1972,3505921.0,6288245867.0,94.38167705,70819441.0,0.04950506457682997,Asia
Bangladesh,BGD,1973,4549694.0,8086725729.0,119.5597239,72458231.5,0.06279057473269962,Asia
Bangladesh,BGD,1974,4653084.0,12512460520.0,182.0200185,74097022.0,0.0627971796221446,Asia
Bangladesh,BGD,1975,4856723.0,19448348073.0,277.5706052,75735812.5,0.06412716573153553,Asia
Bangladesh,BGD,1976,5555798.0,10117113333.0,141.1971589,77374603.0,0.07180389668687541,Asia
Bangladesh,BGD,1977,5784754.0,9651149302.0,131.3732273,79013393.5,0.07321232190843695,Asia
Bangladesh,BGD,1978,5984423.0,13281767143.0,176.0339474,80652184.0,0.07420038371186576,Asia
Bangladesh,BGD,1979,6612648.0,15565480322.0,200.769677,82290974.5,0.08035690475387432,Asia
Bangladesh,BGD,1980,7597219.0,18138049096.0,227.7519265,83929765.0,0.09051876887776344,Asia
Bangladesh,BGD,1981,7886136.0,20249694002.0,247.6496168,86251553.6,0.09143181393082757,Asia
Bangladesh,BGD,1982,8552288.0,18525399202.0,220.718797,88573342.2,0.09655600418338961,Asia
Bangladesh,BGD,1983,8188282.0,17609048822.0,204.4176901,90895130.8,0.0900849355508051,Asia
Bangladesh,BGD,1984,9077160.0,18920840000.0,213.9966386,93216919.4,0.09737674296067758,Asia
Bangladesh,BGD,1985,10189161.0,22278423077.0,245.4539123,95538708.0,0.10664955820838608,Asia
Bangladesh,BGD,1986,11405807.0,21774033333.0,233.6580722,97860496.6,0.11655169753144294,Asia
Bangladesh,BGD,1987,11799727.0,24298032258.0,253.9744737,100182285.2,0.11778256980706206,Asia
Bangladesh,BGD,1988,13478441.0,26579005760.0,270.6996009,102504073.8,0.13149175930605794,Asia
Bangladesh,BGD,1989,13382363.0,28781714764.0,285.8292169,104825862.4,0.12766279898499552,Asia
Bangladesh,BGD,1990,14081596.0,31598341233.0,306.2687008,107147651.0,0.1314223491469729,Asia
Bangladesh,BGD,1991,14741983.0,30957483950.0,293.1604211,109352218.6,0.1348119241542302,Asia
Bangladesh,BGD,1992,15379904.0,31708874594.0,293.6449876,111556786.2,0.13786614444437983,Asia
Bangladesh,BGD,1993,16062897.0,33166519418.0,300.5557477,113761353.8,0.14119818781551807,Asia
Bangladesh,BGD,1994,17538016.0,33768660883.0,299.5330371,115965921.4,0.1512342228498863,Asia
Bangladesh,BGD,1995,21041714.0,37939748769.0,329.4240761,118170489.0,0.17806234177468794,Asia
Bangladesh,BGD,1996,21492816.0,46438484108.0,394.7174919,120375056.6,0.1785487509378251,Asia
Bangladesh,BGD,1997,23125868.0,48244309133.0,401.4986674,122579624.2,0.1886599681711212,Asia
Bangladesh,BGD,1998,23197800.0,49984559471.0,407.4291762,124784191.8,0.18590335574862457,Asia
Bangladesh,BGD,1999,25074988.0,51270569884.0,409.5431838,126988759.4,0.19745832716592393,Asia
Bangladesh,BGD,2000,26524610.0,53369787319.0,418.0689421,129193327.0,0.20530944295598177,Asia
Bangladesh,BGD,2001,31034908.0,53991289844.0,415.0344043,131113108.2,0.23670331995073549,Asia
Bangladesh,BGD,2002,31981244.0,54724081491.0,413.0802826,133032889.4,0.240401032738901,Asia
Bangladesh,BGD,2003,33459294.0,60158929188.0,446.3106757,134952670.6,0.24793354478455207,Asia
Bangladesh,BGD,2004,35945412.0,65108544250.0,475.2919302,136872451.8,0.26261977138046705,Asia
Bangladesh,BGD,2005,37676584.0,69442943089.0,499.4619402,138792233.0,0.27146032011748095,Asia
Bangladesh,BGD,2006,41689170.0,71819083684.0,509.6401899,140712014.2,0.29627299585624156,Asia
Bangladesh,BGD,2007,42642130.0,79611888213.0,558.0518407,142631795.4,0.298966509398647,Asia
Bangladesh,BGD,2008,45300870.0,91631278239.0,634.9870697,144551576.6,0.31338897205774235,Asia
Bangladesh,BGD,2009,49148070.0,102478000000.0,702.2644196,146471357.8,0.3355473093047274,Asia
Bangladesh,BGD,2010,53991556.0,115279000000.0,781.1535777,148391139.0,0.3638462266941694,Asia
Bangladesh,BGD,2011,56556344.0,128638000000.0,861.7621622,150278911.2,0.37634251904268523,Asia
Bangladesh,BGD,2012,60707800.0,133356000000.0,883.1171296,152166683.4,0.39895592545983033,Asia
Bangladesh,BGD,2013,61798984.0,149990000000.0,981.8608514,154054455.6,0.4011502540404291,Asia
Bangladesh,BGD,2014,66008996.0,172885000000.0,1118.873808,155942227.8,0.4232913491825849,Asia
Bangladesh,BGD,2015,73157550.0,195079000000.0,1248.45331,157830000.0,0.46352119368941264,Asia
Bangladesh,BGD,2016,76203280.0,265236000000.0,1678.95323,159748190.2,0.47702124139619834,Asia
Bangladesh,BGD,2017,80741780.0,293755000000.0,1839.583378,161666380.4,0.49943457508126404,Asia
Bangladesh,BGD,2018,82555700.0,321379000000.0,1991.483267,163584570.6,0.5046667891549914,Asia
Bangladesh,BGD,2019,100791880.0,351238000000.0,2154.226819,165502760.8,0.6090042215174938,Asia
Bangladesh,BGD,2020,93614960.0,373902000000.0,2270.347535,167420951.0,0.5591591699894238,Asia
Barbados,BRB,1974,490976.0,311809337.5,1274.548372,246268.2,1.9936638185522937,North America
Barbados,BRB,1975,567920.0,402178605.0,1633.823012,247486.0,2.294756067009851,North America
Barbados,BRB,1976,531280.0,435911268.6,1760.660094,248703.8,2.136195747712741,North America
Barbados,BRB,1977,589904.0,495097667.9,1988.895188,249921.6,2.3603562077067366,North America
Barbados,BRB,1978,630208.0,552883707.1,2209.767015,251139.4,2.5093951805252384,North America
Barbados,BRB,1979,600896.0,670362452.1,2667.079584,252357.2,2.381132775288361,North America
Barbados,BRB,1980,674176.0,1012280615.0,4010.81119,253575.0,2.6586848072562357,North America
Barbados,BRB,1981,685168.0,1114204743.0,4398.824866,254104.3,2.6964045866205333,North America
Barbados,BRB,1982,644864.0,1163923830.0,4580.97053,254633.6,2.5325173111482537,North America
Barbados,BRB,1983,685168.0,1236016507.0,4851.099555,255162.9,2.685217952923407,North America
Barbados,BRB,1984,746995.0,1346890071.0,5271.729836,255692.2,2.921461820110273,North America
Barbados,BRB,1985,845711.0,1409536121.0,5500.414114,256221.5,3.300702712301661,North America
Barbados,BRB,1986,915407.0,1547755183.0,6019.653244,256750.8,3.5653520845894153,North America
Barbados,BRB,1987,941049.0,1704370308.0,6605.779219,257280.1,3.6576828134006476,North America
Barbados,BRB,1988,944787.0,1812757918.0,6999.876116,257809.4,3.66467242854605,North America
Barbados,BRB,1989,988686.0,2006165167.0,7717.177449,258338.7,3.8270921081510436,North America
Barbados,BRB,1990,1275266.0,2012131457.0,7711.295456,258868.0,4.926317659965696,North America
Barbados,BRB,1991,1418175.0,2020583702.0,7714.742746,259446.9,5.466147408197978,North America
Barbados,BRB,1992,1361827.0,1957000000.0,7444.178173,260025.8,5.237276454874863,North America
Barbados,BRB,1993,1096878.0,2063342117.0,7819.570003,260604.7,4.208972439867738,North America
Barbados,BRB,1994,1163526.0,2151344901.0,8121.561919,261183.6,4.454820287338102,North America
Barbados,BRB,1995,1282955.0,2216974096.0,8335.899293,261762.5,4.9012177068907885,North America
Barbados,BRB,1996,1339005.0,2363645403.0,8851.046458,262341.4,5.104055250143515,North America
Barbados,BRB,1997,1540428.0,2498384130.0,9315.967566,262920.3,5.858916181063235,North America
Barbados,BRB,1998,1572115.0,2817083478.0,10459.44247,263499.2,5.966298948915215,North America
Barbados,BRB,1999,1653427.0,2951822205.0,10914.28224,264078.1,6.26112880999977,North America
Barbados,BRB,2000,1748824.0,3059500000.0,11268.42006,264657.0,6.607888701224604,North America
Barbados,BRB,2001,1651888.0,3054500000.0,11209.42112,265662.4,6.217996976613928,North America
Barbados,BRB,2002,1657568.0,3106500000.0,11361.51677,266667.8,6.215853582622274,North America
Barbados,BRB,2003,1699495.0,3209500000.0,11699.37047,267673.2,6.349141415726341,North America
Barbados,BRB,2004,1720192.0,3444500000.0,12512.57797,268678.6,6.402415376587492,North America
Barbados,BRB,2005,1762496.0,3819500000.0,13822.74175,269684.0,6.53541181530977,North America
Barbados,BRB,2006,1775152.0,4217450803.0,15199.39022,270689.4,6.557892551389156,North America
Barbados,BRB,2007,1802221.0,4674007452.0,16770.68777,271694.8,6.633255402753384,North America
Barbados,BRB,2008,2081465.0,4784925079.0,17092.31451,272700.2,7.632796015551143,North America
Barbados,BRB,2009,2000142.1,4465657315.0,15885.96981,273705.6,7.307640399027277,North America
Barbados,BRB,2010,1845064.0,4529928302.0,16056.11685,274711.0,6.716381943205769,North America
Barbados,BRB,2011,1941506.0,4657699461.0,16459.05805,275385.4,7.050141365519014,North America
Barbados,BRB,2012,1803368.0,4610095998.0,16250.01233,276059.8,6.532526648211729,North America
Barbados,BRB,2013,1822085.0,4677248302.0,16452.15271,276734.2,6.584242207865887,North America
Barbados,BRB,2014,1690056.0,4696344342.0,16488.52573,277408.6,6.092298508409617,North America
Barbados,BRB,2015,1686392.0,4724691213.0,16558.86478,278083.0,6.064347694753005,North America
Barbados,BRB,2016,1693720.0,4832811756.0,16909.88655,278605.0,6.079287880691301,North America
Barbados,BRB,2017,1644597.0,4981588900.0,17404.20747,279127.0,5.891930913168558,North America
Barbados,BRB,2018,1655590.0,5097283213.0,17782.87473,279649.0,5.920242875890849,North America
Barbados,BRB,2019,1666716.0,5304164323.0,18480.05659,280171.0,5.948924049955206,North America
Barbados,BRB,2020,1233549.0,4689534962.0,16318.74811,280693.0,4.394655370814378,North America
Belarus,BLR,1990,108345060.0,21650000000.0,2124.767944,10428525.0,10.389298582493689,Europe
Belarus,BLR,1991,104071656.0,18000000000.0,1765.735895,10411320.8,9.99600895978539,Europe
Belarus,BLR,1992,93482970.0,17037037037.0,1667.605057,10394116.6,8.993835031637033,Europe
Belarus,BLR,1993,80561816.0,16280991736.0,1590.088117,10376912.4,7.763563273406837,Europe
Belarus,BLR,1994,67879400.0,14932024169.0,1460.0655,10359708.2,6.552250187896219,Europe
Belarus,BLR,1995,60905644.0,13972676841.0,1370.699283,10342504.0,5.888868305006215,Europe
Belarus,BLR,1996,61734784.0,14756846154.0,1452.507105,10325299.8,5.978982227712168,Europe
Belarus,BLR,1997,61588412.0,14128408566.0,1396.442019,10308095.6,5.974761429259543,Europe
Belarus,BLR,1998,60073450.0,15222012660.0,1511.325316,10290891.4,5.837536095269647,Europe
Belarus,BLR,1999,57965508.0,12138486532.0,1210.61172,10273687.2,5.642132845936755,Europe
Belarus,BLR,2000,54905984.0,12736856828.0,1276.288034,10256483.0,5.353295471751867,Europe
Belarus,BLR,2001,54002984.0,12354820144.0,1244.373185,10203977.4,5.292346492260949,Europe
Belarus,BLR,2002,53844144.0,14594249023.0,1479.314583,10151471.8,5.304072656735351,Europe
Belarus,BLR,2003,55087984.0,17827791321.0,1819.766059,10098966.2,5.454814176920406,Europe
Belarus,BLR,2004,58253532.0,23144351852.0,2378.623286,10046460.6,5.798413423330402,Europe
Belarus,BLR,2005,59310290.0,30207567317.0,3125.810535,9993955.0,5.934616475659536,Europe
Belarus,BLR,2006,61743588.0,36954312354.0,3847.434124,9941449.4,6.210722955548111,Europe
Belarus,BLR,2007,60218140.0,45277399814.0,4735.657608,9888943.8,6.089441017957853,Europe
Belarus,BLR,2008,62836412.0,60763483146.0,6377.369732,9836438.2,6.388126547676577,Europe
Belarus,BLR,2009,60577744.0,50874078052.0,5352.583912,9783932.6,6.191553690793005,Europe
Belarus,BLR,2010,62445120.0,57222490769.0,6033.686239,9731427.0,6.416851300431067,Europe
Belarus,BLR,2011,61307590.0,61757788945.0,6527.173869,9725263.4,6.303951623562195,Europe
Belarus,BLR,2012,62545264.0,65685102555.0,6953.132515,9719099.8,6.435293935349856,Europe
Belarus,BLR,2013,64125556.0,75527984234.0,7998.125239,9712936.2,6.602077340938367,Europe
Belarus,BLR,2014,63648870.0,78813839984.0,8341.399679,9706772.6,6.557160924940181,Europe
Belarus,BLR,2015,58798910.0,56454734397.0,5967.052204,9700609.0,6.061362745369904,Europe
Belarus,BLR,2016,58134484.0,47722657821.0,5039.681886,9687235.2,6.00114302995348,Europe
Belarus,BLR,2017,59381852.0,54726595249.0,5785.670673,9673861.4,6.138381515368827,Europe
Belarus,BLR,2018,62156932.0,60031262269.0,6360.062473,9660487.6,6.434140239463689,Europe
Belarus,BLR,2019,62096344.0,64409647194.0,6837.717826,9647113.8,6.436779464548246,Europe
Belarus,BLR,2020,59055548.0,61489588895.0,6555.426818,9633740.0,6.130074924172751,Europe
Belgium,BEL,1970,125490456.0,26706196047.0,2765.890997,9629376.0,13.032044444001356,Europe
Belgium,BEL,1971,121370504.0,29821661870.0,3082.927989,9649337.0,12.578118475911868,Europe
Belgium,BEL,1972,130637680.0,37209418019.0,3831.6319,9669298.0,13.510565089626983,Europe
Belgium,BEL,1973,138639170.0,47743801490.0,4900.962201,9689259.0,14.30854206704558,Europe
Belgium,BEL,1974,134950100.0,56033077879.0,5733.798139,9709220.0,13.899170067214461,Europe
Belgium,BEL,1975,121823030.0,65678189097.0,6701.377361,9729181.0,12.521406478099236,Europe
Belgium,BEL,1976,129677600.0,71113882968.0,7243.047341,9749142.0,13.301437193139662,Europe
Belgium,BEL,1977,126199330.0,82839905459.0,8426.946959,9769103.0,12.918210607463141,Europe
Belgium,BEL,1978,135450270.0,101247000000.0,10289.76842,9789064.0,13.836896969924807,Europe
Belgium,BEL,1979,139786510.0,116315000000.0,11810.61588,9809025.0,14.25080576306004,Europe
Belgium,BEL,1980,134835790.0,126829000000.0,12864.00257,9828986.0,13.71817906750503,Europe
Belgium,BEL,1981,123573624.0,104730000000.0,10622.80248,9842043.4,12.555687775162625,Europe
Belgium,BEL,1982,117101900.0,92095926188.0,9343.8611,9855100.8,11.882364511177805,Europe
Belgium,BEL,1983,101201840.0,87184239053.0,8846.234298,9868158.2,10.255392946578421,Europe
Belgium,BEL,1984,104966536.0,83349530159.0,8457.268803,9881215.6,10.622836323903307,Europe
Belgium,BEL,1985,104004500.0,86268264148.0,8750.818513,9894273.0,10.511585843649149,Europe
Belgium,BEL,1986,102366760.0,120019000000.0,12170.0407,9907330.4,10.33242618011407,Europe
Belgium,BEL,1987,102588710.0,149394000000.0,15135.85231,9920387.8,10.34119956479927,Europe
Belgium,BEL,1988,99742824.0,162299000000.0,16391.09383,9933445.2,10.041110812188304,Europe
Belgium,BEL,1989,106792080.0,164221000000.0,16525.06174,9946502.6,10.736646265995045,Europe
Belgium,BEL,1990,120292800.0,205332000000.0,20600.37528,9959560.0,12.078123933185804,Europe
Belgium,BEL,1991,123362620.0,210511000000.0,21041.66065,9990038.3,12.348563268270953,Europe
Belgium,BEL,1992,122488490.0,234782000000.0,23372.61917,10020516.6,12.223769980082665,Europe
Belgium,BEL,1993,121423870.0,224722000000.0,22283.93602,10050994.9,12.080781177194707,Europe
Belgium,BEL,1994,124796744.0,244884000000.0,24208.55479,10081473.2,12.378820190684037,Europe
Belgium,BEL,1995,125936296.0,288026000000.0,28413.82644,10111951.5,12.454202930067455,Europe
Belgium,BEL,1996,129478744.0,279201000000.0,27489.55518,10142429.8,12.766047835992909,Europe
Belgium,BEL,1997,123990620.0,252708000000.0,24820.93805,10172908.1,12.188316141379476,Europe
Belgium,BEL,1998,130223496.0,258528000000.0,25338.44329,10203386.4,12.7627721714038,Europe
Belgium,BEL,1999,124681140.0,258246000000.0,25252.80191,10233864.7,12.183192142456212,Europe
Belgium,BEL,2000,126721544.0,236792000000.0,23098.88651,10264343.0,12.345801772212795,Europe
Belgium,BEL,2001,126066060.0,236746000000.0,23015.07126,10325703.4,12.208956147239325,Europe
Belgium,BEL,2002,126863016.0,258384000000.0,25006.1914,10387063.8,12.213558946273151,Europe
Belgium,BEL,2003,128248340.0,318083000000.0,30655.20927,10448424.2,12.274419333012915,Europe
Belgium,BEL,2004,128770830.0,369215000000.0,35429.40779,10509784.6,12.252470902210499,Europe
Belgium,BEL,2005,125627920.0,385715000000.0,36809.70134,10571145.0,11.884040943530715,Europe
Belgium,BEL,2006,123872980.0,408260000000.0,38705.1068,10632505.4,11.650403676258655,Europe
Belgium,BEL,2007,120463270.0,470922000000.0,44319.16545,10693865.8,11.264707473699547,Europe
Belgium,BEL,2008,120170040.0,517328000000.0,48303.39796,10755226.2,11.173176441421568,Europe
Belgium,BEL,2009,107765100.0,483254000000.0,44760.29124,10816586.6,9.962948939917885,Europe
Belgium,BEL,2010,114604104.0,481421000000.0,44184.94635,10877947.0,10.535453427011548,Europe
Belgium,BEL,2011,105068560.0,523330000000.0,47410.56693,10952018.2,9.593534094017485,Europe
Belgium,BEL,2012,102404520.0,496153000000.0,44670.56068,11026089.4,9.287474124779,Europe
Belgium,BEL,2013,102714744.0,521791000000.0,46757.95186,11100160.6,9.253446657339355,Europe
Belgium,BEL,2014,97029240.0,535390000000.0,47764.07151,11174231.8,8.683302954212923,Europe
Belgium,BEL,2015,101145630.0,462336000000.0,41008.29672,11248303.0,8.992079071838658,Europe
Belgium,BEL,2016,99623020.0,476063000000.0,42012.62272,11310985.8,8.80763372543532,Europe
Belgium,BEL,2017,99055040.0,502765000000.0,44198.48239,11373668.6,8.709154757683022,Europe
Belgium,BEL,2018,99967320.0,543347000000.0,47549.20805,11436351.4,8.74118995678989,Europe
Belgium,BEL,2019,99470264.0,535376000000.0,46599.11134,11499034.2,8.65031464990338,Europe
Belgium,BEL,2020,91101384.0,521677000000.0,45189.3669,11561717.0,7.879572212327979,Europe
Belize,BLZ,1970,120912.0,53233532.93,435.6833377,120905.0,1.000057896695753,North America
Belize,BLZ,1971,142896.0,59207317.07,474.4366126,123327.8,1.1586681997084194,North America
Belize,BLZ,1972,157552.0,66062500.0,519.5553353,125750.6,1.252892630333374,North America
Belize,BLZ,1973,146560.0,78343558.28,605.9334407,128173.4,1.1434509812488396,North America
Belize,BLZ,1974,153888.0,103216374.3,786.0810652,130596.2,1.1783497529024582,North America
Belize,BLZ,1975,175872.0,118066298.3,885.9579357,133019.0,1.3221569850923551,North America
Belize,BLZ,1976,175872.0,96905829.6,717.061406,135441.8,1.2985060741957064,North America
Belize,BLZ,1977,197856.0,117650000.0,858.8218118,137864.6,1.4351472386675042,North America
Belize,BLZ,1978,216176.0,136300000.0,980.7519338,140287.4,1.5409509335834866,North America
Belize,BLZ,1979,208848.0,151800000.0,1074.294773,142710.2,1.4634412957167742,North America
Belize,BLZ,1980,190528.0,197938222.4,1373.216845,145133.0,1.3127820688609757,North America
Belize,BLZ,1981,183200.0,196089854.7,1328.774121,148878.6,1.2305327965201176,North America
Belize,BLZ,1982,172208.0,182206327.0,1202.793176,152624.2,1.128313858483779,North America
Belize,BLZ,1983,172208.0,192103186.0,1232.853202,156369.8,1.1012868213683205,North America
Belize,BLZ,1984,172208.0,214381949.0,1337.03762,160115.4,1.07552427811441,North America
Belize,BLZ,1985,190528.0,212643742.7,1289.390744,163861.0,1.1627415919590385,North America
Belize,BLZ,1986,205184.0,231638320.5,1366.041674,167606.6,1.2242000016705785,North America
Belize,BLZ,1987,227168.0,281082558.6,1612.331335,171352.2,1.3257372826260765,North America
Belize,BLZ,1988,249152.0,320093360.3,1788.00132,175097.8,1.4229304994123284,North America
Belize,BLZ,1989,300448.0,369133890.7,2011.946797,178843.4,1.6799501686950706,North America
Belize,BLZ,1990,311440.0,412086445.5,2197.161593,182589.0,1.7056887326180656,North America
Belize,BLZ,1991,406704.0,444720750.0,2326.724165,188370.7,2.159061892321895,North America
Belize,BLZ,1992,355408.0,518559700.0,2668.531422,194152.4,1.83056197090533,North America
Belize,BLZ,1993,377392.0,560205300.0,2834.688425,199934.1,1.887581958255245,North America
Belize,BLZ,1994,373728.0,581269550.0,2882.152083,205715.8,1.8167199602558481,North America
Belize,BLZ,1995,377392.0,620422500.0,2997.760458,211497.5,1.7843804300287238,North America
Belize,BLZ,1996,307776.0,641660000.0,3003.182627,217279.2,1.416500060751328,North America
Belize,BLZ,1997,388384.0,654582900.0,2954.227237,223060.9,1.7411567872271654,North America
Belize,BLZ,1998,370064.0,689140000.0,2993.033599,228842.6,1.6171114993449647,North America
Belize,BLZ,1999,348080.0,732732350.0,3066.095138,234624.3,1.483563296725872,North America
Belize,BLZ,2000,395712.0,832072450.0,3364.491731,240406.0,1.6460154904619686,North America
Belize,BLZ,2001,447008.0,871590369.3,3417.090224,248576.0,1.798274974253347,North America
Belize,BLZ,2002,432352.0,932292858.9,3553.121378,256746.0,1.6839678125462518,North America
Belize,BLZ,2003,432352.0,990727709.5,3677.152002,264916.0,1.632034305213728,North America
Belize,BLZ,2004,392048.0,1057653620.0,3824.927382,273086.0,1.4356210131606892,North America
Belize,BLZ,2005,421360.0,1111453824.0,3916.355378,281256.0,1.4981369286344113,North America
Belize,BLZ,2006,443344.0,1211148305.0,4157.193035,289426.0,1.5318043299496245,North America
Belize,BLZ,2007,476320.0,1283112550.0,4290.901445,297596.0,1.6005591473003669,North America
Belize,BLZ,2008,436016.0,1352588868.0,4408.382931,305766.0,1.4259793436811157,North America
Belize,BLZ,2009,516623.97,1320605472.0,4196.995031,313936.0,1.6456346835023699,North America
Belize,BLZ,2010,538608.0,1387925188.0,4304.111108,322106.0,1.6721451944390977,North America
Belize,BLZ,2011,553264.0,1466822039.0,4441.738755,329659.0,1.6782918106285587,North America
Belize,BLZ,2012,450672.0,1531348953.0,4530.604801,337212.0,1.3364648944877406,North America
Belize,BLZ,2013,439680.0,1581844936.0,4575.680956,344765.0,1.2753034675793657,North America
Belize,BLZ,2014,468992.0,1676406802.0,4744.108945,352318.0,1.331161053366561,North America
Belize,BLZ,2015,641200.0,1734320479.0,4805.196852,359871.0,1.7817495713741869,North America
Belize,BLZ,2016,626544.0,1796928937.0,4877.670506,366881.0,1.7077581014007266,North America
Belize,BLZ,2017,615552.0,1844906693.0,4909.604664,373891.0,1.6463407784621722,North America
Belize,BLZ,2018,604560.0,1887465218.0,4927.194224,380901.0,1.587184071451637,North America
Belize,BLZ,2019,707152.0,1945250236.0,4983.336114,387911.0,1.8229748576348699,North America
Belize,BLZ,2020,613332.0,1585631670.0,3987.796596,394921.0,1.5530498504764243,North America
Benin,BEN,1970,282128.0,333627758.2,114.5566751,3023443.0,0.09331348399820999,Africa
Benin,BEN,1971,293120.0,335072975.2,112.5699756,3104492.6,0.0944180056992244,Africa
Benin,BEN,1972,388384.0,410331901.0,134.8195851,3185542.2,0.12192084600229122,Africa
Benin,BEN,1973,381056.0,504376035.7,161.9870615,3266591.8,0.11665246940251305,Africa
Benin,BEN,1974,406704.0,554654787.0,174.0140945,3347641.4,0.12148971511703734,Africa
Benin,BEN,1975,443344.0,676870140.3,207.3003128,3428691.0,0.12930415718418486,Africa
Benin,BEN,1976,260144.0,698408244.4,208.6564032,3509740.6,0.07412057745806057,Africa
Benin,BEN,1977,296784.0,750049739.2,218.453984,3590790.2,0.08265144535595535,Africa
Benin,BEN,1978,362736.0,928843304.8,263.5814315,3671839.8,0.09878862362132466,Africa
Benin,BEN,1979,366400.0,1186231265.0,327.8223122,3752889.4,0.0976314409905072,Africa
Benin,BEN,1980,479826.0,1405251547.0,378.0443051,3833939.0,0.12515222594830017,Africa
Benin,BEN,1981,387291.0,1291119965.0,337.9783717,3963887.0,0.09770485384674185,Africa
Benin,BEN,1982,442545.0,1267778489.0,322.7774529,4093835.0,0.10810035089347764,Africa
Benin,BEN,1983,404411.0,1095348303.0,271.1298442,4223783.0,0.09574615930790005,Africa
Benin,BEN,1984,448296.0,1051133927.0,252.869785,4353731.0,0.10296823574998087,Africa
Benin,BEN,1985,686373.0,1045712703.0,244.4109417,4483679.0,0.15308254672111898,Africa
Benin,BEN,1986,624003.0,1336102041.0,303.3490356,4613627.0,0.13525215627531223,Africa
Benin,BEN,1987,473696.0,1562412030.0,344.5031468,4743575.0,0.09986054821521742,Africa
Benin,BEN,1988,508050.03,1620246187.0,346.7366313,4873523.0,0.1042469749296351,Africa
Benin,BEN,1989,570164.0,1502294411.0,311.6780452,5003471.0,0.11395369334607915,Africa
Benin,BEN,1990,579346.0,1959965244.0,393.686768,5133419.0,0.11285772698468603,Africa
Benin,BEN,1991,619650.0,1986437860.0,385.7538407,5319879.4,0.11647820437433223,Africa
Benin,BEN,1992,670946.0,1695315306.0,317.962736,5506339.8,0.12184972674588662,Africa
Benin,BEN,1993,807422.0,2274557914.0,411.9261797,5692800.2,0.14183213385918586,Africa
Benin,BEN,1994,911527.0,1598075932.0,279.666749,5879260.6,0.15504109479345074,Africa
Benin,BEN,1995,956267.0,2169627251.0,367.3877143,6065721.0,0.157651003071193,Africa
Benin,BEN,1996,1183806.0,2361116588.0,387.4320982,6252181.4,0.18934287479246842,Africa
Benin,BEN,1997,1223975.0,2268301538.0,361.0999824,6438641.8,0.19009832166777782,Africa
Benin,BEN,1998,1113856.0,2455092582.0,379.4417675,6625102.2,0.16812661395623452,Africa
Benin,BEN,1999,1461936.0,3677394292.0,551.8214294,6811562.6,0.21462564258016217,Africa
Benin,BEN,2000,1472928.0,3519991326.0,512.673902,6998023.0,0.21047773063906763,Africa
Benin,BEN,2001,1689104.0,3666222600.0,518.0674741,7242791.7,0.23321173243184667,Africa
Benin,BEN,2002,2110055.0,4194342849.0,574.9297982,7487560.4,0.28180807730111934,Africa
Benin,BEN,2003,2393998.0,5349258334.0,711.2849548,7732329.1,0.3096089120159151,Africa
Benin,BEN,2004,2593600.0,6190270756.0,798.7443045,7977097.8,0.325130776258002,Africa
Benin,BEN,2005,2489730.0,6567654494.0,822.7851431,8221866.5,0.30281810097500367,Africa
Benin,BEN,2006,3351106.0,7034111651.0,856.0549166,8466635.2,0.39580139226974137,Africa
Benin,BEN,2007,3930960.0,8169048690.0,966.2036183,8711403.9,0.4512429965507626,Africa
Benin,BEN,2008,3918994.0,9787735426.0,1125.426134,8956172.6,0.43757463986346135,Africa
Benin,BEN,2009,4224517.0,9738626993.0,1088.757906,9200941.3,0.4591396534613257,Africa
Benin,BEN,2010,4679390.0,9535344283.0,1036.534515,9445710.0,0.4953984401384332,Africa
Benin,BEN,2011,4479719.0,10693321954.0,1130.273251,9743124.6,0.4597825835050904,Africa
Benin,BEN,2012,4402539.0,11141358945.0,1145.140105,10040539.2,0.43847635194731377,Africa
Benin,BEN,2013,4565975.0,12517845732.0,1251.209767,10337953.8,0.44167105873504675,Africa
Benin,BEN,2014,4796000.0,13284528654.0,1291.410185,10635368.4,0.45094817778009455,Africa
Benin,BEN,2015,5328876.0,11388160958.0,1076.796698,10932783.0,0.4874217296730393,Africa
Benin,BEN,2016,6494014.0,11821066153.0,1087.287331,11274851.0,0.5759733764996097,Africa
Benin,BEN,2017,6804151.0,12701654743.0,1136.593872,11616919.0,0.5857104624728812,Africa
Benin,BEN,2018,7434497.0,14262407011.0,1241.825298,11958987.0,0.6216661160347444,Africa
Benin,BEN,2019,7116143.0,14391686633.0,1219.515506,12301055.0,0.5784985921939215,Africa
Benin,BEN,2020,7744662.0,15651545332.0,1291.040972,12643123.0,0.6125592545449412,Africa
Bermuda,BMU,1970,227168.0,186300000.0,3387.272727,52019.0,4.367019742786289,North America
Bermuda,BMU,1971,230832.0,211100000.0,3866.300366,52173.6,4.424306545839275,North America
Bermuda,BMU,1972,252815.98,235400000.0,4343.173432,52328.2,4.831352502092562,North America
Bermuda,BMU,1973,425024.0,269500000.0,5009.29368,52482.8,8.098348411289031,North America
Bermuda,BMU,1974,443344.0,312600000.0,5853.932584,52637.4,8.42260445994673,North America
Bermuda,BMU,1975,458000.0,345000000.0,6509.433962,52792.0,8.675556902560993,North America
Bermuda,BMU,1976,468992.0,386300000.0,7261.278195,52946.6,8.85783034226938,North America
Bermuda,BMU,1977,454336.0,447000000.0,8370.786517,53101.2,8.556040164817368,North America
Bermuda,BMU,1978,425024.0,475800000.0,8876.865672,53255.8,7.980802091039849,North America
Bermuda,BMU,1979,461664.0,517200000.0,9613.3829,53410.4,8.643709839282238,North America
Bermuda,BMU,1980,436016.0,613299968.0,11218.21782,53565.0,8.1399421263885,North America
Bermuda,BMU,1981,388384.0,739100032.0,13425.97697,53955.5,7.19822816951006,North America
Bermuda,BMU,1982,395712.0,785500032.0,14166.17129,54346.0,7.281345453207228,North America
Bermuda,BMU,1983,450672.0,889400000.0,15902.02038,54736.5,8.233482228494697,North America
Bermuda,BMU,1984,443344.0,985699968.0,17469.82557,55127.0,8.042229760371505,North America
Bermuda,BMU,1985,450672.0,1039500032.0,18269.53552,55517.5,8.117656594767416,North America
Bermuda,BMU,1986,421360.0,1173500032.0,20450.66453,55908.0,7.536667382127781,North America
Bermuda,BMU,1987,571584.0,1296499968.0,22411.79567,56298.5,10.152739415792606,North America
Bermuda,BMU,1988,644864.0,1415100032.0,24253.17552,56689.0,11.375469667836795,North America
Bermuda,BMU,1989,780432.0,1501500032.0,25517.92172,57079.5,13.672719627887421,North America
Bermuda,BMU,1990,501968.03,1592400000.0,26841.51974,57470.0,8.734435879589352,North America
Bermuda,BMU,1991,538608.0,1634900000.0,27700.31006,57860.1,9.308798291050309,North America
Bermuda,BMU,1992,461664.0,1679900000.0,28669.68171,58250.2,7.9255350196222505,North America
Bermuda,BMU,1993,538608.0,1820359900.0,30900.69428,58640.3,9.184946188883753,North America
Bermuda,BMU,1994,531280.0,1867160100.0,31476.06372,59030.4,9.00010841871307,North America
Bermuda,BMU,1995,531280.0,2030750000.0,33989.72316,59420.5,8.94102203784889,North America
Bermuda,BMU,1996,527616.0,2695390000.0,44826.78907,59810.6,8.821446365694376,North America
Bermuda,BMU,1997,523952.0,2932827000.0,48478.88325,60200.7,8.703420392121687,North America
Bermuda,BMU,1998,520288.0,3130748000.0,51371.74081,60590.8,8.58691418499178,North America
Bermuda,BMU,1999,512960.03,3324433000.0,54245.45974,60980.9,8.411814682958108,North America
Bermuda,BMU,2000,516623.97,3480219000.0,56284.16865,61371.0,8.4180471232341,North America
Bermuda,BMU,2001,527616.0,3680483000.0,58883.95943,61578.6,8.5681714101977,North America
Bermuda,BMU,2002,556928.0,3937228000.0,62583.1002,61786.2,9.013792723941593,North America
Bermuda,BMU,2003,560592.0,4186525000.0,66111.72523,61993.8,9.042710722685172,North America
Bermuda,BMU,2004,582576.0,4484703000.0,70359.31911,62201.4,9.365962823987884,North America
Bermuda,BMU,2005,582576.0,4868136000.0,75882.03386,62409.0,9.33480747969043,North America
Bermuda,BMU,2006,652192.0,6144000000.0,95221.85887,62616.6,10.415640580932212,North America
Bermuda,BMU,2007,729136.0,6767000000.0,104287.3875,62824.2,11.605973494290417,North America
Bermuda,BMU,2008,648528.0,6980000000.0,106935.4863,63031.8,10.288901792428582,North America
Bermuda,BMU,2009,476320.0,6656000000.0,101407.764,63239.4,7.53201327020813,North America
Bermuda,BMU,2010,608224.0,6634526000.0,101875.2841,63447.0,9.586331899065362,North America
Bermuda,BMU,2011,443344.0,6312691000.0,97774.16207,63386.4,6.9943079272525335,North America
Bermuda,BMU,2012,366400.0,6378188000.0,98431.86518,63325.8,5.785951381585388,North America
Bermuda,BMU,2013,534944.0,6465756000.0,99471.6389,63265.2,8.455580635167518,North America
Bermuda,BMU,2014,670512.0,6413988000.0,98467.68399,63204.6,10.608594944038883,North America
Bermuda,BMU,2015,538608.0,6654541000.0,102005.6256,63144.0,8.52983656404409,North America
Bermuda,BMU,2016,619216.0,6899911000.0,106885.8785,63321.4,9.778937294500754,North America
Bermuda,BMU,2017,633872.0,7142316000.0,111820.5815,63498.8,9.982424864721853,North America
Bermuda,BMU,2018,696160.0,7225977000.0,113050.7369,63676.2,10.932813201792822,North America
Bermuda,BMU,2019,593568.0,7423465000.0,116153.1661,63853.6,9.295764060287908,North America
Bermuda,BMU,2020,458000.0,6881662000.0,107706.0398,64031.0,7.152785369586606,North America
Bhutan,BTN,1980,21984.0,128717410.9,316.3499358,415257.0,0.05294070900671151,Asia
Bhutan,BTN,1981,55349.0,139150441.3,332.8105995,429575.5,0.12884580242588323,Asia
Bhutan,BTN,1982,62680.996,141366534.5,329.573352,443894.0,0.1412071260255827,Asia
Bhutan,BTN,1983,86749.0,156687192.1,356.2505646,458212.5,0.18932045721144666,Asia
Bhutan,BTN,1984,108740.0,160459970.5,355.4158972,472531.0,0.23012246815552842,Asia
Bhutan,BTN,1985,119740.0,163272314.8,351.6798951,486849.5,0.24594869667114785,Asia
Bhutan,BTN,1986,112419.0,191230747.1,399.4935001,501168.0,0.22431400249018293,Asia
Bhutan,BTN,1987,160059.0,242770861.6,491.1278109,515486.5,0.3105008569574567,Asia
Bhutan,BTN,1988,167395.0,272241005.2,534.2961879,529805.0,0.31595587055614804,Asia
Bhutan,BTN,1989,119770.0,264725207.0,506.9683935,544123.5,0.22011547010926746,Asia
Bhutan,BTN,1990,185730.0,287658184.0,541.9322571,558442.0,0.33258601609477795,Asia
Bhutan,BTN,1991,185738.0,240319995.6,449.5012422,561318.5,0.33089591738023955,Asia
Bhutan,BTN,1992,215057.0,240215763.9,449.4004282,564195.0,0.3811749483777772,Asia
Bhutan,BTN,1993,181786.0,225998091.2,424.3378418,567071.5,0.3205698046895321,Asia
Bhutan,BTN,1994,212410.0,258985597.7,486.9019801,569948.0,0.37268312196902176,Asia
Bhutan,BTN,1995,248966.0,290464801.1,543.3016187,572824.5,0.4346287562770098,Asia
Bhutan,BTN,1996,298272.0,303435517.9,560.391079,575701.0,0.5181022787870787,Asia
Bhutan,BTN,1997,390105.0,352260952.9,638.4858666,578577.5,0.6742484801085421,Asia
Bhutan,BTN,1998,382195.0,363452787.2,643.9882263,581454.0,0.6573090906589343,Asia
Bhutan,BTN,1999,385869.0,399268801.7,690.9127435,584330.5,0.6603608745393232,Asia
Bhutan,BTN,2000,396871.0,424464089.9,718.196337,587207.0,0.6758621746675363,Asia
Bhutan,BTN,2001,384229.0,461444513.7,764.4328082,599037.9,0.6414101678708476,Asia
Bhutan,BTN,2002,416511.0,520849551.5,845.5006721,610868.8,0.6818338078487557,Asia
Bhutan,BTN,2003,376217.0,604041957.9,962.0953713,622699.7,0.6041708386883758,Asia
Bhutan,BTN,2004,307913.0,682523857.0,1068.431811,634530.6,0.4852610733036358,Asia
Bhutan,BTN,2005,395860.0,796938120.2,1228.432356,646361.5,0.6124436557561055,Asia
Bhutan,BTN,2006,393510.0,874989895.6,1330.977444,658192.4,0.59786469731343,Asia
Bhutan,BTN,2007,393522.0,1168308517.0,1757.190496,670023.3,0.5873258437430459,Asia
Bhutan,BTN,2008,422152.0,1227808791.0,1828.154677,681854.2,0.6191235604327142,Asia
Bhutan,BTN,2009,389881.0,1234014292.0,1819.19731,693685.1,0.5620432095197087,Asia
Bhutan,BTN,2010,487768.0,1547991318.0,2258.186435,705516.0,0.6913634843150261,Asia
Bhutan,BTN,2011,732023.0,1777101317.0,2563.261224,713067.6,1.0265828934030938,Asia
Bhutan,BTN,2012,835194.0,1781281282.0,2538.949519,720619.2,1.1589949310259844,Asia
Bhutan,BTN,2013,918201.0,1756215665.0,2472.724753,728170.8,1.2609692671005208,Asia
Bhutan,BTN,2014,1028223.06,1907090813.0,2652.225654,735722.4,1.3975693277790646,Asia
Bhutan,BTN,2015,1056506.0,2003598213.0,2752.630172,743274.0,1.4214219789741065,Asia
Bhutan,BTN,2016,1261386.0,2158972129.0,2930.574923,749120.4,1.6838227873650216,Asia
Bhutan,BTN,2017,1341511.0,2450364928.0,3286.596744,754966.8,1.7769138987303812,Asia
Bhutan,BTN,2018,1477737.0,2446866405.0,3243.477437,760813.2,1.942312515082546,Asia
Bhutan,BTN,2019,1458625.0,2535657069.0,3322.863329,766659.6,1.9025718845756319,Asia
Bhutan,BTN,2020,919762.0,2315436303.0,3000.777986,772506.0,1.1906211731688816,Asia
Bolivia,BOL,1970,2483717.0,1017003367.0,226.8069714,4585693.0,0.5416230436708258,South America
Bolivia,BOL,1971,3058935.0,1095622896.0,239.1274987,4700732.5,0.6507358161733304,South America
Bolivia,BOL,1972,3568142.0,1257615645.0,268.5840154,4815772.0,0.7409283495979461,South America
Bolivia,BOL,1973,3454469.0,1262968516.0,263.8927461,4930811.5,0.7005883311499537,South America
Bolivia,BOL,1974,3512944.0,2100249875.0,429.2975596,5045851.0,0.6962044658076507,South America
Bolivia,BOL,1975,4054978.8,2404697651.0,480.8036551,5160890.5,0.7857130082492546,South America
Bolivia,BOL,1976,4574829.0,2731984008.0,534.2732859,5275930.0,0.8671132861884066,South America
Bolivia,BOL,1977,4474857.0,3227436282.0,617.3068292,5390969.5,0.8300653528089892,South America
Bolivia,BOL,1978,5020144.0,3758220890.0,703.1354273,5506009.0,0.9117573182317719,South America
Bolivia,BOL,1979,4730077.0,4421343606.0,809.4121785,5621048.5,0.8414937177645772,South America
Bolivia,BOL,1980,4658973.0,4537487803.0,813.1797668,5736088.0,0.8122213257537193,South America
Bolivia,BOL,1981,4781038.0,5891606685.0,1034.141713,5872098.6,0.8141957970528629,South America
Bolivia,BOL,1982,4337867.0,5594118407.0,962.1237421,6008109.2,0.722002023531796,South America
Bolivia,BOL,1983,4278137.0,5422656266.0,914.0111411,6144119.8,0.6962977837769374,South America
Bolivia,BOL,1984,4029341.2,6169481549.0,1019.054038,6280130.4,0.6416015183378995,South America
Bolivia,BOL,1985,4109758.0,5377276657.0,870.185527,6416141.0,0.640534240129698,South America
Bolivia,BOL,1986,3763680.0,3959379400.0,627.5635511,6552151.6,0.5744189435421488,South America
Bolivia,BOL,1987,4011800.8,4347956338.0,674.8525705,6688162.2,0.5998360506268822,South America
Bolivia,BOL,1988,4286778.0,4597615622.0,698.6920119,6824172.8,0.6281754764474897,South America
Bolivia,BOL,1989,4968446.0,4715978694.0,701.6659126,6960183.4,0.7138383738566428,South America
Bolivia,BOL,1990,10006868.0,4867582598.0,709.0599791,7096194.0,1.4101739608584545,South America
Bolivia,BOL,1991,10495215.0,5343274395.0,762.077719,7245840.2,1.4484469309715111,South America
Bolivia,BOL,1992,11014244.0,5643893347.0,788.15232,7395486.4,1.4893197558986788,South America
Bolivia,BOL,1993,11550309.0,5734676631.0,784.1909983,7545132.6,1.5308291599805681,South America
Bolivia,BOL,1994,9638258.0,5981244865.0,801.046134,7694778.8,1.2525711590305884,South America
Bolivia,BOL,1995,9016550.0,6715220486.0,880.9926836,7844425.0,1.1494214043731694,South America
Bolivia,BOL,1996,10016150.0,7396966618.0,950.8563811,7994071.2,1.2529473092508858,South America
Bolivia,BOL,1997,11721163.0,7925673467.0,998.5159556,8143717.4,1.439289015603611,South America
Bolivia,BOL,1998,11252271.0,8497545544.0,1049.499367,8293363.6,1.3567801368313335,South America
Bolivia,BOL,1999,10939507.0,8285075838.0,1003.392226,8443009.8,1.2956880613830388,South America
Bolivia,BOL,2000,8433878.0,8397912525.0,997.5817508,8592656.0,0.9815216622194581,South America
Bolivia,BOL,2001,8742807.0,8141537877.0,948.8702043,8755717.4,0.9985254891849296,South America
Bolivia,BOL,2002,10403424.0,7905485146.0,904.2257919,8918778.8,1.1664628345755137,South America
Bolivia,BOL,2003,10968004.0,8082364816.0,907.5374099,9081840.2,1.2076852001866318,South America
Bolivia,BOL,2004,11031935.0,8773451752.0,967.40646,9244901.6,1.1932993424180958,South America
Bolivia,BOL,2005,12312617.0,9549077919.0,1034.311806,9407963.0,1.3087441989302042,South America
Bolivia,BOL,2006,12332331.0,11451869202.0,1218.874074,9571024.4,1.2885069021451871,South America
Bolivia,BOL,2007,12695380.0,13120183208.0,1372.628374,9734085.8,1.3042190361625947,South America
Bolivia,BOL,2008,12965221.0,16674324662.0,1715.208395,9897147.2,1.3099957733274898,South America
Bolivia,BOL,2009,13538143.0,17339992194.0,1754.209467,10060208.6,1.345711956708333,South America
Bolivia,BOL,2010,14718776.0,19649631308.0,1955.460181,10223270.0,1.4397326882690176,South America
Bolivia,BOL,2011,15948673.0,23963033429.0,2346.337844,10396633.0,1.5340228899106085,South America
Bolivia,BOL,2012,17535340.0,27084497482.0,2609.880562,10569996.0,1.6589731916644055,South America
Bolivia,BOL,2013,17769010.0,30659338886.0,2908.200371,10743359.0,1.6539529210556958,South America
Bolivia,BOL,2014,19887892.0,32996188017.0,3081.878824,10916722.0,1.8217823995151659,South America
Bolivia,BOL,2015,19886526.0,33000198249.0,3035.971655,11090085.0,1.7931806654322306,South America
Bolivia,BOL,2016,21239286.0,33941126194.0,3076.656439,11259300.4,1.8863770612248696,South America
Bolivia,BOL,2017,22171246.0,37508642171.0,3351.124344,11428515.8,1.939993467918205,South America
Bolivia,BOL,2018,22501642.0,40287647931.0,3548.59078,11597731.2,1.9401761958407866,South America
Bolivia,BOL,2019,22605112.0,40895322851.0,3552.068144,11766946.6,1.921068631347405,South America
Bolivia,BOL,2020,18326306.0,36629843806.0,3137.989617,11936162.0,1.5353600261122462,South America
Bosnia and Herzegovina,BIH,1994,3204952.0,1255802469.0,319.012792,4368326.0,0.7336796750059404,Europe
Bosnia and Herzegovina,BIH,1995,3402028.0,1866572954.0,487.4769045,4336830.0,0.784450393490176,Europe
Bosnia and Herzegovina,BIH,1996,4239503.0,2786045322.0,740.0996865,4305334.0,0.9847094325318314,Europe
Bosnia and Herzegovina,BIH,1997,8365764.5,3671816504.0,982.8018491,4273838.0,1.9574360329053184,Europe
Bosnia and Herzegovina,BIH,1998,10550597.0,4116699437.0,1102.390688,4242342.0,2.486974647494238,Europe
Bosnia and Herzegovina,BIH,1999,10333251.0,4685733115.0,1251.747595,4210846.0,2.4539607955265996,Europe
Bosnia and Herzegovina,BIH,2000,13702201.0,5567405605.0,1484.176057,4179350.0,3.278548338856521,Europe
Bosnia and Herzegovina,BIH,2001,13262811.0,5800774707.0,1544.602072,4142523.8,3.201625781848254,Europe
Bosnia and Herzegovina,BIH,2002,14172601.0,6728771319.0,1789.857692,4105697.6,3.451934940361901,Europe
Bosnia and Herzegovina,BIH,2003,14358120.0,8498560877.0,2258.946445,4068871.4,3.528772130768252,Europe
Bosnia and Herzegovina,BIH,2004,15462454.0,10157553968.0,2698.46718,4032045.2,3.8348910374318224,Europe
Bosnia and Herzegovina,BIH,2005,16045984.0,11222953329.0,2980.601267,3995219.0,4.016296478365767,Europe
Bosnia and Herzegovina,BIH,2006,17386820.0,12864610865.0,3416.512376,3958392.8,4.392393801848064,Europe
Bosnia and Herzegovina,BIH,2007,17474332.0,15778767390.0,4193.368005,3921566.6,4.45595696372975,Europe
Bosnia and Herzegovina,BIH,2008,19958648.0,19112739365.0,5090.945825,3884740.4,5.13770443965831,Europe
Bosnia and Herzegovina,BIH,2009,20537094.0,17613836494.0,4714.693737,3847914.2,5.337201645504465,Europe
Bosnia and Herzegovina,BIH,2010,21145704.0,17176781066.0,4635.5102,3811088.0,5.54846909858812,Europe
Bosnia and Herzegovina,BIH,2011,23761290.0,18644723861.0,5092.554725,3753735.2,6.330038943610087,Europe
Bosnia and Herzegovina,BIH,2012,22134174.0,17221192487.0,4777.06692,3696382.4,5.988063897285087,Europe
Bosnia and Herzegovina,BIH,2013,21801048.0,18172335776.0,5129.663534,3639029.6,5.99089603448128,Europe
Bosnia and Herzegovina,BIH,2014,19311786.0,18560861398.0,5330.355078,3581676.8,5.391828207391577,Europe
Bosnia and Herzegovina,BIH,2015,18460492.0,16219819344.0,4729.690054,3524324.0,5.2380235188365205,Europe
Bosnia and Herzegovina,BIH,2016,21730408.0,16914287593.0,4994.971623,3483140.6,6.238739831518716,Europe
Bosnia and Herzegovina,BIH,2017,22156174.0,18079076427.0,5394.26914,3441957.2,6.437085853362732,Europe
Bosnia and Herzegovina,BIH,2018,22075036.0,20177422311.0,6070.35298,3400773.8,6.491180330782365,Europe
Bosnia and Herzegovina,BIH,2019,20810378.0,20201323283.0,6119.762351,3359590.4,6.194319998056907,Europe
Bosnia and Herzegovina,BIH,2020,20831812.0,19955120005.0,6082.36673,3318407.0,6.277654308226809,Europe
Botswana,BWA,1972,21984.0,164466873.7,246.5415378,661510.8,0.03323301751082522,Africa
Botswana,BWA,1973,51296.0,244129088.0,353.8584793,696144.2,0.07368588289610113,Africa
Botswana,BWA,1974,87936.0,306033848.4,428.1984332,730777.6,0.12033209556505291,Africa
Botswana,BWA,1975,186864.0,355172413.8,479.0912931,765411.0,0.244135503670577,Africa
Botswana,BWA,1976,593568.0,372010119.6,483.1413197,800044.4,0.7419188235052955,Africa
Botswana,BWA,1977,780432.0,451603325.4,564.129011,834677.8,0.935009892439933,Africa
Botswana,BWA,1978,831728.0,590376720.6,709.189338,869311.2,0.9567666906856832,Africa
Botswana,BWA,1979,941648.0,819877300.6,947.7550457,903944.6000000001,1.0417098569978733,Africa
Botswana,BWA,1980,985616.0,1060923829.0,1181.61387,938578.0,1.0501162396732078,Africa
Botswana,BWA,1981,1007599.94,1073861599.0,1154.178578,978867.6,1.029352631550988,Africa
Botswana,BWA,1982,1099200.0,1014907255.0,1054.055946,1019157.2,1.078538227468736,Africa
Botswana,BWA,1983,1029584.06,1172258182.0,1176.819535,1059446.8,0.9718128932948781,Africa
Botswana,BWA,1984,1044240.0,1240796365.0,1202.976002,1099736.4,0.9495366344153018,Africa
Botswana,BWA,1985,1157824.0,1114764007.0,1042.239754,1140026.0,1.0156119246403152,Africa
Botswana,BWA,1986,1066224.0,1392634772.0,1253.555317,1180315.6,0.9033380563639081,Africa
Botswana,BWA,1987,1238432.0,1965274882.0,1701.678133,1220605.2,1.014604886166305,Africa
Botswana,BWA,1988,1300720.0,2644536804.0,2203.646615,1260894.8,1.031584871315196,Africa
Botswana,BWA,1989,1428960.0,3083800685.0,2477.975358,1301184.4,1.098199455818868,Africa
Botswana,BWA,1990,2700368.0,3790567052.0,2945.83204,1341474.0,2.0129857157127162,Africa
Botswana,BWA,1991,2634416.0,3942792837.0,2972.728953,1380025.1,1.9089623804668479,Africa
Botswana,BWA,1992,2777312.0,4146513722.0,3040.989396,1418576.2,1.957816576931151,Africa
Botswana,BWA,1993,3195008.0,4160086253.0,2973.380401,1457127.3,2.192675959059994,Africa
Botswana,BWA,1994,3030128.0,4259330999.0,2970.118425,1495678.4,2.025922150109275,Africa
Botswana,BWA,1995,3044784.0,4730611067.0,3219.914242,1534229.5,1.9845688014733127,Africa
Botswana,BWA,1996,2755328.0,4847752843.0,3221.689056,1572780.6,1.751883256952686,Africa
Botswana,BWA,1997,2799296.0,5020214747.0,3258.982428,1611331.7,1.7372562086378616,Africa
Botswana,BWA,1998,3341568.0,4790458837.0,3039.964944,1649882.8,2.025336587544279,Africa
Botswana,BWA,1999,3158368.0,5484257417.0,3405.821058,1688433.9,1.8705902552655453,Africa
Botswana,BWA,2000,3777584.0,5788329609.0,3522.310821,1726985.0,2.1873866883615087,Africa
Botswana,BWA,2001,3847200.0,5489608300.0,3278.016079,1763452.9,2.181629007500002,Africa
Botswana,BWA,2002,3975440.0,5438857107.0,3190.624811,1799920.8,2.2086749594759945,Africa
Botswana,BWA,2003,3825216.0,7511582173.0,4330.972369,1836388.7,2.0830099858488564,Africa
Botswana,BWA,2004,3894832.0,8957467707.0,5073.520408,1872856.6,2.079621045199082,Africa
Botswana,BWA,2005,4092688.0,9918907108.0,5513.331063,1909324.5,2.143526676581168,Africa
Botswana,BWA,2006,4132991.8,10137883299.0,5521.990608,1945792.4,2.124066164509636,Africa
Botswana,BWA,2007,4228256.0,10939053365.0,5832.737052,1982260.3,2.133047814154377,Africa
Botswana,BWA,2008,4503056.0,10945070442.0,5713.543931,2018728.2,2.2306400633824803,Africa
Botswana,BWA,2009,3855444.0,10267133178.0,5255.776533,2055196.1,1.8759494531932985,Africa
Botswana,BWA,2010,4537275.0,12786654498.0,6434.812485,2091664.0,2.1692179049790026,Africa
Botswana,BWA,2011,4028802.0,15351972361.0,7617.310041,2134365.4,1.8875877579349816,Africa
Botswana,BWA,2012,5076711.0,14380004175.0,7050.573472,2177066.8,2.3319041014267454,Africa
Botswana,BWA,2013,5663055.0,14901750991.0,7224.912737,2219768.2,2.5511920569003554,Africa
Botswana,BWA,2014,6850164.0,15654660710.0,7495.220866,2262469.6,3.027737477665998,Africa
Botswana,BWA,2015,5421209.0,13578754072.0,6402.910183,2305171.0,2.35176002127391,Africa
Botswana,BWA,2016,6348201.0,15082578065.0,6982.917492,2353417.2,2.6974397059730846,Africa
Botswana,BWA,2017,7077332.0,16088437675.0,7296.092142,2401663.4,2.946845923537828,Africa
Botswana,BWA,2018,7504259.0,16914245098.0,7503.878588,2449909.6,3.0630758783915946,Africa
Botswana,BWA,2019,6782064.0,16695925027.0,7247.429476,2498155.8,2.7148282745215493,Africa
Botswana,BWA,2020,5550960.0,14930072799.0,6348.832318,2546402.0,2.1799228872738867,Africa
Brazil,BRA,1970,93488200.0,42327664794.0,445.0237808,96369875.0,0.9700977613595535,South America
Brazil,BRA,1971,102337050.0,48869830902.0,501.3168142,98961725.8,1.03410737002325,South America
Brazil,BRA,1972,114018824.0,58434858375.0,585.171405,101553576.6,1.1227455281963945,South America
Brazil,BRA,1973,132060776.0,83592275863.0,817.4524452,104145427.4,1.268041999508852,South America
Brazil,BRA,1974,143015700.0,109795000000.0,1048.596235,106737278.2,1.339885206104122,South America
Brazil,BRA,1975,150326580.0,129204000000.0,1205.074834,109329129.0,1.3749911059842066,South America
Brazil,BRA,1976,154606980.0,153169000000.0,1395.096399,111920979.8,1.3813940896182184,South America
Brazil,BRA,1977,162363360.0,176344000000.0,1568.543354,114512830.6,1.417861729111777,South America
Brazil,BRA,1978,177117180.0,200279000000.0,1739.720566,117104681.4,1.5124688260327737,South America
Brazil,BRA,1979,187787150.0,221338000000.0,1877.682272,119696532.2,1.5688604051304336,South America
Brazil,BRA,1980,186190690.0,237393000000.0,1966.903626,122288383.0,1.5225541906135107,South America
Brazil,BRA,1981,171324430.0,258015000000.0,2088.002687,125130189.3,1.3691694303222797,South America
Brazil,BRA,1982,171499700.0,271314000000.0,2144.804053,127971995.6,1.3401346067623565,South America
Brazil,BRA,1983,165899790.0,189657000000.0,1465.108092,130813801.9,1.2682131976167264,South America
Brazil,BRA,1984,167567460.0,188340000000.0,1422.683914,133655608.2,1.2537256180769825,South America
Brazil,BRA,1985,180110740.0,176124000000.0,1301.976812,136497414.5,1.3195175942325266,South America
Brazil,BRA,1986,197238400.0,215879000000.0,1563.104249,139339220.8,1.4155267904297049,South America
Brazil,BRA,1987,205967680.0,237518000000.0,1685.82069,142181027.1,1.448629850276275,South America
Brazil,BRA,1988,207695260.0,258816000000.0,1801.995555,145022833.4,1.4321555794399476,South America
Brazil,BRA,1989,212071060.0,347028000000.0,2371.572196,147864639.7,1.4342243042709015,South America
Brazil,BRA,1990,218658000.0,390726000000.0,2622.262881,150706446.0,1.4508868452780048,South America
Brazil,BRA,1991,229394000.0,342609000000.0,2259.239894,153223173.4,1.4971234109683307,South America
Brazil,BRA,1992,233601000.0,328188000000.0,2127.50719,155739900.8,1.4999431667802885,South America
Brazil,BRA,1993,244306000.0,368296000000.0,2348.090047,158256628.2,1.5437331300351818,South America
Brazil,BRA,1994,254002000.0,525370000000.0,3295.244924,160773355.6,1.5798762117769718,South America
Brazil,BRA,1995,268678000.0,769333000000.0,4748.388208,163290083.0,1.6454030463074723,South America
Brazil,BRA,1996,289311000.0,850426000000.0,5166.163933,165806810.4,1.744868014178988,South America
Brazil,BRA,1997,306949000.0,883206000000.0,5282.04947,168323537.8,1.8235655215654574,South America
Brazil,BRA,1998,317359000.0,863711000000.0,5087.079072,170840265.2,1.8576358426303825,South America
Brazil,BRA,1999,327256000.0,599642000000.0,3479.843833,173356992.6,1.8877577136741355,South America
Brazil,BRA,2000,340183000.0,655448000000.0,3749.910848,175873720.0,1.9342457758896554,South America
Brazil,BRA,2001,346165980.0,559984000000.0,3160.249345,177921697.2,1.9456085764002031,South America
Brazil,BRA,2002,347765020.0,509795000000.0,2839.491501,179969674.4,1.932353443208763,South America
Brazil,BRA,2003,344645000.0,558234000000.0,3070.436419,182017651.6,1.8934702045128464,South America
Brazil,BRA,2004,361434000.0,669289000000.0,3637.31389,184065628.8,1.9636148386656314,South America
Brazil,BRA,2005,364371000.0,891634000000.0,4790.456566,186113606.0,1.957788083478432,South America
Brazil,BRA,2006,368871000.0,1107630000000.0,5886.391522,188161583.2,1.9603948570517769,South America
Brazil,BRA,2007,390573000.0,1397110000000.0,7348.187963,190209560.4,2.0533825911728463,South America
Brazil,BRA,2008,412638000.0,1695860000000.0,8831.183643,192257537.6,2.146277358750485,South America
Brazil,BRA,2009,389775000.0,1667000000000.0,8597.794335,194305514.8,2.005990413608168,South America
Brazil,BRA,2010,440269020.0,2208840000000.0,11286.07154,196353492.0,2.242226585916791,South America
Brazil,BRA,2011,462580000.0,2616160000000.0,13245.38737,198120434.6,2.334842445373881,South America
Brazil,BRA,2012,498309000.0,2465230000000.0,12370.22325,199887377.2,2.4929488143786602,South America
Brazil,BRA,2013,532418020.0,2472820000000.0,12300.38671,201654319.8,2.6402510024483985,South America
Brazil,BRA,2014,557901000.0,2456040000000.0,12112.83496,203421262.4,2.7425894098669206,South America
Brazil,BRA,2015,529353020.0,1802210000000.0,8813.989806,205188205.0,2.5798413705115264,South America
Brazil,BRA,2016,492748000.0,1795690000000.0,8710.06329,206789824.8,2.382844516051836,South America
Brazil,BRA,2017,497121380.0,2063510000000.0,9928.675897,208391444.6,2.385517221948372,South America
Brazil,BRA,2018,477998620.0,1916930000000.0,9151.381732,209993064.4,2.2762590820118533,South America
Brazil,BRA,2019,473464400.0,1873290000000.0,8876.059836,211594684.2,2.2376006362829033,South America
Brazil,BRA,2020,444504320.0,1448570000000.0,6814.875632,213196304.0,2.084953217575479,South America
Brunei,BRN,1970,8203696.5,179080099.3,1382.537631,133343.0,61.52326331340978,Asia
Brunei,BRN,1971,7511200.0,197523179.2,1455.887576,138800.8,54.1149618734186,Asia
Brunei,BRN,1972,9453120.0,270818555.8,1906.971488,144258.6,65.52898752656687,Asia
Brunei,BRN,1973,9973408.0,433092003.6,2916.130273,149716.4,66.61533405825949,Asia
Brunei,BRN,1974,8178048.0,1073577086.0,6923.221828,155174.2,52.70236933717074,Asia
Brunei,BRN,1975,7075184.0,1168304306.0,7228.040373,160632.0,44.04591862144529,Asia
Brunei,BRN,1976,6019952.0,1423061357.0,8461.889582,166089.8,36.245163760808914,Asia
Brunei,BRN,1977,6390016.0,1732721161.0,9917.30147,171547.6,37.24922995133712,Asia
Brunei,BRN,1978,9533728.0,1941600704.0,10715.17654,177005.4,53.86122683262771,Asia
Brunei,BRN,1979,7434256.0,2803780006.0,14945.84109,182463.2,40.74386506429789,Asia
Brunei,BRN,1980,6877328.0,4928824958.0,25422.03919,187921.0,36.596910403839914,Asia
Brunei,BRN,1981,2059168.1,4366213850.0,21828.12245,195321.7,10.542444080714022,Asia
Brunei,BRN,1982,2664731.0,4264252336.0,20693.82491,202722.4,13.144728949538877,Asia
Brunei,BRN,1983,2733344.0,3844723142.0,18129.2439,210123.1,13.008298468849926,Asia
Brunei,BRN,1984,1916272.0,3782523088.0,17337.02648,217523.8,8.809481996912522,Asia
Brunei,BRN,1985,2594112.0,3523612563.0,15699.57478,224924.5,11.533256715031044,Asia
Brunei,BRN,1986,2297328.0,2358592817.0,10214.02849,232325.2,9.888415032032684,Asia
Brunei,BRN,1987,3315920.0,2754463438.0,11594.56754,239725.9,13.832130779360929,Asia
Brunei,BRN,1988,5712176.0,2690717551.0,11009.25739,247126.6,23.114371338415207,Asia
Brunei,BRN,1989,6342384.0,2985467979.0,11872.72517,254527.3,24.918285779167896,Asia
Brunei,BRN,1990,5455696.0,3520551724.0,13607.89027,261928.0,20.828991173146818,Asia
Brunei,BRN,1991,7210752.0,3701667053.0,13905.16834,269127.8,26.793040332511172,Asia
Brunei,BRN,1992,6884656.0,4183548189.0,15274.66771,276327.6,24.91483297361538,Asia
Brunei,BRN,1993,6357040.0,4105706152.0,14575.57459,283527.4,22.421254524254092,Asia
Brunei,BRN,1994,5552968.0,4087337960.0,14120.95256,290727.2,19.10026994378235,Asia
Brunei,BRN,1995,5825335.0,4734020037.0,15933.45283,297927.0,19.552893829696536,Asia
Brunei,BRN,1996,5878721.0,5115602837.0,16793.39123,305126.8,19.266485277596068,Asia
Brunei,BRN,1997,6087246.0,5197332974.0,16660.14763,312326.6,19.49000181220556,Asia
Brunei,BRN,1998,5595279.0,4051147228.0,12694.14896,319526.4,17.511163396827303,Asia
Brunei,BRN,1999,5978051.0,4600000000.0,14101.17285,326726.2,18.296821620059855,Asia
Brunei,BRN,2000,5328739.0,6001153306.0,18012.50219,333926.0,15.957843953450764,Asia
Brunei,BRN,2001,5189616.0,5601090584.0,16472.00329,340138.7,15.25735236831328,Asia
Brunei,BRN,2002,4669874.0,5843329108.0,16850.39408,346351.4,13.483052183418343,Asia
Brunei,BRN,2003,5597862.0,6557333085.0,18560.5035,352564.1,15.877572333655072,Asia
Brunei,BRN,2004,5640577.0,7872333215.0,21902.02712,358776.8,15.721688247400612,Asia
Brunei,BRN,2005,5428519.0,9531402848.0,26105.42203,364989.5,14.873082650322818,Asia
Brunei,BRN,2006,7143688.0,11470703002.0,30979.96284,371202.2,19.244735079695108,Asia
Brunei,BRN,2007,8076697.5,12247694247.0,32663.39237,377414.9,21.40004938861714,Asia
Brunei,BRN,2008,9165561.0,14393099069.0,37934.67645,383627.6,23.891818524006094,Asia
Brunei,BRN,2009,7744925.0,10732366286.0,27956.00514,389840.3,19.866917299212012,Asia
Brunei,BRN,2010,8017381.5,13707370737.0,35270.64214,396053.0,20.243203561139545,Asia
Brunei,BRN,2011,9555439.0,18525319978.0,47055.96064,401129.8,23.821314198047617,Asia
Brunei,BRN,2012,9499828.0,19047940301.0,47739.55769,406206.6,23.38669041812713,Asia
Brunei,BRN,2013,7626055.0,18093829923.0,44740.85942,411283.4,18.54209287318671,Asia
Brunei,BRN,2014,8830992.0,17098342541.0,41725.86752,416360.2,21.209981165346736,Asia
Brunei,BRN,2015,6933290.0,12930394938.0,31164.03625,421437.0,16.45154554536028,Asia
Brunei,BRN,2016,7632908.0,11400854268.0,27158.40565,425494.6,17.938906862742794,Asia
Brunei,BRN,2017,9309384.0,12128104859.0,28571.60829,429552.2,21.672299664627488,Asia
Brunei,BRN,2018,9344461.0,13567351175.0,31628.47626,433609.8,21.550391619377606,Asia
Brunei,BRN,2019,10732756.0,13469422959.0,31085.96193,437667.4,24.52263065515046,Asia
Brunei,BRN,2020,11101930.0,12005825770.0,27442.95383,441725.0,25.13312581357179,Asia
Bulgaria,BGR,1980,77250580.0,19839230769.0,2238.802958,8980606.0,8.601933989755256,Europe
Bulgaria,BGR,1981,80086800.0,19870000000.0,2234.814816,8959323.2,8.938934137346447,Europe
Bulgaria,BGR,1982,89844184.0,19342000000.0,2169.004011,8938040.4,10.051888331137997,Europe
Bulgaria,BGR,1983,90061304.0,16563666667.0,1852.813434,8916757.6,10.100230155409855,Europe
Bulgaria,BGR,1984,87044930.0,17594944444.0,1963.572676,8895474.8,9.785304546082239,Europe
Bulgaria,BGR,1985,89221336.0,17155421053.0,1914.550647,8874192.0,10.054023622657702,Europe
Bulgaria,BGR,1986,91172270.0,20249294118.0,2260.427281,8852909.2,10.298566035219249,Europe
Bulgaria,BGR,1987,91273150.0,28101000000.0,3132.30136,8831626.4,10.334806508572418,Europe
Bulgaria,BGR,1988,86913330.0,22555941176.0,2511.393063,8810343.6,9.864919456716763,Europe
Bulgaria,BGR,1989,86482220.0,21988444444.0,2477.020818,8789060.8,9.839756712116497,Europe
Bulgaria,BGR,1990,76637980.0,20632090909.0,2366.529821,8767778.0,8.74086684220335,Europe
Bulgaria,BGR,1991,61456344.0,10943548387.0,1267.734375,8700769.3,7.06332300984006,Europe
Bulgaria,BGR,1992,57306464.0,10350515464.0,1211.980878,8633760.6,6.637485871452123,Europe
Bulgaria,BGR,1993,58364024.0,10829710145.0,1278.247173,8566751.9,6.812853305580147,Europe
Bulgaria,BGR,1994,56367040.0,9697416974.0,1148.494399,8499743.2,6.631616823435325,Europe
Bulgaria,BGR,1995,57908988.0,18983303571.0,2258.286018,8432734.5,6.867166042047215,Europe
Bulgaria,BGR,1996,58460100.0,12294221473.0,1470.103703,8365725.8,6.988048783525753,Europe
Bulgaria,BGR,1997,55809076.0,11315986087.0,1361.392386,8298717.1,6.725024522163793,Europe
Bulgaria,BGR,1998,53115148.0,15030695297.0,1820.405094,8231708.4,6.452506019285134,Europe
Bulgaria,BGR,1999,46318476.0,13627323285.0,1659.718346,8164699.7,5.67301648583597,Europe
Bulgaria,BGR,2000,45413456.0,13245833844.0,1621.242961,8097691.0,5.608198188841733,Europe
Bulgaria,BGR,2001,48921856.0,14183497963.0,1770.913534,8047149.2,6.079402131626937,Europe
Bulgaria,BGR,2002,46099350.0,16402846413.0,2092.957694,7996607.4,5.7648634844821816,Europe
Bulgaria,BGR,2003,50473676.0,21144983552.0,2719.497656,7946065.6,6.352033640396828,Europe
Bulgaria,BGR,2004,49525776.0,26157894737.0,3389.707049,7895523.8,6.272639694911692,Europe
Bulgaria,BGR,2005,50598176.0,29869283400.0,3899.907638,7844982.0,6.449750426450946,Europe
Bulgaria,BGR,2006,51836628.0,34379808889.0,4523.050833,7794440.2,6.650461953637158,Europe
Bulgaria,BGR,2007,55683720.0,44405101470.0,5885.104348,7743898.4,7.190657356764907,Europe
Bulgaria,BGR,2008,54022470.0,54438966420.0,7265.735497,7693356.6,7.021963599087556,Europe
Bulgaria,BGR,2009,45759652.0,52023504656.0,6988.233325,7642814.8,5.987277357551566,Europe
Bulgaria,BGR,2010,47808404.0,50682061053.0,6853.002854,7592273.0,6.296981681243548,Europe
Bulgaria,BGR,2011,53124756.0,57678241024.0,7849.165283,7535669.0,7.049773019489046,Europe
Bulgaria,BGR,2012,48289980.0,54300857424.0,7432.478766,7479065.0,6.456686764990009,Europe
Bulgaria,BGR,2013,42586732.0,55810138436.0,7681.93462,7422461.0,5.737548772570176,Europe
Bulgaria,BGR,2014,45161788.0,57082011260.0,7901.785876,7365857.0,6.1312333378179895,Europe
Bulgaria,BGR,2015,48121012.0,50781996713.0,7074.681023,7309253.0,6.583574545853044,Europe
Bulgaria,BGR,2016,45336944.0,53953897624.0,7569.478815,7243237.4,6.259210004631354,Europe
Bulgaria,BGR,2017,47430590.0,59199447421.0,8366.293221,7177221.8,6.608488816661622,Europe
Bulgaria,BGR,2018,43479636.0,66363422450.0,9446.700772,7111206.2,6.114242053619539,Europe
Bulgaria,BGR,2019,42232710.0,68915416142.0,9879.268533,7045190.6,5.994544704014111,Europe
Bulgaria,BGR,2020,36533612.0,69889347433.0,10079.20338,6979175.0,5.234660543688903,Europe
Burkina Faso,BFA,1970,142896.0,458404330.1,81.5000146,5611666.0,0.02546409568923026,Africa
Burkina Faso,BFA,1971,150224.0,482411103.8,84.28782858,5743796.1,0.026154131759656304,Africa
Burkina Faso,BFA,1972,161216.0,578595584.0,99.32674697,5875926.2,0.027436695852306653,Africa
Burkina Faso,BFA,1973,168544.0,674773518.4,113.7803414,6008056.3,0.028052999436772922,Africa
Burkina Faso,BFA,1974,205184.0,751133330.6,124.3588964,6140186.4,0.03341657510592838,Africa
Burkina Faso,BFA,1975,219840.0,939972703.5,152.7279968,6272316.5,0.03504925173976792,Africa
Burkina Faso,BFA,1976,208848.0,976547163.5,155.6490569,6404446.6,0.03260984329231506,Africa
Burkina Faso,BFA,1977,249152.0,1131224818.0,176.783351,6536576.7,0.03811658784635694,Africa
Burkina Faso,BFA,1978,348080.0,1475583383.0,225.9415178,6668706.8,0.052196026971826084,Africa
Burkina Faso,BFA,1979,406704.0,1748480982.0,262.0760096,6800836.9,0.05980205171513523,Africa
Burkina Faso,BFA,1980,432352.0,1928719477.0,282.6858501,6932967.0,0.06236175651780832,Africa
Burkina Faso,BFA,1981,556928.0,1775842026.0,254.2304687,7152806.4,0.07786146707395855,Africa
Burkina Faso,BFA,1982,575248.0,1754449845.0,245.0944909,7372645.8,0.07802463533511945,Africa
Burkina Faso,BFA,1983,593568.0,1600278756.0,217.9946024,7592485.2,0.0781783545656434,Africa
Burkina Faso,BFA,1984,465328.0,1459880019.0,193.8432731,7812324.6,0.059563321268038455,Africa
Burkina Faso,BFA,1985,476320.0,1552493068.0,200.8943518,8032164.0,0.05930157800562837,Africa
Burkina Faso,BFA,1986,479984.0,2036303381.0,256.7624807,8252003.4,0.05816575402768254,Africa
Burkina Faso,BFA,1987,516623.97,2369834650.0,291.1316167,8471842.8,0.0609812979532623,Africa
Burkina Faso,BFA,1988,553264.0,2616040646.0,313.0615914,8691682.2,0.0636544212350516,Africa
Burkina Faso,BFA,1989,820736.0,2615587726.0,304.8535209,8911521.6,0.09209830114758405,Africa
Burkina Faso,BFA,1990,582576.0,3101300642.0,351.9792335,9131361.0,0.06379947085653496,Africa
Burkina Faso,BFA,1991,626544.0,3135045684.0,346.4105959,9406513.7,0.06660746159334249,Africa
Burkina Faso,BFA,1992,630208.0,3356692518.0,361.0468756,9681666.4,0.06509292656479054,Africa
Burkina Faso,BFA,1993,626544.0,3199536228.0,334.943237,9956819.1,0.06292612065232761,Africa
Burkina Faso,BFA,1994,644864.0,1895290623.0,193.0702802,10231971.8,0.06302441138471472,Africa
Burkina Faso,BFA,1995,624110.0,2379518099.0,235.8321506,10507124.5,0.05939874415688136,Africa
Burkina Faso,BFA,1996,704700.0,2586550747.0,249.3605589,10782277.2,0.0653572512493001,Africa
Burkina Faso,BFA,1997,804007.0,2447668985.0,229.4929493,11057429.9,0.07271192377172565,Africa
Burkina Faso,BFA,1998,858942.0,2804902248.0,255.7182367,11332582.6,0.07579402068509962,Africa
Burkina Faso,BFA,1999,915606.0,3389566983.0,300.4217239,11607735.3,0.07887895238272706,Africa
Burkina Faso,BFA,2000,1029710.06,2968369991.0,255.7186873,11882888.0,0.08665486538289345,Africa
Burkina Faso,BFA,2001,991095.0,3190371050.0,267.0975996,12306283.7,0.08053568600892892,Africa
Burkina Faso,BFA,2002,1001313.0,3622350204.0,294.6653885,12729679.4,0.07865971864146083,Africa
Burkina Faso,BFA,2003,1074545.0,4740768355.0,374.627358,13153075.1,0.08169534438376316,Africa
Burkina Faso,BFA,2004,1100145.0,5451688868.0,418.3766603,13576470.8,0.0810332093079742,Africa
Burkina Faso,BFA,2005,1122080.0,6146352742.0,457.9334308,13999866.5,0.08014933570973695,Africa
Burkina Faso,BFA,2006,1360129.0,6547420134.0,473.4498682,14423262.2,0.09430106595441357,Africa
Burkina Faso,BFA,2007,1590799.0,7625723124.0,535.0622795,14846657.9,0.10714862635852881,Africa
Burkina Faso,BFA,2008,1733545.0,9451436359.0,643.404581,15270053.6,0.11352579666125075,Africa
Burkina Faso,BFA,2009,1828977.0,9450697336.0,624.1751645,15693449.3,0.11654397736512902,Africa
Burkina Faso,BFA,2010,2036372.0,10109618964.0,647.8360955,16116845.0,0.12635053572830166,Africa
Burkina Faso,BFA,2011,2130933.0,12080296644.0,751.1727704,16637079.8,0.12808335510898974,Africa
Burkina Faso,BFA,2012,2618914.0,12561016091.0,758.000427,17157314.6,0.15264125307814777,Africa
Burkina Faso,BFA,2013,2863840.0,13444301139.0,787.4694383,17677549.4,0.16200435564897928,Africa
Burkina Faso,BFA,2014,2911488.0,13943016924.0,792.8462374,18197784.2,0.15999134663878475,Africa
Burkina Faso,BFA,2015,3714985.0,11832159276.0,653.3272681,18718019.0,0.1984710561518289,Africa
Burkina Faso,BFA,2016,3903988.0,12833363370.0,688.2506963,19278940.4,0.20250013325421143,Africa
Burkina Faso,BFA,2017,4519039.0,14106956830.0,734.996268,19839861.8,0.2277757297684402,Africa
Burkina Faso,BFA,2018,5010070.0,15890065020.0,804.5005378,20400783.2,0.24558223823485367,Africa
Burkina Faso,BFA,2019,5507514.0,16178162030.0,796.1152068,20961704.6,0.26274170469895847,Africa
Burkina Faso,BFA,2020,5194114.0,17933606353.0,857.9327297,21522626.0,0.2413327258486023,Africa
Burundi,BDI,1970,62288.0,242732571.4,69.76938418,3497834.0,0.017807591783944008,Africa
Burundi,BDI,1971,73280.0,252842285.7,71.62670983,3579334.0,0.020473082422595934,Africa
Burundi,BDI,1972,73280.0,246804571.4,69.13961473,3660834.0,0.020017296605090534,Africa
Burundi,BDI,1973,73280.0,304339839.6,84.41878205,3742334.0,0.0195813628607174,Africa
Burundi,BDI,1974,91600.0,345263492.1,94.68539954,3823834.0,0.023955014783591546,Africa
Burundi,BDI,1975,76944.0,420986666.7,113.7531561,3905334.0,0.019702284106813912,Africa
Burundi,BDI,1976,87936.0,448412753.6,118.9149331,3986834.0,0.022056599296584708,Africa
Burundi,BDI,1977,98928.0,547535555.6,142.0529839,4068334.0,0.02431658757614296,Africa
Burundi,BDI,1978,102592.0,610225555.6,154.5162733,4149834.0,0.02472195273353103,Africa
Burundi,BDI,1979,109920.0,782496666.7,193.1499639,4231334.0,0.02597762313256292,Africa
Burundi,BDI,1980,146560.0,919726666.7,221.2319418,4312834.0,0.03398229563206003,Africa
Burundi,BDI,1981,157552.0,969046666.7,227.12812,4429929.9,0.03556534833655042,Africa
Burundi,BDI,1982,157552.0,1013222222.0,231.3436938,4547025.8,0.03464946251239657,Africa
Burundi,BDI,1983,205184.0,1082926304.0,240.7817032,4664121.7,0.04399199103230947,Africa
Burundi,BDI,1984,219840.0,987143931.2,213.6168414,4781217.6,0.04597991942470889,Africa
Burundi,BDI,1985,230832.0,1149979286.0,242.0585038,4898313.5,0.0471247910122535,Africa
Burundi,BDI,1986,234496.0,1201725497.0,245.9153275,5015409.4,0.04675510637277188,Africa
Burundi,BDI,1987,249152.0,1131466494.0,225.0714758,5132505.3,0.04854393428488033,Africa
Burundi,BDI,1988,227168.0,1082403219.0,209.4148608,5249601.2,0.0432733823666453,Africa
Burundi,BDI,1989,267472.0,1113924130.0,209.8944126,5366697.1,0.049839220476967115,Africa
Burundi,BDI,1990,208848.0,1132101253.0,208.1466789,5483793.0,0.03808458853206166,Africa
Burundi,BDI,1991,238160.0,1167398478.0,209.778011,5566179.6,0.04278697726534013,Africa
Burundi,BDI,1992,216176.0,1083037671.0,190.4888799,5648566.2,0.038270950953889854,Africa
Burundi,BDI,1993,227168.0,938632612.0,161.887525,5730952.8,0.039638783973233914,Africa
Burundi,BDI,1994,234496.0,925030590.2,156.812381,5813339.4,0.040337572583496496,Africa
Burundi,BDI,1995,238160.0,1000428394.0,167.0988878,5895726.0,0.04039536437073229,Africa
Burundi,BDI,1996,241824.0,869033856.3,143.4023238,5978112.6,0.04045156325760743,Africa
Burundi,BDI,1997,249152.0,972896267.9,158.9146699,6060499.2,0.04111080486571139,Africa
Burundi,BDI,1998,249152.0,893770806.1,144.4930173,6142885.8,0.04055943869247903,Africa
Burundi,BDI,1999,252815.98,808077223.4,128.9389187,6225272.4,0.040611231726984345,Africa
Burundi,BDI,2000,271136.0,870486065.9,136.4639708,6307659.0,0.042985202592594175,Africa
Burundi,BDI,2001,205184.0,876794723.1,134.3634269,6589553.6,0.031137769332356596,Africa
Burundi,BDI,2002,212512.0,825394490.2,123.1175361,6871448.2,0.03092681394294728,Africa
Burundi,BDI,2003,161216.0,784654423.6,113.5672513,7153342.8,0.022537155635823855,Africa
Burundi,BDI,2004,197856.0,915257323.4,128.3367028,7435237.4,0.026610582736739514,Africa
Burundi,BDI,2005,153888.0,1117113046.0,151.6815663,7717132.0,0.019941086921929026,Africa
Burundi,BDI,2006,183200.0,1273375020.0,167.3764625,7999026.6,0.022902786696571305,Africa
Burundi,BDI,2007,201520.0,1356199365.0,172.4955966,8280921.2,0.024335456784687192,Africa
Burundi,BDI,2008,208848.0,1611835902.0,198.3528517,8562815.8,0.02439010774936908,Africa
Burundi,BDI,2009,168544.0,1781455092.0,212.1370572,8844710.4,0.019055909394161734,Africa
Burundi,BDI,2010,296784.0,2032135247.0,234.2355389,9126605.0,0.03251855427072827,Africa
Burundi,BDI,2011,340752.0,2235820868.0,249.5779794,9446713.6,0.03607095699397513,Africa
Burundi,BDI,2012,352023.0,2333341375.0,252.3624696,9766822.2,0.0360427366026997,Africa
Burundi,BDI,2013,359072.0,2451606684.0,256.9736979,10086930.8,0.035597745946665954,Africa
Burundi,BDI,2014,348080.0,2705783272.0,274.8578362,10407039.4,0.03344659192892072,Africa
Burundi,BDI,2015,355408.0,3104003611.0,305.5111441,10727148.0,0.03313163946279104,Africa
Burundi,BDI,2016,428688.0,2639321196.0,251.6514772,11025763.8,0.03888057170243389,Africa
Burundi,BDI,2017,512960.03,2712324087.0,250.5146007,11324379.6,0.04529696531896547,Africa
Burundi,BDI,2018,645078.0,2660123624.0,238.0343096,11622995.4,0.05550015101959001,Africa
Burundi,BDI,2019,688832.0,2581268126.0,223.8628757,11921611.2,0.05778010945366177,Africa
Burundi,BDI,2020,735766.0,2780510625.0,233.8375103,12220227.0,0.06020886518720151,Africa
Cambodia,KHM,1970,1172331.0,718401157.7,102.6789615,6708525.0,0.17475242322269052,Asia
Cambodia,KHM,1971,249090.0,969911421.4,135.8487853,6657568.4,0.03741456114818137,Asia
Cambodia,KHM,1972,117348.0,505549441.4,69.23329893,6606611.8,0.017762206037291308,Asia
Cambodia,KHM,1973,128639.0,702899156.0,94.3585945,6555655.2,0.019622600041564114,Asia
Cambodia,KHM,1974,73688.0,588443893.7,78.11203511,6504698.6,0.011328426500806664,Asia
Cambodia,KHM,1993,1384992.0,2533727592.0,254.1166348,9873217.9,0.14027766975547049,Asia
Cambodia,KHM,1994,1481907.0,2791435272.0,270.5429401,10194021.2,0.14537020974608136,Asia
Cambodia,KHM,1995,1555486.0,3441205693.0,322.9315754,10514824.5,0.14793266402116365,Asia
Cambodia,KHM,1996,1631315.0,3506695720.0,319.2863136,10835627.8,0.15055103683055632,Asia
Cambodia,KHM,1997,1551863.0,3443413389.0,304.7647688,11156431.1,0.13910030780363086,Asia
Cambodia,KHM,1998,1962680.0,3120425503.0,268.9903722,11477234.4,0.17100635323784968,Asia
Cambodia,KHM,1999,1894288.0,3517242477.0,295.9031784,11798037.7,0.16055958187012745,Asia
Cambodia,KHM,2000,1974896.0,3654031716.0,300.613679,12118841.0,0.16296079798389962,Asia
Cambodia,KHM,2001,2249696.0,3984000517.0,321.1502236,12343310.1,0.18226034846195754,Asia
Cambodia,KHM,2002,2205728.0,4284028483.0,338.9874773,12567779.2,0.17550658432955285,Asia
Cambodia,KHM,2003,2377936.0,4658246918.0,362.3354822,12792248.3,0.1858888245626064,Asia
Cambodia,KHM,2004,2443888.0,5337833248.0,408.5136388,13016717.4,0.1877499468491188,Asia
Cambodia,KHM,2005,2773648.0,6293046162.0,474.1111921,13241186.5,0.209471258485786,Asia
Cambodia,KHM,2006,2997152.0,7274595707.0,539.7503289,13465655.6,0.2225775030218358,Asia
Cambodia,KHM,2007,3471142.0,8639235842.0,631.5252576,13690124.7,0.25355079490254756,Asia
Cambodia,KHM,2008,3866716.0,10351914093.0,745.609127,13914593.8,0.2778892474748346,Asia
Cambodia,KHM,2009,4557086.0,10401851851.0,738.0547312,14139062.9,0.3223046698519178,Asia
Cambodia,KHM,2010,5078142.0,11242275199.0,785.5026671,14363532.0,0.35354410043435,Asia
Cambodia,KHM,2011,5274698.0,12829541141.0,882.275614,14574330.2,0.3619170094005418,Asia
Cambodia,KHM,2012,5576016.0,14054443213.0,950.880346,14785128.4,0.37713679916367854,Asia
Cambodia,KHM,2013,5636730.0,15227991395.0,1013.420536,14995926.6,0.37588407507942856,Asia
Cambodia,KHM,2014,6834254.0,16702610842.0,1093.495976,15206724.8,0.44942313942578876,Asia
Cambodia,KHM,2015,8365610.0,18049954289.0,1162.904995,15417523.0,0.5426040227084468,Asia
Cambodia,KHM,2016,10921712.0,20016747754.0,1269.591499,15613390.4,0.6995093134928593,Asia
Cambodia,KHM,2017,12475530.0,22177200512.0,1385.260066,15809257.8,0.7891281271913979,Asia
Cambodia,KHM,2018,13933845.0,24571753583.0,1512.126989,16005125.2,0.870586441897999,Asia
Cambodia,KHM,2019,18219576.0,27089389787.0,1643.121389,16200992.6,1.1245962793662407,Asia
Cambodia,KHM,2020,19034220.0,25872798012.0,1547.511388,16396860.0,1.1608454301616284,Asia
Cameroon,CMR,1970,637417.0,1151217147.0,176.5737092,6452787.0,0.09878165821992885,Africa
Cameroon,CMR,1971,809179.0,1236941201.0,184.9034758,6659497.4,0.12150751796974948,Africa
Cameroon,CMR,1972,860357.0,1498252050.0,218.1760536,6866207.8,0.1253030821467419,Africa
Cameroon,CMR,1973,896911.0,1901393216.0,269.592296,7072918.2,0.12680918605845037,Africa
Cameroon,CMR,1974,973762.0,2157415246.0,297.686036,7279628.6,0.13376534072081644,Africa
Cameroon,CMR,1975,1160537.0,2857037371.0,383.4405469,7486339.0,0.15502063157973478,Africa
Cameroon,CMR,1976,1088970.0,2898089929.0,378.1236216,7693049.4,0.14155245122954754,Africa
Cameroon,CMR,1977,1559048.0,3394663844.0,430.3813993,7899759.8,0.197353848657525,Africa
Cameroon,CMR,1978,1993205.0,4662851757.0,574.1663895,8106470.2,0.24587828621142652,Africa
Cameroon,CMR,1979,1815342.0,5919004207.0,707.5442896,8313180.6,0.21836912817700604,Africa
Cameroon,CMR,1980,3885945.0,6674567625.0,774.1852434,8519891.0,0.4561026661021837,Africa
Cameroon,CMR,1981,5319124.0,6610937473.0,743.7601604,8810953.9,0.6036944535596764,Africa
Cameroon,CMR,1982,6315888.0,6611255018.0,721.2163069,9102016.8,0.6938998398684564,Africa
Cameroon,CMR,1983,6554480.0,6870200659.0,726.5059552,9393079.7,0.6977988273643628,Africa
Cameroon,CMR,1984,6052928.0,7311937457.0,749.3390662,9684142.6,0.6250349927726178,Africa
Cameroon,CMR,1985,6470624.0,8544809794.0,848.4732795,9975205.5,0.6486707466828628,Africa
Cameroon,CMR,1986,1993216.0,11857056336.0,1140.597182,10266268.4,0.19415194716709336,Africa
Cameroon,CMR,1987,1842992.0,13049658331.0,1216.064467,10557331.3,0.17456987449091418,Africa
Cameroon,CMR,1988,2153961.0,12236058143.0,1104.793753,10848394.2,0.19855113672030836,Africa
Cameroon,CMR,1989,7577693.0,11012566161.0,963.8326781,11139457.1,0.68025693999037,Africa
Cameroon,CMR,1990,2604793.0,12314482085.0,1045.364362,11430520.0,0.22788053386897533,Africa
Cameroon,CMR,1991,2668440.0,11840192674.0,975.4719489,11796627.4,0.2262036351169318,Africa
Cameroon,CMR,1992,2712299.0,12071775381.0,965.7807389,12162734.8,0.22300075144284162,Africa
Cameroon,CMR,1993,2865801.0,16181813512.0,1257.905709,12528842.2,0.22873629935254514,Africa
Cameroon,CMR,1994,4879764.0,8902446188.0,672.848688,12894949.6,0.37842443370232326,Africa
Cameroon,CMR,1995,5374671.0,10864773037.0,798.8813102,13261057.0,0.40529733037117627,Africa
Cameroon,CMR,1996,5974660.0,11093539497.0,794.0511616,13627164.4,0.43843750795286507,Africa
Cameroon,CMR,1997,5378781.0,10789457915.0,752.1698237,13993271.8,0.384383372014542,Africa
Cameroon,CMR,1998,5373172.0,11298144512.0,767.3403603,14359379.2,0.3741924999097454,Africa
Cameroon,CMR,1999,5219450.0,11565827386.0,765.3103315,14725486.6,0.3544500865594486,Africa
Cameroon,CMR,2000,5588569.0,10566578953.0,681.102043,15091594.0,0.370310054723179,Africa
Cameroon,CMR,2001,5562424.0,10953485244.0,687.6481344,15570238.2,0.35724719998182175,Africa
Cameroon,CMR,2002,5350642.0,12417251816.0,759.1118514,16048882.4,0.33339654853474404,Africa
Cameroon,CMR,2003,5704622.0,15970315751.0,950.5648637,16527526.6,0.34515884548629316,Africa
Cameroon,CMR,2004,5698455.0,18826215278.0,1090.785332,17006170.8,0.33508160461377934,Africa
Cameroon,CMR,2005,5423858.0,19509850837.0,1100.174926,17484815.0,0.310203911222395,Africa
Cameroon,CMR,2006,5485919.0,20910513975.0,1147.4366,17963459.2,0.305393239627254,Africa
Cameroon,CMR,2007,7409373.0,23928251334.0,1277.516807,18442103.4,0.4017639875069782,Africa
Cameroon,CMR,2008,7320619.0,27715144580.0,1439.547804,18920747.6,0.38690960604537633,Africa
Cameroon,CMR,2009,8554963.0,27932971683.0,1411.474572,19399391.8,0.4409912995313595,Africa
Cameroon,CMR,2010,8383322.0,27507499709.0,1352.302275,19878036.0,0.42173794231985495,Africa
Cameroon,CMR,2011,8105014.0,30630912185.0,1465.145788,20504958.0,0.3952709388626887,Africa
Cameroon,CMR,2012,7603374.0,30155064574.0,1403.522915,21131880.0,0.35980584784694974,Africa
Cameroon,CMR,2013,7849517.0,33728622819.0,1527.751257,21758802.0,0.360751340997542,Africa
Cameroon,CMR,2014,8771510.0,36386546918.0,1604.214035,22385724.0,0.39183499269445116,Africa
Cameroon,CMR,2015,9850663.0,32210232912.0,1382.50979,23012646.0,0.4280543402092919,Africa
Cameroon,CMR,2016,9958010.0,33814337900.0,1413.255957,23708334.2,0.420021496069513,Africa
Cameroon,CMR,2017,9578064.0,36098550142.0,1469.4475,24404022.4,0.39247890544470243,Africa
Cameroon,CMR,2018,9645489.0,39973839065.0,1585.240534,25099710.6,0.3842868610604618,Africa
Cameroon,CMR,2019,9591827.0,39670977333.0,1533.095688,25795398.8,0.37184255511490677,Africa
Cameroon,CMR,2020,9701611.0,40804449726.0,1537.130218,26491087.0,0.36622170317133457,Africa
Canada,CAN,1970,341177200.0,87896095320.0,4121.932814,21434577.0,15.91714172852583,North America
Canada,CAN,1971,352287420.0,99271961775.0,4520.162878,21742270.3,16.2028810763152,North America
Canada,CAN,1972,380791680.0,113083000000.0,5089.587902,22049963.6,17.269492453946725,North America
Canada,CAN,1973,381273180.0,131322000000.0,5838.660894,22357656.9,17.05336036353613,North America
Canada,CAN,1974,389616930.0,160409000000.0,7033.011021,22665350.2,17.18998058984326,North America
Canada,CAN,1975,396786780.0,173834000000.0,7511.211343,22973043.5,17.271842104856503,North America
Canada,CAN,1976,398962240.0,206576000000.0,8809.26466,23280736.8,17.137010887043747,North America
Canada,CAN,1977,407790430.0,211612000000.0,8919.057461,23588430.1,17.287730818508347,North America
Canada,CAN,1978,415528670.0,218633000000.0,9123.691334,23896123.4,17.388957323512987,North America
Canada,CAN,1979,441676770.0,243072000000.0,10043.66096,24203816.7,18.24822818130167,North America
Canada,CAN,1980,442846850.0,273854000000.0,11170.56397,24511510.0,18.066893879650824,North America
Canada,CAN,1981,429629730.0,306215000000.0,12337.46625,24826079.4,17.30558108180384,North America
Canada,CAN,1982,414454900.0,313507000000.0,12481.87479,25140648.8,16.485449651561897,North America
Canada,CAN,1983,408338500.0,340548000000.0,13425.12249,25455218.2,16.041445678906026,North America
Canada,CAN,1984,425233340.0,355373000000.0,13877.91708,25769787.6,16.501235733894834,North America
Canada,CAN,1985,421718700.0,364756000000.0,14114.80776,26084357.0,16.167494563887466,North America
Canada,CAN,1986,404707940.0,377438000000.0,14461.06924,26398926.4,15.330469651220362,North America
Canada,CAN,1987,430982050.0,431317000000.0,16308.96697,26713495.8,16.13349496549231,North America
Canada,CAN,1988,455669100.0,507354000000.0,18936.9641,27028065.2,16.859109101157564,North America
Canada,CAN,1989,462885150.0,565056000000.0,20715.63148,27342634.6,16.929061766418076,North America
Canada,CAN,1990,458503070.0,593930000000.0,21448.36196,27657204.0,16.57807021996873,North America
Canada,CAN,1991,450159600.0,610328000000.0,21768.34329,27959814.9,16.10023534168676,North America
Canada,CAN,1992,464012830.0,592388000000.0,20879.84833,28262425.8,16.418011436229936,North America
Canada,CAN,1993,464554180.0,577171000000.0,20121.16125,28565036.7,16.26303459291547,North America
Canada,CAN,1994,479033000.0,578139000000.0,19935.38146,28867647.6,16.594112781119026,North America
Canada,CAN,1995,491825700.0,604032000000.0,20613.78788,29170258.5,16.860519079733216,North America
Canada,CAN,1996,508196640.0,628546000000.0,21227.34753,29472869.4,17.242862685097094,North America
Canada,CAN,1997,522577280.0,654987000000.0,21901.56285,29775480.3,17.55059111506591,North America
Canada,CAN,1998,530276260.0,634000000000.0,21024.58507,30078091.2,17.629983780353722,North America
Canada,CAN,1999,544482050.0,678412000000.0,22315.24667,30380702.1,17.92197060514938,North America
Canada,CAN,2000,567096100.0,744773000000.0,24271.00206,30683313.0,18.482231693820026,North America
Canada,CAN,2001,559147000.0,738982000000.0,23822.06012,31011322.9,18.03041430393155,North America
Canada,CAN,2002,564373800.0,760649000000.0,24255.33858,31339332.8,18.00848166110288,North America
Canada,CAN,2003,581427200.0,895541000000.0,28300.4631,31667342.7,18.3604669803886,North America
Canada,CAN,2004,579689400.0,1026690000000.0,32143.68141,31995352.6,18.117925038900804,North America
Canada,CAN,2005,574763650.0,1173110000000.0,36382.50792,32323362.5,17.781678808941983,North America
Canada,CAN,2006,568584500.0,1319260000000.0,40504.06073,32651372.4,17.413800958639033,North America
Canada,CAN,2007,593755260.0,1468820000000.0,44659.89514,32979382.3,18.003832048728214,North America
Canada,CAN,2008,576808640.0,1552990000000.0,46710.50558,33307392.2,17.31773645130945,North America
Canada,CAN,2009,544139650.0,1374630000000.0,40876.31015,33635402.1,16.177587185734875,North America
Canada,CAN,2010,556062100.0,1617340000000.0,47562.08343,33963412.0,16.372386260838574,North America
Canada,CAN,2011,565254000.0,1793330000000.0,52223.69611,34317154.8,16.471470414557796,North America
Canada,CAN,2012,565781760.0,1828370000000.0,52669.08996,34670897.6,16.318636065539877,North America
Canada,CAN,2013,569539700.0,1846600000000.0,52635.17496,35024640.4,16.261114846449644,North America
Canada,CAN,2014,566353000.0,1805750000000.0,50955.99832,35378383.2,16.008447780055704,North America
Canada,CAN,2015,570680400.0,1556510000000.0,43596.13554,35732126.0,15.971073201745678,North America
Canada,CAN,2016,557689700.0,1527990000000.0,42315.60371,36163441.8,15.421366779309155,North America
Canada,CAN,2017,566651900.0,1649270000000.0,45129.4293,36594757.6,15.484510273132674,North America
Canada,CAN,2018,577066300.0,1725330000000.0,46548.63841,37026073.4,15.585403663138637,North America
Canada,CAN,2019,578587700.0,1742020000000.0,46328.67184,37457389.2,15.446557070774167,North America
Canada,CAN,2020,522845280.0,1645420000000.0,43258.26387,37888705.0,13.799502516647111,North America
Cape Verde,CPV,1980,120912.0,142246875.5,501.1374945,317234.0,0.38114451792683,Africa
Cape Verde,CPV,1981,32976.0,139468114.6,483.1269255,321966.9,0.10242046620320287,Africa
Cape Verde,CPV,1982,36640.0,140630758.6,477.9392565,326699.8,0.11215188990014686,Africa
Cape Verde,CPV,1983,36640.0,138476239.4,461.2399971,331432.7,0.1105503470236944,Africa
Cape Verde,CPV,1984,84272.0,132019065.0,431.2375548,336165.6,0.25068597143788657,Africa
Cape Verde,CPV,1985,84272.0,137728155.2,441.9066289,340898.5,0.24720554651897853,Africa
Cape Verde,CPV,1986,58624.0,190651208.0,602.1584963,345631.4,0.16961421907847493,Africa
Cape Verde,CPV,1987,80608.0,235253171.8,732.5632731,350364.3,0.23006910236002928,Africa
Cape Verde,CPV,1988,73280.0,264308140.3,811.3983382,355097.2,0.20636603161049988,Africa
Cape Verde,CPV,1989,80608.0,267448513.1,807.5623924,359830.1,0.22401683461166813,Africa
Cape Verde,CPV,1990,179536.0,306891107.3,908.0881284,364563.0,0.4924690657033215,Africa
Cape Verde,CPV,1991,164880.0,319827058.6,923.7442808,373931.8,0.44093602095355355,Africa
Cape Verde,CPV,1992,179536.0,357160985.3,1003.929541,383300.6,0.46839477944986263,Africa
Cape Verde,CPV,1993,172208.0,490417389.7,1339.729577,392669.4,0.4385572188716513,Africa
Cape Verde,CPV,1994,175872.0,406580652.3,1080.156565,402038.2,0.4374509685895519,Africa
Cape Verde,CPV,1995,197856.0,487148993.5,1261.103098,411407.0,0.48092521517621234,Africa
Cape Verde,CPV,1996,216176.0,501979069.3,1269.120577,420775.8,0.513755781582496,Africa
Cape Verde,CPV,1997,227168.0,490608657.9,1213.632864,430144.6,0.5281200786898174,Africa
Cape Verde,CPV,1998,241824.0,521910560.5,1265.19785,439513.4,0.5502084805605472,Africa
Cape Verde,CPV,1999,289456.0,592416703.1,1408.986203,448882.2,0.6448373314869692,Africa
Cape Verde,CPV,2000,296784.0,539227277.6,1259.353067,458251.0,0.6476450678776479,Africa
Cape Verde,CPV,2001,348080.0,563024383.3,1292.226512,464547.1,0.7492889310900875,Africa
Cape Verde,CPV,2002,381056.0,620974660.2,1401.891073,470843.2,0.8093055182702011,Africa
Cape Verde,CPV,2003,414032.0,813963830.2,1809.11003,477139.3,0.8677382055932094,Africa
Cape Verde,CPV,2004,425024.0,924318490.8,2024.266381,483435.4,0.8791743426319214,Africa
Cape Verde,CPV,2005,447008.0,971977088.2,2099.148417,489731.5,0.9127613804707273,Africa
Cape Verde,CPV,2006,494640.0,1107891063.0,2361.380101,496027.6,0.997202575018003,Africa
Cape Verde,CPV,2007,505631.97,1513933983.0,3186.779935,502323.7,1.006585932537127,Africa
Cape Verde,CPV,2008,468992.0,1789333749.0,3721.219993,508619.8,0.922087578973528,Africa
Cape Verde,CPV,2009,520288.0,1711817182.0,3517.430156,514915.9,1.0104329658493745,Africa
Cape Verde,CPV,2010,556928.0,1664310770.0,3378.323433,521212.0,1.0685248996569534,Africa
Cape Verde,CPV,2011,615552.0,1865915544.0,3740.374103,527402.8,1.1671382859552508,Africa
Cape Verde,CPV,2012,501968.03,1741809809.0,3447.4831,533593.6,0.9407309795319885,Africa
Cape Verde,CPV,2013,494640.0,1850470042.0,3616.03557,539784.4,0.9163658675574914,Africa
Cape Verde,CPV,2014,487312.0,1859898513.0,3588.625584,545975.2,0.8925533613981003,Africa
Cape Verde,CPV,2015,490976.0,1596800287.0,3043.031382,552166.0,0.8891818764646864,Africa
Cape Verde,CPV,2016,494640.0,1663008687.0,3131.017598,558260.8,0.8860374935872265,Africa
Cape Verde,CPV,2017,509296.0,1769787215.0,3292.633503,564355.6,0.9024381081715146,Africa
Cape Verde,CPV,2018,538608.0,1966501118.0,3616.460666,570450.4,0.9441802477480952,Africa
Cape Verde,CPV,2019,560592.0,1981845741.0,3603.775241,576545.2,0.9723296629648466,Africa
Cape Verde,CPV,2020,516623.97,1703698677.0,3064.272388,582640.0,0.8866949917616367,Africa
Central African Republic,CAF,1970,208848.0,189106554.5,104.4120165,2067356.0,0.10102178821644651,Africa
Central African Republic,CAF,1971,183200.0,201450768.4,109.4533592,2102148.0,0.08714895430768908,Africa
Central African Republic,CAF,1972,168544.0,230317908.0,123.3106512,2136940.0,0.07887165760386347,Africa
Central African Republic,CAF,1973,161216.0,271183061.4,143.1158463,2171732.0,0.07423383732431073,Africa
Central African Republic,CAF,1974,113584.0,281398668.2,146.2277673,2206524.0,0.051476439866504964,Africa
Central African Republic,CAF,1975,102592.0,378660016.3,193.3549821,2241316.0,0.04577310829887441,Africa
Central African Republic,CAF,1976,128240.01,451152450.0,225.9131745,2276108.0,0.05634179485331979,Africa
Central African Republic,CAF,1977,128240.01,507298120.7,248.6860332,2310900.0,0.05549353498636894,Africa
Central African Republic,CAF,1978,146560.0,610578523.8,292.4700089,2345692.0,0.062480496160621256,Africa
Central African Republic,CAF,1979,102592.0,700764892.7,327.3412249,2380484.0,0.04309711806506576,Africa
Central African Republic,CAF,1980,106256.0,797048028.8,362.4001488,2415276.0,0.04399331587777132,Africa
Central African Republic,CAF,1981,135568.0,694803502.7,306.8322393,2454670.5,0.055228593817377936,Africa
Central African Republic,CAF,1982,142896.0,748312283.7,320.4298321,2494065.0,0.0572944169458294,Africa
Central African Republic,CAF,1983,146560.0,658679394.9,273.5013818,2533459.5,0.05784975050913583,Africa
Central African Republic,CAF,1984,150224.0,637820620.7,257.3536366,2572854.0,0.058388077986547236,Africa
Central African Republic,CAF,1985,161216.0,864849765.1,340.201389,2612248.5,0.06171541490022867,Africa
Central African Republic,CAF,1986,161216.0,1122265026.0,432.0117587,2651643.0,0.06079853132567242,Africa
Central African Republic,CAF,1987,260144.0,1200991826.0,453.7462185,2691037.5,0.09667052205701333,Africa
Central African Republic,CAF,1988,230832.0,1264899368.0,469.529167,2730432.0,0.08454046832149638,Africa
Central African Republic,CAF,1989,249152.0,1233930277.0,449.3988958,2769826.5,0.08995220458754366,Africa
Central African Republic,CAF,1990,183200.0,1440711396.0,513.3041877,2809221.0,0.06521380838317811,Africa
Central African Republic,CAF,1991,190528.0,1377375031.0,478.5032764,2904215.9,0.06560393805432992,Africa
Central African Republic,CAF,1992,194192.0,1411917558.0,477.1223243,2999210.8,0.06474769962818219,Africa
Central African Republic,CAF,1993,197856.0,1278781167.0,419.8027038,3094205.7,0.06394403578275355,Africa
Central African Republic,CAF,1994,208848.0,851174350.6,271.5054976,3189200.6,0.0654860029814368,Africa
Central African Republic,CAF,1995,208848.0,1115389732.0,346.1081962,3284195.5,0.06359182941454003,Africa
Central African Republic,CAF,1996,212512.0,1007791186.0,304.6310755,3379190.4,0.0628884362360878,Africa
Central African Republic,CAF,1997,216176.0,937741468.0,276.4215961,3474185.3,0.06222350891876723,Africa
Central African Republic,CAF,1998,219840.0,967338348.7,278.3319015,3569180.2,0.06159397611810129,Africa
Central African Republic,CAF,1999,230832.0,999477510.7,280.9084242,3664175.1,0.06299698941789109,Africa
Central African Republic,CAF,2000,234496.0,916777282.7,251.832764,3759170.0,0.06237972743983379,Africa
Central African Republic,CAF,2001,245488.0,932648604.4,250.5761943,3849259.7,0.06377537997760972,Africa
Central African Republic,CAF,2002,241824.0,996068145.6,261.9764205,3939349.4,0.061386786356142975,Africa
Central African Republic,CAF,2003,223504.0,1142315522.0,294.3213277,4029439.1,0.05546776969529084,Africa
Central African Republic,CAF,2004,219840.0,1272360517.0,321.3126541,4119528.8,0.053365326636386184,Africa
Central African Republic,CAF,2005,216176.0,1337894380.0,331.2948211,4209618.5,0.051352872000158686,Africa
Central African Republic,CAF,2006,227168.0,1461859763.0,354.986192,4299708.2,0.0528333527377509,Africa
Central African Republic,CAF,2007,230832.0,1699811293.0,404.909403,4389797.9,0.05258374195313183,Africa
Central African Republic,CAF,2008,164880.0,1993407887.0,466.4723203,4479887.6,0.03680449482705772,Africa
Central African Republic,CAF,2009,161216.0,2067381664.0,476.6162628,4569977.3,0.03527719929812343,Africa
Central African Republic,CAF,2010,168544.0,2142591376.0,488.4217358,4660067.0,0.0361677203353514,Africa
Central African Republic,CAF,2011,186864.0,2437982840.0,551.7497219,4691920.2,0.039826764317091326,Africa
Central African Republic,CAF,2012,190528.0,2510126699.0,565.8012071,4723773.4,0.04033385682725594,Africa
Central African Republic,CAF,2013,117248.0,1691544192.0,380.2979111,4755626.6,0.02465458494996222,Africa
Central African Republic,CAF,2014,124576.0,1894813505.0,424.4491317,4787479.8,0.026021206397570596,Africa
Central African Republic,CAF,2015,179536.0,1695825708.0,377.4229177,4819333.0,0.03725328795499294,Africa
Central African Republic,CAF,2016,197856.0,1825018191.0,402.1916451,4924070.4,0.04018139139521644,Africa
Central African Republic,CAF,2017,216176.0,2072349974.0,450.900697,5028807.8,0.04298752479663272,Africa
Central African Republic,CAF,2018,219840.0,2220978978.0,475.9538139,5133545.2,0.04282420655417624,Africa
Central African Republic,CAF,2019,227168.0,2221301401.0,468.1175148,5238282.6,0.04336688516957829,Africa
Central African Republic,CAF,2020,238160.0,2326720921.0,481.7462966,5343020.0,0.044574042395499176,Africa
Chad,TCD,1970,124576.0,469266736.6,128.7917736,3667394.0,0.03396853460522649,Africa
Chad,TCD,1971,150224.0,501866730.7,134.6863325,3741477.6,0.04015098206120491,Africa
Chad,TCD,1972,120912.0,585427545.7,153.4439645,3815561.2,0.031689178514552455,Africa
Chad,TCD,1973,161216.0,647199482.8,165.613494,3889644.8,0.04144748641315526,Africa
Chad,TCD,1974,150224.0,652532796.1,163.1365433,3963728.4,0.037899670421414344,Africa
Chad,TCD,1975,183200.0,864602103.3,211.468197,4037812.0,0.04537110692622638,Africa
Chad,TCD,1976,183200.0,866044961.0,207.5288221,4111895.6,0.044553660360443004,Africa
Chad,TCD,1977,197856.0,935360466.3,219.8136948,4185979.2,0.04726636004306949,Africa
Chad,TCD,1978,194192.0,1113920123.0,256.8238714,4260062.8,0.04558430453184869,Africa
Chad,TCD,1979,201520.0,1004316495.0,227.0800033,4334146.4,0.04649589132476004,Africa
Chad,TCD,1980,208848.0,1033002402.0,228.8224844,4408230.0,0.04737683832286428,Africa
Chad,TCD,1981,208848.0,876937559.7,190.107209,4550113.9,0.04589951033973017,Africa
Chad,TCD,1982,205184.0,834369860.4,176.8423264,4691997.8,0.0437306257901485,Africa
Chad,TCD,1983,205184.0,832415806.0,172.2602177,4833881.7,0.042447046232016804,Africa
Chad,TCD,1984,216176.0,919103735.3,185.3943371,4975765.6,0.043445776465032844,Africa
Chad,TCD,1985,179536.0,1033069710.0,202.7455568,5117649.5,0.03508173039204815,Africa
Chad,TCD,1986,186864.0,1067828247.0,203.5012509,5259533.4,0.03552862693105057,Africa
Chad,TCD,1987,197856.0,1163426851.0,214.9381823,5401417.3,0.036630385880387355,Africa
Chad,TCD,1988,65952.0,1482597299.0,265.2409713,5543301.2,0.011897603543534672,Africa
Chad,TCD,1989,102592.0,1433686310.0,248.3033757,5685185.1,0.018045498641724084,Africa
Chad,TCD,1990,377392.0,1738605558.0,291.5533573,5827069.0,0.06476532198262969,Africa
Chad,TCD,1991,384720.0,1877138042.0,304.8744725,6070275.8,0.06337768046717086,Africa
Chad,TCD,1992,406704.0,1881847677.0,296.0396966,6313482.6,0.06441832911680156,Africa
Chad,TCD,1993,403040.0,1463251055.0,222.9231832,6556689.4,0.061470046148594436,Africa
Chad,TCD,1994,412105.0,1179837955.0,173.9902724,6799896.2,0.0606046015820065,Africa
Chad,TCD,1995,427411.0,1445919970.0,206.2606526,7043103.0,0.06068504180614709,Africa
Chad,TCD,1996,443217.0,1607345450.0,221.6730401,7286309.8,0.06082873390862409,Africa
Chad,TCD,1997,453097.0,1544689503.0,205.8626958,7529516.6,0.06017610745422887,Africa
Chad,TCD,1998,463839.0,1744794457.0,224.5537395,7772723.4,0.05967522271537412,Africa
Chad,TCD,1999,477245.0,1534673583.0,190.5590719,8015930.2,0.059537070320297945,Africa
Chad,TCD,2000,487512.0,1388506727.0,166.1757089,8259137.0,0.05902699035020245,Africa
Chad,TCD,2001,505594.0,1710843361.0,197.1460821,8622696.0,0.05863525746471869,Africa
Chad,TCD,2002,527549.0,1997005787.0,221.4165369,8986255.0,0.05870621298861428,Africa
Chad,TCD,2003,882414.0,2742815195.0,292.6008802,9349814.0,0.09437770633725975,Africa
Chad,TCD,2004,902531.0,4422855929.0,454.3363652,9713373.0,0.09291633297722635,Africa
Chad,TCD,2005,925702.0,6649307057.0,658.566973,10076932.0,0.0918634759071511,Africa
Chad,TCD,2006,960951.0,7428701809.0,710.3963987,10440491.0,0.0920407862044036,Africa
Chad,TCD,2007,1088955.0,8650138069.0,799.603742,10804050.0,0.10079136990295307,Africa
Chad,TCD,2008,872463.0,10393834721.0,929.3827519,11167609.0,0.078124422156972,Africa
Chad,TCD,2009,1216046.0,9290728773.0,803.6863884,11531168.0,0.10545731360431138,Africa
Chad,TCD,2010,1236006.0,10668102735.0,892.5688697,11894727.0,0.10391209482991917,Africa
Chad,TCD,2011,1272949.0,12172309523.0,984.7361305,12343836.4,0.1031242604608726,Africa
Chad,TCD,2012,1742947.0,12367363678.0,967.3529488,12792945.8,0.13624281906986582,Africa
Chad,TCD,2013,2078496.9,12953535496.0,979.8117426,13242055.2,0.15696180604956245,Africa
Chad,TCD,2014,2182780.0,13940768066.0,1020.287979,13691164.6,0.15942982673658018,Africa
Chad,TCD,2015,2351698.0,10950392220.0,776.0197523,14140274.0,0.16631205307619923,Africa
Chad,TCD,2016,2374447.0,10097778354.0,693.4497674,14641159.4,0.16217615935524887,Africa
Chad,TCD,2017,2344165.0,10000395242.0,665.9488849,15142044.8,0.1548116539715957,Africa
Chad,TCD,2018,2383510.0,11239167048.0,726.1510071,15642930.2,0.15236979066747994,Africa
Chad,TCD,2019,2303133.0,11314951343.0,709.5400432,16143815.6,0.14266348532871004,Africa
Chad,TCD,2020,2279219.0,10715396135.0,652.3492096,16644701.0,0.1369336102823355,Africa
Chile,CHL,1970,24635802.0,9126309735.0,932.8615692,9820481.0,2.508614598409182,South America
Chile,CHL,1971,27055770.0,10884114754.0,1094.682253,9985415.7,2.709528657880513,South America
Chile,CHL,1972,28138992.0,11853817308.0,1173.218389,10150350.4,2.7722187797575932,South America
Chile,CHL,1973,27588490.0,16836261173.0,1640.0297,10315285.1,2.6745252053188526,South America
Chile,CHL,1974,25877990.0,16210404184.0,1554.387803,10480219.8,2.4692220672700014,South America
Chile,CHL,1975,22946672.0,7622217352.0,719.5991575,10645154.5,2.155597835616195,South America
Chile,CHL,1976,24028882.0,10341925249.0,961.424604,10810089.2,2.2228199560092436,South America
Chile,CHL,1977,23016912.0,13962893422.0,1278.32816,10975023.9,2.097208371455118,South America
Chile,CHL,1978,22842010.0,15989933708.0,1441.942086,11139958.6,2.050457350891771,South America
Chile,CHL,1979,24729658.0,21803696985.0,1937.266572,11304893.3,2.1875180369902294,South America
Chile,CHL,1980,25099940.0,29036709872.0,2542.763806,11469828.0,2.1883449342047676,South America
Chile,CHL,1981,24347124.0,34509878044.0,2979.607879,11657132.0,2.0886032687971623,South America
Chile,CHL,1982,20475254.0,25325893206.0,2156.513066,11844436.0,1.7286812136939234,South America
Chile,CHL,1983,20674070.0,20355959237.0,1709.442069,12031740.0,1.7182942783005617,South America
Chile,CHL,1984,22004668.0,19622527480.0,1624.631968,12219044.0,1.8008502138137812,South America
Chile,CHL,1985,21292234.0,17702885394.0,1444.280138,12406348.0,1.7162370425204903,South America
Chile,CHL,1986,22022452.0,18891048819.0,1517.861345,12593652.0,1.7486946598175017,South America
Chile,CHL,1987,22410162.0,22255407685.0,1760.306398,12780956.0,1.753402640616242,South America
Chile,CHL,1988,26599978.0,26040229793.0,2026.837914,12968260.0,2.051160140219274,South America
Chile,CHL,1989,32017830.0,29885685143.0,2288.554941,13155564.0,2.4337861911507557,South America
Chile,CHL,1990,32908116.0,33113887819.0,2494.526796,13342868.0,2.466345016678573,South America
Chile,CHL,1991,30891810.0,37834793730.0,2803.562714,13543761.1,2.2808885782842108,South America
Chile,CHL,1992,32000644.0,45964327559.0,3350.214089,13744654.2,2.3282247435515693,South America
Chile,CHL,1993,34097850.0,49297773130.0,3535.17436,13945547.3,2.4450707646303704,South America
Chile,CHL,1994,37974868.0,57008425296.0,4024.215228,14146440.4,2.6844115499189463,South America
Chile,CHL,1995,41562532.0,73447063319.0,5107.277513,14347333.5,2.8968819885590587,South America
Chile,CHL,1996,48226292.0,78574385336.0,5386.467985,14548226.6,3.314925820580771,South America
Chile,CHL,1997,55941976.0,85728899954.0,5797.888802,14749119.7,3.792902704559378,South America
Chile,CHL,1998,57258476.0,81995304456.0,5474.479217,14950012.8,3.829995115455687,South America
Chile,CHL,1999,61407950.0,75596103237.0,4985.629188,15150905.9,4.0530876770873485,South America
Chile,CHL,2000,58502596.0,78249883996.0,5100.254133,15351799.0,3.8107974185956968,South America
Chile,CHL,2001,52918384.0,71517080041.0,4609.21396,15517035.3,3.4103411493818023,South America
Chile,CHL,2002,54835572.0,70294892400.0,4481.831255,15682271.6,3.4966600119334754,South America
Chile,CHL,2003,55100196.0,76507577235.0,4827.083378,15847507.9,3.476899733869197,South America
Chile,CHL,2004,59228428.0,99079230170.0,6186.662716,16012744.2,3.698830585203503,South America
Chile,CHL,2005,61127496.0,122315000000.0,7558.371754,16177980.5,3.778437982416903,South America
Chile,CHL,2006,64051904.0,153840000000.0,9406.584485,16343216.8,3.9191736109136115,South America
Chile,CHL,2007,70476430.0,172566000000.0,10439.42846,16508453.1,4.269111683153402,South America
Chile,CHL,2008,70552540.0,179663000000.0,10752.9723,16673689.4,4.2313694532417045,South America
Chile,CHL,2009,65959824.0,171413000000.0,10151.05852,16838925.7,3.917104046607914,South America
Chile,CHL,2010,71347520.0,217105000000.0,12724.10406,17004162.0,4.195885689632926,South America
Chile,CHL,2011,78071464.0,251225000000.0,14577.63266,17177354.4,4.545022602549319,South America
Chile,CHL,2012,79620824.0,267176000000.0,15354.6184,17350546.8,4.588951859430735,South America
Chile,CHL,2013,81736820.0,277239000000.0,15777.78151,17523739.2,4.664348120405718,South America
Chile,CHL,2014,77589860.0,259405000000.0,14606.99672,17696931.6,4.384367965800354,South America
Chile,CHL,2015,81782160.0,242497000000.0,13495.01061,17870124.0,4.576474119597603,South America
Chile,CHL,2016,84250500.0,249299000000.0,13690.90746,18156162.2,4.640325365676674,South America
Chile,CHL,2017,84138260.0,276365000000.0,14962.55685,18442200.4,4.562267960172475,South America
Chile,CHL,2018,84438870.0,295403000000.0,15772.33348,18728238.6,4.5086391626813205,South America
Chile,CHL,2019,91977096.0,278585000000.0,14699.46278,19014276.8,4.837265017620864,South America
Chile,CHL,2020,80178160.0,252727000000.0,13220.57076,19300315.0,4.154241005911043,South America
China,CHN,1970,807952640.0,92602973434.0,113.1629916,822534450.0,0.9822720981473785,Asia
China,CHN,1971,909209700.0,99800958648.0,118.6545778,838518251.6,1.0843051993979995,Asia
China,CHN,1972,968645570.0,113688000000.0,131.8835612,854502053.2,1.1335789848281197,Asia
China,CHN,1973,1008292600.0,138544000000.0,157.0903743,870485854.8,1.1583101487980665,Asia
China,CHN,1974,1028099840.0,144182000000.0,160.1400937,886469656.4,1.1597687891260346,Asia
China,CHN,1975,1183215000.0,163432000000.0,178.3418196,902453458.0,1.311109165255146,Asia
China,CHN,1976,1226421200.0,153940000000.0,165.4055404,918437259.6,1.335334762588066,Asia
China,CHN,1977,1340831100.0,174938000000.0,185.4228329,934421061.2,1.434932447132646,Asia
China,CHN,1978,1492777900.0,149541000000.0,156.3963885,950404862.8,1.570675780847867,Asia
China,CHN,1979,1525661200.0,178281000000.0,183.9831522,966388664.4,1.5787242299114037,Asia
China,CHN,1980,1494495900.0,191149000000.0,194.8047222,982372466.0,1.5213128947773258,Asia
China,CHN,1981,1476487800.0,195866000000.0,197.0714745,999505644.6,1.4772180707302431,Asia
China,CHN,1982,1606585000.0,205090000000.0,203.3349195,1016638823.2,1.580290820434212,Asia
China,CHN,1983,1694216800.0,230687000000.0,225.4319289,1033772001.8,1.638868916018267,Asia
China,CHN,1984,1844828000.0,259947000000.0,250.713969,1050905180.4,1.755465701765609,Asia
China,CHN,1985,1998083000.0,309488000000.0,294.4588485,1068038359.0,1.8707970394160722,Asia
China,CHN,1986,2104213400.0,300758000000.0,281.9281209,1085171537.6,1.9390606250637072,Asia
China,CHN,1987,2257738500.0,272973000000.0,251.811957,1102304716.2,2.048198167729113,Asia
China,CHN,1988,2425893600.0,312354000000.0,283.5376952,1119437894.8,2.167064033894808,Asia
China,CHN,1989,2463654400.0,347768000000.0,310.8819124,1136571073.4,2.1676201846577805,Asia
China,CHN,1990,2484854800.0,360858000000.0,317.884673,1153704252.0,2.1538057051383737,Asia
China,CHN,1991,2606096100.0,383373000000.0,333.1421454,1164743733.7,2.2374845423905456,Asia
China,CHN,1992,2730787600.0,426916000000.0,366.4606923,1175783215.4,2.3225264353437716,Asia
China,CHN,1993,2921651000.0,444731000000.0,377.3898395,1186822697.1,2.461741764072301,Asia
China,CHN,1994,3103739000.0,564325000000.0,473.4922787,1197862178.8,2.5910651950871997,Asia
China,CHN,1995,3361637000.0,734548000000.0,609.6566792,1208901660.5,2.7807365229440015,Asia
China,CHN,1996,3508818200.0,863747000000.0,709.4137551,1219941142.2,2.8762192524077985,Asia
China,CHN,1997,3515594200.0,961604000000.0,781.7441643,1230980623.9,2.855929761803946,Asia
China,CHN,1998,3364587500.0,1029040000000.0,828.5804793,1242020105.6,2.7089637960205337,Asia
China,CHN,1999,3557274600.0,1094000000000.0,873.2870617,1253059587.3,2.8388710609245265,Asia
China,CHN,2000,3649201000.0,1211350000000.0,959.3724836,1264099069.0,2.886799847805283,Asia
China,CHN,2001,3728513500.0,1339400000000.0,1053.108243,1272508298.9,2.9300504391390256,Asia
China,CHN,2002,4103042600.0,1470550000000.0,1148.50829,1280917528.8,3.2032059111907443,Asia
China,CHN,2003,4841118700.0,1660290000000.0,1288.643252,1289326758.7,3.754764777302221,Asia
China,CHN,2004,5217351000.0,1955350000000.0,1508.668098,1297735988.6,4.0203485499608345,Asia
China,CHN,2005,5882143000.0,2285970000000.0,1753.417829,1306145218.5,4.503437226340847,Asia
China,CHN,2006,6494338000.0,2752130000000.0,2099.229435,1314554448.4,4.9403339723999515,Asia
China,CHN,2007,6983576600.0,3550340000000.0,2693.970063,1322963678.3,5.278736457053645,Asia
China,CHN,2008,7501498000.0,4594310000000.0,3468.304602,1331372908.2,5.634407876108831,Asia
China,CHN,2009,7891089400.0,5101700000000.0,3832.236432,1339782138.1,5.889830275831769,Asia
China,CHN,2010,8620627000.0,6087160000000.0,4550.453108,1348191368.0,6.394216136236232,Asia
China,CHN,2011,9532409000.0,7551500000000.0,5614.352135,1357296184.0,7.0230868636996036,Asia
China,CHN,2012,9779355000.0,8532230000000.0,6300.615118,1366401000.0,7.157016864009906,Asia
China,CHN,2013,9956376000.0,9570410000000.0,7020.338485,1375505816.0,7.238337987514551,Asia
China,CHN,2014,9998674000.0,10475700000000.0,7636.116601,1384610632.0,7.22128934223004,Asia
China,CHN,2015,9866952000.0,11061600000000.0,8016.431435,1393715448.0,7.079602952065435,Asia
China,CHN,2016,9765029000.0,11233300000000.0,8094.363367,1399958314.6,6.9752284037043575,Asia
China,CHN,2017,10011151000.0,12310400000000.0,8816.986905,1406201181.2,7.11928786139751,Asia
China,CHN,2018,10353934000.0,13894800000000.0,9905.342004,1412444047.8,7.330509138487376,Asia
China,CHN,2019,10721042000.0,14279900000000.0,10143.8382,1418686914.4,7.557017613385269,Asia
China,CHN,2020,10914012000.0,14687700000000.0,10408.66976,1424929781.0,7.659333214539643,Asia
Colombia,COL,1970,28370052.0,7198360460.0,335.1182036,20905254.0,1.357077603553633,South America
Colombia,COL,1971,30281416.0,7820380971.0,355.4075174,21432348.1,1.412883733444027,South America
Colombia,COL,1972,31425178.0,8671358733.0,385.1125208,21959442.2,1.4310553844578076,South America
Colombia,COL,1973,33630756.0,10315760000.0,448.0338172,22486536.3,1.4955952108995996,South America
Colombia,COL,1974,36394428.0,12370029584.0,525.5257298,23013630.4,1.5814292385611617,South America
Colombia,COL,1975,35809044.0,13098633902.0,544.2909066,23540724.5,1.5211530129414665,South America
Colombia,COL,1976,37979736.0,15341403660.0,623.4289691,24067818.6,1.5780298427211845,South America
Colombia,COL,1977,39240976.0,19470960619.0,773.7458155,24594912.7,1.5954915749711118,South America
Colombia,COL,1978,41534244.0,23263511958.0,904.0106935,25122006.8,1.6533012004439072,South America
Colombia,COL,1979,44266890.0,27940411250.0,1061.848345,25649100.9,1.725865174478689,South America
Colombia,COL,1980,44174240.0,33400735644.0,1241.639587,26176195.0,1.6875730028753224,South America
Colombia,COL,1981,44260324.0,36388366869.0,1323.376573,26818714.8,1.6503521637807939,South America
Colombia,COL,1982,45679304.0,38968039722.0,1386.672969,27461234.6,1.6634104280220525,South America
Colombia,COL,1983,49209650.0,38729822782.0,1348.804623,28103754.4,1.7509991476441313,South America
Colombia,COL,1984,48701540.0,38253120738.0,1304.177177,28746274.2,1.6941861634367907,South America
Colombia,COL,1985,48079492.0,34894411352.0,1165.042414,29388794.0,1.6359804352638627,South America
Colombia,COL,1986,48754284.0,34942489684.0,1142.939363,30031313.8,1.623448255533862,South America
Colombia,COL,1987,50123984.0,36373307085.0,1165.982397,30673833.6,1.6340958438269677,South America
Colombia,COL,1988,52017412.0,39212550050.0,1232.226154,31316353.4,1.6610303037390044,South America
Colombia,COL,1989,52792804.0,39540080200.0,1218.21101,31958873.2,1.6518981651706044,South America
Colombia,COL,1990,56897744.0,47844090710.0,1445.32863,32601393.0,1.7452549956991101,South America
Colombia,COL,1991,56654080.0,49175565911.0,1456.694357,33262767.2,1.7032281066501287,South America
Colombia,COL,1992,61494680.0,58418985443.0,1697.112936,33924141.4,1.8127114633474557,South America
Colombia,COL,1993,63337804.0,66446804803.0,1893.542212,34585515.6,1.8313390129132554,South America
Colombia,COL,1994,67037376.0,81703500846.0,2284.838813,35246889.8,1.9019373448377281,South America
Colombia,COL,1995,59420744.0,92507279383.0,2539.912877,35908264.0,1.6547930025244328,South America
Colombia,COL,1996,59912670.0,97160109278.0,2620.538762,36569638.2,1.638317274902654,South America
Colombia,COL,1997,65256204.0,106660000000.0,2827.379527,37231012.4,1.752737833151161,South America
Colombia,COL,1998,65798796.0,98443739941.0,2566.024194,37892386.6,1.7364648126967013,South America
Colombia,COL,1999,55475790.0,86186158685.0,2209.93165,38553760.8,1.4389203244732485,South America
Colombia,COL,2000,56591360.0,99886577331.0,2520.481089,39215135.0,1.4430999663777773,South America
Colombia,COL,2001,56848172.0,98211749596.0,2439.682456,39775232.3,1.4292354491164092,South America
Colombia,COL,2002,55901212.0,97963003805.0,2396.627127,40335329.6,1.385911868190114,South America
Colombia,COL,2003,57378090.0,94641378693.0,2281.401762,40895426.9,1.4030441628670223,South America
Colombia,COL,2004,54646776.0,117082000000.0,2782.623185,41455524.2,1.318202508702085,South America
Colombia,COL,2005,60161604.0,145619000000.0,3414.465158,42015621.5,1.4318865662858278,South America
Colombia,COL,2006,62304364.0,161619000000.0,3741.092837,42575718.8,1.463377853763916,South America
Colombia,COL,2007,60491492.0,206182000000.0,4714.073055,43135816.1,1.4023495431213135,South America
Colombia,COL,2008,66963988.0,242187000000.0,5472.53653,43695913.4,1.5325000163516436,South America
Colombia,COL,2009,72460616.0,232398000000.0,5193.241458,44256010.7,1.6373056417396428,South America
Colombia,COL,2010,76266460.0,286563000000.0,6336.709474,44816108.0,1.7017644637950267,South America
Colombia,COL,2011,76224170.0,334944000000.0,7335.166934,45276832.0,1.683513767040945,South America
Colombia,COL,2012,80255270.0,370921000000.0,8050.255372,45737556.0,1.7546908278177347,South America
Colombia,COL,2013,88104664.0,382116000000.0,8218.347844,46198280.0,1.907098359506025,South America
Colombia,COL,2014,98284140.0,381112000000.0,8114.343921,46659004.0,2.1064345908455313,South America
Colombia,COL,2015,96774220.0,293482000000.0,6175.87603,47119728.0,2.0537941135823194,South America
Colombia,COL,2016,99685730.0,282825000000.0,5870.777957,47881914.8,2.0819077602970046,South America
Colombia,COL,2017,92275010.0,311884000000.0,6376.706716,48644101.6,1.8969413960766828,South America
Colombia,COL,2018,87112040.0,334198000000.0,6729.583332,49406288.4,1.7631771748310485,South America
Colombia,COL,2019,94497930.0,323110000000.0,6418.615783,50168475.2,1.8836117626313664,South America
Colombia,COL,2020,89731320.0,270300000000.0,5312.198556,50930662.0,1.761832979905111,South America
Comoros,COM,1980,47632.0,212218226.4,689.3984895,328328.0,0.1450744377573646,Africa
Comoros,COM,1981,47632.0,196349967.7,618.1972869,338607.1,0.14067041122291885,Africa
Comoros,COM,1982,47632.0,184008995.6,562.8150253,348886.2,0.1365258929702579,Africa
Comoros,COM,1983,47632.0,191621958.4,570.1541215,359165.3,0.13261860207542323,Africa
Comoros,COM,1984,47632.0,184697210.0,534.6491149,369444.4,0.1289287373147353,Africa
Comoros,COM,1985,47632.0,196726077.1,553.6324027,379723.5,0.12543864153785583,Africa
Comoros,COM,1986,43968.0,279197696.8,763.3253505,390002.6,0.11273770995372852,Africa
Comoros,COM,1987,47632.0,337525870.6,896.1331714,400281.7,0.11899619692831323,Africa
Comoros,COM,1988,51296.0,356500026.7,918.8997605,410560.8,0.12494129980261146,Africa
Comoros,COM,1989,51296.0,341476764.0,854.4652011,420839.9,0.12188958318828609,Africa
Comoros,COM,1990,65952.0,429622147.7,1043.790659,431119.0,0.15297864394749477,Africa
Comoros,COM,1991,65952.0,424108796.6,1000.556291,441682.9,0.14931979481206992,Africa
Comoros,COM,1992,69616.0,457388578.9,1047.965144,452246.8,0.15393364861840925,Africa
Comoros,COM,1993,73280.0,452881443.1,1008.038469,462810.7,0.1583368750981773,Africa
Comoros,COM,1994,73280.0,319189200.4,690.4672501,473374.6,0.15480340516791566,Africa
Comoros,COM,1995,76944.0,398461789.6,838.171684,483938.5,0.15899540954067512,Africa
Comoros,COM,1996,80608.0,396053797.6,810.5475521,494502.4,0.16300830895866228,Africa
Comoros,COM,1997,84272.0,364445589.7,726.0523149,505066.3,0.16685334182858766,Africa
Comoros,COM,1998,91600.0,370106776.0,718.1212694,515630.2,0.177646693308499,Africa
Comoros,COM,1999,95264.0,382454989.9,723.1782555,526194.1,0.18104345905816885,Africa
Comoros,COM,2000,102592.0,351136568.4,647.4258118,536758.0,0.19113268921935025,Africa
Comoros,COM,2001,106256.0,378512003.4,680.9055728,548684.6,0.19365588172148446,Africa
Comoros,COM,2002,106256.0,425964697.4,747.9888625,560611.2,0.18953599214571526,Africa
Comoros,COM,2003,135568.0,546885185.0,937.7108963,572537.8,0.23678436602788494,Africa
Comoros,COM,2004,146560.0,633706149.3,1061.075548,584464.4,0.25075949878213283,Africa
Comoros,COM,2005,142896.0,653845122.9,1069.029426,596391.0,0.2396012012253706,Africa
Comoros,COM,2006,164880.0,698431827.7,1114.945281,608317.6,0.27104262641751614,Africa
Comoros,COM,2007,106256.0,795673128.5,1240.092528,620244.2,0.17131316987728384,Africa
Comoros,COM,2008,109920.0,915659192.8,1393.216032,632170.8,0.1738770598072546,Africa
Comoros,COM,2009,135568.0,905341090.6,1344.730406,644097.4,0.21047748368492095,Africa
Comoros,COM,2010,161216.0,907978723.5,1316.491213,656024.0,0.24574710681316536,Africa
Comoros,COM,2011,142896.0,1023086184.0,1447.945144,670862.4,0.21300344154032183,Africa
Comoros,COM,2012,153888.0,1015843369.0,1403.360252,685700.8,0.2244244136801357,Africa
Comoros,COM,2013,183200.0,1116224161.0,1505.337292,700539.2,0.261512846104829,Africa
Comoros,COM,2014,161216.0,1149587652.0,1513.830379,715377.6,0.22535790888616028,Africa
Comoros,COM,2015,179536.0,966029542.0,1242.585608,730216.0,0.2458669763467248,Africa
Comoros,COM,2016,216176.0,1012835518.0,1273.050952,745406.0,0.29001108120943486,Africa
Comoros,COM,2017,267472.0,1077439663.0,1323.814843,760596.0,0.35166106579577067,Africa
Comoros,COM,2018,293120.0,1188797575.0,1428.290463,775786.0,0.3778361558471022,Africa
Comoros,COM,2019,311440.0,1195019559.0,1404.433187,790976.0,0.3937414030261348,Africa
Comoros,COM,2020,381056.0,1223876065.0,1407.40927,806166.0,0.4726768432307986,Africa
Congo,COG,1970,571584.0,274960699.9,207.2213002,1396989.0,0.40915425962552315,Africa
Congo,COG,1971,685168.0,322128019.3,235.8372808,1440215.7,0.4757398492461928,Africa
Congo,COG,1972,663184.0,410669262.9,291.9774924,1483442.4,0.44705746579712163,Africa
Congo,COG,1973,1220112.0,541973362.5,374.1277029,1526669.1,0.7991987261679692,Africa
Congo,COG,1974,1623152.0,585364635.4,392.3210842,1569895.8,1.0339233979732922,Africa
Congo,COG,1975,1099200.0,767102679.0,499.2019558,1613122.5,0.681411362125319,Africa
Congo,COG,1976,1234768.0,754549600.5,476.8504788,1656349.2,0.7454756521149043,Africa
Congo,COG,1977,479984.0,765224030.6,469.6879304,1699575.9,0.282413983394328,Africa
Congo,COG,1978,322432.0,878771771.3,523.9123291,1742802.6,0.18500775704603606,Africa
Congo,COG,1979,348080.0,1198749666.0,694.1768268,1786029.3,0.19489041977082905,Africa
Congo,COG,1980,405529.0,1705796850.0,959.4274975,1829256.0,0.22169067642801227,Africa
Congo,COG,1981,470724.0,1993512326.0,1088.976699,1884873.9,0.24973766149555152,Africa
Congo,COG,1982,1343102.0,2160640567.0,1146.305648,1940491.8,0.6921451561918478,Africa
Congo,COG,1983,1142452.0,2097274290.0,1080.816288,1996109.7,0.5723392857616993,Africa
Congo,COG,1984,1139504.0,2193581366.0,1098.441641,2051727.6,0.5553875670435003,Africa
Congo,COG,1985,1275224.0,2160872541.0,1051.873692,2107345.5,0.6051328555284361,Africa
Congo,COG,1986,1062373.0,1849268215.0,875.4516702,2162963.4,0.4911655000727243,Africa
Congo,COG,1987,1320092.0,2297753649.0,1058.229422,2218581.3,0.5950162836043016,Africa
Congo,COG,1988,1492941.0,2212536313.0,991.5187054,2274199.2,0.6564688792432958,Africa
Congo,COG,1989,1495627.0,2389593022.0,1042.052007,2329817.1,0.6419503917281747,Africa
Congo,COG,1990,1007907.06,2798746051.0,1187.549772,2385435.0,0.42252547648542094,Africa
Congo,COG,1991,1082796.0,2724853508.0,1124.897828,2460294.5,0.44010828784927986,Africa
Congo,COG,1992,1289163.0,2933222706.0,1178.027107,2535154.0,0.508514670114715,Africa
Congo,COG,1993,1160443.0,2684323618.0,1048.613067,2610013.5,0.444611876528608,Africa
Congo,COG,1994,3383880.0,1769365439.0,672.1632001,2684873.0,1.2603501171191338,Africa
Congo,COG,1995,3224670.0,2116003868.0,781.5249711,2759732.5,1.1684719442917022,Africa
Congo,COG,1996,4037411.2,2540697538.0,912.0122972,2834592.0,1.4243359185378355,Africa
Congo,COG,1997,4830572.0,2322719101.0,810.0766828,2909451.5,1.6603033252143917,Africa
Congo,COG,1998,3869270.0,1949481381.0,660.4715058,2984311.0,1.296537123644285,Africa
Congo,COG,1999,3915579.0,2354772959.0,774.9961029,3059170.5,1.2799479466737798,Africa
Congo,COG,2000,4284250.0,3227927697.0,1032.137576,3134030.0,1.3670098882269792,Africa
Congo,COG,2001,4177806.8,2796704603.0,869.1005097,3264415.4,1.2798024418093359,Africa
Congo,COG,2002,2720283.0,3034250926.0,916.5880027,3394800.8,0.8013085775165365,Africa
Congo,COG,2003,3258111.0,3503723087.0,1028.415175,3525186.2,0.9242379877692701,Africa
Congo,COG,2004,3548607.0,4656974938.0,1326.596607,3655571.6,0.9707392956001737,Africa
Congo,COG,2005,4352130.0,6650001685.0,1835.609908,3785957.0,1.1495455442309566,Africa
Congo,COG,2006,4785876.0,8072305031.0,2155.406357,3916342.4,1.2220269606661562,Africa
Congo,COG,2007,4259311.0,8782703428.0,2265.847453,4046727.8,1.0525321223730442,Africa
Congo,COG,2008,4270264.0,11649857662.0,2904.124496,4177113.2,1.0223002814479627,Africa
Congo,COG,2009,4943653.0,9723299908.0,2345.563735,4307498.6,1.1476853410933205,Africa
Congo,COG,2010,5499943.0,13148396206.0,3076.556449,4437884.0,1.239316530130125,Africa
Congo,COG,2011,5046421.0,15655383586.0,3562.217615,4563184.4,1.1058989858047374,Africa
Congo,COG,2012,5019527.0,17692911281.0,3922.868842,4688484.8,1.0706075020228285,Africa
Congo,COG,2013,5892286.0,17958720704.0,3884.850686,4813785.2,1.2240442303075758,Africa
Congo,COG,2014,5469577.0,17912907682.0,3781.515735,4939085.6,1.1074068042068355,Africa
Congo,COG,2015,5633314.0,11890259177.0,2448.523778,5064386.0,1.112338988378848,Africa
Congo,COG,2016,5729264.0,10219341017.0,2051.666176,5191943.6,1.1034911858441607,Africa
Congo,COG,2017,5651375.0,11094823677.0,2170.900563,5319501.2,1.0623881427078163,Africa
Congo,COG,2018,6544945.0,13670038020.0,2606.615526,5447058.8,1.2015557827281027,Africa
Congo,COG,2019,7290182.0,12750338736.0,2369.729441,5574616.4,1.3077459464296053,Africa
Congo,COG,2020,7391505.0,10483151094.0,1899.778237,5702174.0,1.2962608647158085,Africa
Costa Rica,CRI,1970,1248681.0,984830158.5,533.0915649,1855697.0,0.6728905634917769,North America
Costa Rica,CRI,1971,1527026.0,1077152902.0,568.0964468,1911557.6,0.798838601567643,North America
Costa Rica,CRI,1972,1761314.0,1238251696.0,636.9050523,1967418.2,0.8952412862705041,North America
Costa Rica,CRI,1973,2043412.9,1528916185.0,767.3271288,2023278.8,1.009951223726557,North America
Costa Rica,CRI,1974,1904091.0,1666544754.0,816.0368625,2079139.4,0.9158072806469831,North America
Costa Rica,CRI,1975,2035847.0,1960863466.0,936.3368228,2135000.0,0.9535583138173302,North America
Costa Rica,CRI,1976,2081855.0,2412555426.0,1122.807632,2190860.6,0.9502453054292911,North America
Costa Rica,CRI,1977,2607419.0,3072427013.0,1393.000516,2246721.2,1.1605440853097393,North America
Costa Rica,CRI,1978,2912043.0,3523208810.0,1555.540411,2302581.8,1.2646860146293175,North America
Costa Rica,CRI,1979,2780982.0,4035519323.0,1734.61797,2358442.4,1.1791604492863597,North America
Costa Rica,CRI,1980,2448461.0,4831447001.0,2021.548779,2414303.0,1.014148182726029,North America
Costa Rica,CRI,1981,2236213.0,2623807074.0,1068.502425,2488698.0,0.8985473528728677,North America
Costa Rica,CRI,1982,2070622.0,2606621255.0,1032.997004,2563093.0,0.8078606589772591,North America
Costa Rica,CRI,1983,2088813.1,3146770104.0,1213.55646,2637488.0,0.7919706554115128,North America
Costa Rica,CRI,1984,1980949.0,3660476459.0,1373.939261,2711883.0,0.730469935465505,North America
Costa Rica,CRI,1985,2242455.0,3919203960.0,1432.081248,2786278.0,0.8048209834051017,North America
Costa Rica,CRI,1986,2577534.0,4418983871.0,1572.455025,2860673.0,0.9010236402412999,North America
Costa Rica,CRI,1987,2723861.0,4532952047.0,1571.29231,2935068.0,0.9280401680642493,North America
Costa Rica,CRI,1988,2905922.0,4614629898.0,1558.505869,3009463.0,0.9655948586176337,North America
Costa Rica,CRI,1989,2933345.0,5251025767.0,1727.870961,3083858.0,0.9511932780303114,North America
Costa Rica,CRI,1990,2913015.0,5711687787.0,1831.000151,3158253.0,0.9223501093800909,North America
Costa Rica,CRI,1991,3287914.0,7196276092.0,2247.373379,3240347.0,1.014679600672397,North America
Costa Rica,CRI,1992,3741868.0,8564044017.0,2605.805225,3322441.0,1.1262406164624141,North America
Costa Rica,CRI,1993,3890892.0,9582866263.0,2841.64278,3404535.0,1.1428556322669616,North America
Costa Rica,CRI,1994,5199850.0,10486784805.0,3031.888771,3486629.0,1.4913688838129895,North America
Costa Rica,CRI,1995,4800770.0,11578594260.0,3265.693381,3568723.0,1.3452346959962989,North America
Costa Rica,CRI,1996,4686377.0,11678424507.0,3215.105687,3650817.0,1.2836515771675217,North America
Costa Rica,CRI,1997,4916182.0,12614602382.0,3391.977735,3732911.0,1.3169834480382736,North America
Costa Rica,CRI,1998,5234101.0,13684255947.0,3597.434509,3815005.0,1.3719774941317247,North America
Costa Rica,CRI,1999,5437766.0,14254866281.0,3668.802068,3897099.0,1.395336890338172,North America
Costa Rica,CRI,2000,5393873.0,15013629659.0,3789.053886,3979193.0,1.3555193226365245,North America
Costa Rica,CRI,2001,5666567.0,15976174337.0,3960.307703,4043498.9,1.4014018898335796,North America
Costa Rica,CRI,2002,6245400.0,16578820687.0,4042.705686,4107804.8,1.5203740937251937,North America
Costa Rica,CRI,2003,6582545.0,17271760507.0,4147.824369,4172110.7,1.5777493631700616,North America
Costa Rica,CRI,2004,6841678.0,18610594846.0,4404.711884,4236416.6,1.614968178530884,North America
Costa Rica,CRI,2005,6723403.0,20040642477.0,4676.379366,4300722.5,1.5633194190045976,North America
Costa Rica,CRI,2006,7006724.0,22715540324.0,5227.465952,4365028.4,1.6051955125881883,North America
Costa Rica,CRI,2007,7960740.0,26884700345.0,6103.741917,4429334.3,1.7972768503835894,North America
Costa Rica,CRI,2008,7989944.0,30801744881.0,6901.388306,4493640.2,1.7780560179250666,North America
Costa Rica,CRI,2009,7747752.0,30745712007.0,6801.036735,4557946.1,1.6998340546414097,North America
Costa Rica,CRI,2010,7492647.0,37658614803.0,8227.127494,4622252.0,1.620994917628896,North America
Costa Rica,CRI,2011,7310815.0,42762617082.0,9229.834517,4676850.0,1.5631921057977056,North America
Costa Rica,CRI,2012,7260085.0,47231651863.0,10075.00462,4731448.0,1.5344319540233773,North America
Costa Rica,CRI,2013,7631517.0,50949672206.0,10744.09102,4786046.0,1.59453482060139,North America
Costa Rica,CRI,2014,7748309.0,52016408951.0,10847.16967,4840644.0,1.6006773065732576,North America
Costa Rica,CRI,2015,7406021.0,56441917653.0,11642.77805,4895242.0,1.5129019157786274,North America
Costa Rica,CRI,2016,7855934.0,58847016045.0,12011.22275,4940814.6,1.5900078501225285,North America
Costa Rica,CRI,2017,8029008.0,60516043590.0,12225.57449,4986387.2,1.6101854264345936,North America
Costa Rica,CRI,2018,8012376.0,62420165100.0,12485.4239,5031959.8,1.5922972993544187,North America
Costa Rica,CRI,2019,7698382.0,64417670083.0,12762.13801,5077532.4,1.5161660022100498,North America
Costa Rica,CRI,2020,6763180.0,62158002233.0,12201.92603,5123105.0,1.3201330052770732,North America
Cote d'Ivoire,CIV,1970,2242368.0,1455482990.0,285.2730343,5477086.0,0.4094089448294221,Africa
Cote d'Ivoire,CIV,1971,2454880.0,1584128262.0,297.2803606,5759758.3,0.42621232908332285,Africa
Cote d'Ivoire,CIV,1972,2711360.0,1849400600.0,331.6700101,6042430.6,0.44872008956131,Africa
Cote d'Ivoire,CIV,1973,2876240.0,2508421235.0,429.4129337,6325102.9,0.4547341040095964,Africa
Cote d'Ivoire,CIV,1974,3242640.0,3070151901.0,501.5526782,6607775.2,0.490730980073293,Africa
Cote d'Ivoire,CIV,1975,3986432.0,3893839190.0,607.2350017,6890447.5,0.5785447171609681,Africa
Cote d'Ivoire,CIV,1976,3960784.0,4662053708.0,694.3832471,7173119.8,0.5521703401635646,Africa
Cote d'Ivoire,CIV,1977,4052384.0,6265067858.0,891.6346023,7455792.1,0.5435215930980694,Africa
Cote d'Ivoire,CIV,1978,4814496.0,7900524898.0,1074.862008,7738464.4,0.6221513405166017,Africa
Cote d'Ivoire,CIV,1979,5419056.0,9142935858.0,1189.568397,8021136.7,0.6755970135753951,Africa
Cote d'Ivoire,CIV,1980,5569280.0,10175615442.0,1266.623877,8303809.0,0.6706898003073047,Africa
Cote d'Ivoire,CIV,1981,3865520.0,8432588484.0,1004.634373,8664482.1,0.4461339933981744,Africa
Cote d'Ivoire,CIV,1982,5554624.0,7567109767.0,863.3334326,9025155.2,0.6154602194541763,Africa
Cote d'Ivoire,CIV,1983,4517712.0,6838185419.0,747.7561819,9385828.3,0.4813333310177856,Africa
Cote d'Ivoire,CIV,1984,5133264.0,6841638715.0,717.8976675,9746501.4,0.526677603514221,Africa
Cote d'Ivoire,CIV,1985,6983584.0,6977650069.0,703.5195152,10107174.5,0.6909531442244319,Africa
Cote d'Ivoire,CIV,1986,5576608.0,9158302205.0,888.5285805,10467847.6,0.5327368350299636,Africa
Cote d'Ivoire,CIV,1987,7349984.0,10087653189.0,942.9310075,10828520.7,0.6787615966786673,Africa
Cote d'Ivoire,CIV,1988,8804592.0,10255170460.0,924.3272452,11189193.8,0.7868835018301318,Africa
Cote d'Ivoire,CIV,1989,8265983.5,9757410614.0,848.2895443,11549866.9,0.715677814434381,Africa
Cote d'Ivoire,CIV,1990,4781520.0,10795850107.0,905.3220195,11910540.0,0.4014528308540167,Africa
Cote d'Ivoire,CIV,1991,4308864.0,10492628915.0,848.7531159,12399453.0,0.34750436168434207,Africa
Cote d'Ivoire,CIV,1992,3843536.0,11152971316.0,870.4807017,12888366.0,0.2982174776849137,Africa
Cote d'Ivoire,CIV,1993,5092960.0,11045759469.0,832.2830587,13377279.0,0.3807171847129749,Africa
Cote d'Ivoire,CIV,1994,4132991.8,8313557450.0,605.2633669,13866192.0,0.29806249617775377,Africa
Cote d'Ivoire,CIV,1995,6225337.0,11000146839.0,774.6713757,14355105.0,0.4336671170290987,Africa
Cote d'Ivoire,CIV,1996,7526009.0,18071153890.0,1232.253656,14844018.0,0.5070061892945698,Africa
Cote d'Ivoire,CIV,1997,7211238.0,18047557172.0,1192.779461,15332931.0,0.4703104709725753,Africa
Cote d'Ivoire,CIV,1998,6755485.0,19619653924.0,1258.52471,15821844.0,0.426972039415886,Africa
Cote d'Ivoire,CIV,1999,6091911.0,18870992456.0,1177.040794,16310757.0,0.37349039042148685,Africa
Cote d'Ivoire,CIV,2000,6633573.0,16577533355.0,1007.46739,16799670.0,0.39486329195752057,Africa
Cote d'Ivoire,CIV,2001,7649681.0,16810536884.0,997.4787843,17231707.2,0.44393053521707937,Africa
Cote d'Ivoire,CIV,2002,7450165.0,18054384023.0,1047.752265,17663744.4,0.4217772195571399,Africa
Cote d'Ivoire,CIV,2003,5300525.0,21251755294.0,1207.512648,18095781.6,0.292914952068166,Africa
Cote d'Ivoire,CIV,2004,7386261.0,23510577108.0,1308.28782,18527818.8,0.39865788195208385,Africa
Cote d'Ivoire,CIV,2005,7564355.0,24036917017.0,1309.591653,18959856.0,0.3989669014363822,Africa
Cote d'Ivoire,CIV,2006,6887238.0,25281414473.0,1347.988824,19391893.2,0.35516068126860356,Africa
Cote d'Ivoire,CIV,2007,6653270.0,28760092034.0,1500.167805,19823930.4,0.3356181072952113,Africa
Cote d'Ivoire,CIV,2008,6712605.0,34078243426.0,1738.192101,20255967.6,0.3313890075535073,Africa
Cote d'Ivoire,CIV,2009,5659943.0,33886814907.0,1689.344762,20688004.8,0.2735857350535804,Africa
Cote d'Ivoire,CIV,2010,6224746.0,34936305297.0,1701.475702,21120042.0,0.29473170555247946,Africa
Cote d'Ivoire,CIV,2011,6523170.0,36693712825.0,1744.938897,21615381.8,0.3017837047874861,Africa
Cote d'Ivoire,CIV,2012,8540010.0,36302305578.0,1684.781586,22110721.6,0.38623841204712195,Africa
Cote d'Ivoire,CIV,2013,9679770.0,42760237561.0,1935.946845,22606061.4,0.4281935640500384,Africa
Cote d'Ivoire,CIV,2014,9903225.0,48843008580.0,2156.645883,23101401.2,0.42868503578042705,Africa
Cote d'Ivoire,CIV,2015,9554745.0,45814637971.0,1972.545683,23596741.0,0.40491799270077167,Africa
Cote d'Ivoire,CIV,2016,11982747.0,47964234560.0,2013.381448,24239750.8,0.4943428296300802,Africa
Cote d'Ivoire,CIV,2017,12001905.0,51588158718.0,2111.026557,24882760.6,0.48233816146589453,Africa
Cote d'Ivoire,CIV,2018,10352434.0,58011466451.0,2314.050958,25525770.4,0.4055679353756156,Africa
Cote d'Ivoire,CIV,2019,10535081.0,58539424930.0,2276.332394,26168780.2,0.40258204316302065,Africa
Cote d'Ivoire,CIV,2020,11018607.0,61348579465.0,2325.723705,26811790.0,0.41096125995317734,Africa
Croatia,HRV,1995,16815704.0,22717081925.0,4917.085371,4711070.5,3.5694019013300693,Europe
Croatia,HRV,1996,17343678.0,24075166261.0,5283.005005,4678543.2,3.7070680463098,Europe
Croatia,HRV,1997,18556528.0,24091170703.0,5312.369502,4646015.9,3.9940732876097127,Europe
Croatia,HRV,1998,19011170.0,25792876644.0,5691.10952,4613488.6,4.1207796633549725,Europe
Croatia,HRV,1999,20022372.0,23677307509.0,5246.935968,4580961.3,4.370779556683878,Europe
Croatia,HRV,2000,19660010.0,21839780971.0,4887.713716,4548434.0,4.322368973585195,Europe
Croatia,HRV,2001,20782298.0,23273640257.0,5412.925136,4530458.8,4.587239155557491,Europe
Croatia,HRV,2002,21887298.0,27074550258.0,6293.225299,4512483.6,4.8503883759267294,Europe
Croatia,HRV,2003,23213128.0,34985749883.0,8129.794584,4494508.4,5.164775751670638,Europe
Croatia,HRV,2004,22884860.0,41958833541.0,9747.440771,4476533.2,5.112183687144328,Europe
Croatia,HRV,2005,23340032.0,45780237257.0,10621.50746,4458558.0,5.234883565493597,Europe
Croatia,HRV,2006,23546764.0,50860788253.0,11797.47447,4440582.8,5.3026291954290325,Europe
Croatia,HRV,2007,24859720.0,60542673503.0,14046.31681,4422607.6,5.621054872695466,Europe
Croatia,HRV,2008,23594392.0,70750646248.0,16416.58681,4404632.4,5.356722163692933,Europe
Croatia,HRV,2009,21805310.0,63084004705.0,14653.04355,4386657.2,4.970826076858707,Europe
Croatia,HRV,2010,21018168.0,60426018629.0,14067.52312,4368682.0,4.811100464625258,Europe
Croatia,HRV,2011,20650176.0,63169910822.0,14757.18034,4345908.6,4.7516360560367055,Europe
Croatia,HRV,2012,19081248.0,57192346923.0,13401.65662,4323135.2,4.413752315680528,Europe
Croatia,HRV,2013,18432192.0,58889082315.0,13837.73164,4300361.8,4.28619564056215,Europe
Croatia,HRV,2014,17681566.0,58330289757.0,13762.37286,4277588.4,4.133536083088312,Europe
Croatia,HRV,2015,17824704.0,50163192883.0,11933.37738,4254815.0,4.189301767526908,Europe
Croatia,HRV,2016,18109014.0,52295158344.0,12527.73986,4223225.6,4.2879580006334495,Europe
Croatia,HRV,2017,18743996.0,56214427431.0,13629.28959,4191636.2,4.47176117049471,Europe
Croatia,HRV,2018,17724152.0,62247874949.0,15227.5601,4160046.8,4.2605655301762475,Europe
Croatia,HRV,2019,17857446.0,62246206341.0,15311.7669,4128457.4,4.325452407477912,Europe
Croatia,HRV,2020,16870528.0,57203783203.0,14132.48656,4096868.0,4.117908607258032,Europe
Cuba,CUB,1970,18654088.0,5693005200.0,653.4269532,8869636.0,2.103140196508628,North America
Cuba,CUB,1971,19588660.0,6914658400.0,779.7237894,8963583.1,2.18536045033152,North America
Cuba,CUB,1972,20777370.0,8135150892.0,901.3671044,9057530.2,2.293933284373703,North America
Cuba,CUB,1973,22375342.0,9987709650.0,1088.126973,9151477.3,2.444997814724405,North America
Cuba,CUB,1974,22888060.0,11405957317.0,1223.691349,9245424.4,2.4756094484964906,North America
Cuba,CUB,1975,27039482.0,13027415244.0,1379.081841,9339371.5,2.8952143085859685,North America
Cuba,CUB,1976,27197066.0,13789579903.0,1443.302433,9433318.6,2.883085704324669,North America
Cuba,CUB,1977,29374202.0,14206158675.0,1472.729582,9527265.7,3.0831723313856987,North America
Cuba,CUB,1978,30661204.0,17844705325.0,1835.111536,9621212.8,3.18683357673993,North America
Cuba,CUB,1979,31684546.0,19584443288.0,2000.280189,9715159.9,3.261350953163416,North America
Cuba,CUB,1980,31374024.0,19912889861.0,2021.724635,9809107.0,3.198458738394841,North America
Cuba,CUB,1981,32723480.0,20150254096.0,2035.607231,9890864.3,3.308455055843805,North America
Cuba,CUB,1982,34527344.0,20953510235.0,2107.932429,9972621.6,3.462213386297541,North America
Cuba,CUB,1983,30820618.0,22204940512.0,2224.653486,10054378.9,3.0653925326008946,North America
Cuba,CUB,1984,32580692.0,24039383608.0,2396.353662,10136136.2,3.2143107942847102,North America
Cuba,CUB,1985,32556046.0,22920490774.0,2269.825219,10217893.5,3.18617981289392,North America
Cuba,CUB,1986,33546752.0,24226574634.0,2378.910723,10299650.8,3.257076637976891,North America
Cuba,CUB,1987,33933260.0,25213935012.0,2451.132999,10381408.1,3.2686567826959814,North America
Cuba,CUB,1988,35616450.0,27458999472.0,2640.918422,10463165.4,3.4039842283292203,North America
Cuba,CUB,1989,35719060.0,27023468666.0,2572.691695,10544922.7,3.3873230763464965,North America
Cuba,CUB,1990,29648420.0,28645436569.0,2703.168294,10626680.0,2.7899983814323948,North America
Cuba,CUB,1991,27170202.0,24316556026.0,2278.210387,10674591.1,2.545315482857231,North America
Cuba,CUB,1992,20593126.0,22085858243.0,2057.103595,10722502.2,1.9205522755686635,North America
Cuba,CUB,1993,19822772.0,22367254865.0,2073.093712,10770413.3,1.8404838744674727,North America
Cuba,CUB,1994,21382318.0,28448326757.0,2624.757035,10818324.4,1.9764907401001952,North America
Cuba,CUB,1995,22835124.0,30429803651.0,2794.738808,10866235.5,2.101475161292059,North America
Cuba,CUB,1996,23332950.0,25017368700.0,2286.929054,10914146.6,2.1378629823425683,North America
Cuba,CUB,1997,24808970.0,25365908100.0,2308.146615,10962057.7,2.263167251892863,North America
Cuba,CUB,1998,24293962.0,25736331200.0,2331.462691,11009968.8,2.2065423110009177,North America
Cuba,CUB,1999,24467108.0,28364615200.0,2558.904101,11057879.9,2.212640055893535,North America
Cuba,CUB,2000,25775496.0,30565400000.0,2747.100303,11105791.0,2.3209059129601846,North America
Cuba,CUB,2001,25215884.0,31682400000.0,2837.73573,11124253.6,2.266748395595728,North America
Cuba,CUB,2002,25523650.0,33590500000.0,2999.241763,11142716.2,2.2906129476760793,North America
Cuba,CUB,2003,25942744.0,35901200000.0,3197.133185,11161178.8,2.32437312087501,North America
Cuba,CUB,2004,25221232.0,38203000000.0,3395.710843,11179641.4,2.2559965116591307,North America
Cuba,CUB,2005,26211820.0,42643836100.0,3786.66345,11198104.0,2.3407373248185586,North America
Cuba,CUB,2006,26818162.0,48835925926.0,4336.638025,11216566.6,2.3909421622834213,North America
Cuba,CUB,2007,26204204.0,54262870370.0,4822.887396,11235029.2,2.3323663457857324,North America
Cuba,CUB,2008,28108268.0,56302129630.0,5010.434715,11253491.8,2.497737457808429,North America
Cuba,CUB,2009,28396318.0,57481481481.0,5120.064236,11271954.4,2.5192009293437168,North America
Cuba,CUB,2010,34199816.0,59562962963.0,5305.883578,11290417.0,3.0291012280591585,North America
Cuba,CUB,2011,29431084.0,68990000000.0,6139.718783,11300312.4,2.6044487053295975,North America
Cuba,CUB,2012,29838558.0,73141000000.0,6497.314764,11310207.8,2.6381971514263425,North America
Cuba,CUB,2013,28124912.0,77148000000.0,6837.71168,11320103.2,2.484510211885701,North America
Cuba,CUB,2014,27608264.0,80656000000.0,7133.337679,11329998.6,2.4367402834454013,North America
Cuba,CUB,2015,29468648.0,87133000000.0,7694.014637,11339894.0,2.5986704990364107,North America
Cuba,CUB,2016,28171536.0,91370000000.0,8060.796598,11332054.8,2.4860042152284683,North America
Cuba,CUB,2017,24947550.0,96851000000.0,8541.213686,11324215.6,2.203026759751907,North America
Cuba,CUB,2018,23133148.0,100050000000.0,8824.194008,11316376.4,2.0442186776325326,North America
Cuba,CUB,2019,22618818.0,103428000000.0,9125.878679,11308537.2,2.000154184397961,North America
Cuba,CUB,2020,21277102.0,107352000000.0,9477.852873,11300698.0,1.8828130793336837,North America
Curacao,CUW,2011,5172702.0,2933128492.0,19446.45657,161418.4,32.0453058635199,North America
Curacao,CUW,2012,6287424.0,3024525140.0,19886.67837,163456.8,38.46535598396641,North America
Curacao,CUW,2013,5928352.0,3039944134.0,19762.73962,165495.2,35.821896949277075,North America
Curacao,CUW,2014,6796720.0,3048435754.0,19552.66055,167533.6,40.56929475639513,North America
Curacao,CUW,2015,7328000.0,3042737430.0,19260.26985,169572.0,43.21468166914349,North America
Curacao,CUW,2016,6192160.0,3014748603.0,18881.83062,173515.2,35.68655656680222,North America
Curacao,CUW,2017,4964720.0,3009497207.0,18788.80728,177458.4,27.976810339775408,North America
Curacao,CUW,2018,4312528.0,3020388817.0,18956.09791,181401.6,23.773373553485747,North America
Curacao,CUW,2019,2242368.0,2995185487.0,19024.17723,185344.8,12.098359382081398,North America
Curacao,CUW,2020,1806352.0,2496174736.0,16109.86167,189288.0,9.542876463378555,North America
Cyprus,CYP,1975,1990826.0,489914760.7,976.3342285,660065.5,3.0161037048595936,Europe
Cyprus,CYP,1976,2487684.0,576090073.7,1157.411621,663917.8,3.746975905752188,Europe
Cyprus,CYP,1977,2699378.0,734887974.0,1476.271484,667770.1,4.042376260931719,Europe
Cyprus,CYP,1978,2845021.0,964026512.2,1929.403564,671622.4,4.236042454807939,Europe
Cyprus,CYP,1979,3045443.0,1288715210.0,2559.259766,675474.7,4.508596695035358,Europe
Cyprus,CYP,1980,3260647.0,2154311277.0,4232.022949,679327.0,4.799819527267428,Europe
Cyprus,CYP,1981,3095654.0,2087496374.0,4033.240479,690244.3,4.484867169493468,Europe
Cyprus,CYP,1982,3157205.0,2159242417.0,4122.784668,701161.6,4.502820747742033,Europe
Cyprus,CYP,1983,3151348.0,2160364071.0,4091.048584,712078.9,4.425560145090663,Europe
Cyprus,CYP,1984,3234557.0,2278248953.0,4258.743652,722996.2,4.4738229606186035,Europe
Cyprus,CYP,1985,3144994.0,2430411900.0,4488.287109,733913.5,4.285237974229933,Europe
Cyprus,CYP,1986,3606067.0,3090734463.0,5642.631348,744830.8,4.841457952598093,Europe
Cyprus,CYP,1987,4184954.2,3704813886.0,6690.578125,755748.1,5.537498804165039,Europe
Cyprus,CYP,1988,4197559.0,4278792597.0,7645.629883,766665.4,5.4750860023160035,Europe
Cyprus,CYP,1989,4429735.0,4563482604.0,8038.914063,777582.7,5.696802410856106,Europe
Cyprus,CYP,1990,4644861.0,5591130218.0,9641.575195,788500.0,5.890755865567534,Europe
Cyprus,CYP,1991,5133205.0,5770197348.0,9696.099609,804473.7,6.380823885230804,Europe
Cyprus,CYP,1992,5505656.0,6912150456.0,11310.07227,820447.4,6.710553290802067,Europe
Cyprus,CYP,1993,5749300.0,6590291048.0,10526.1416,836421.1,6.873690776093525,Europe
Cyprus,CYP,1994,5991493.0,7425703929.0,11617.69238,852394.8,7.029011673933252,Europe
Cyprus,CYP,1995,5861933.0,9933133247.0,15261.41016,868368.5,6.750513174994256,Europe
Cyprus,CYP,1996,6211888.0,10011918444.0,15139.22656,884342.2,7.024303487948444,Europe
Cyprus,CYP,1997,6298291.0,9547818700.0,14234.24414,900315.9,6.9956456394916495,Europe
Cyprus,CYP,1998,6592488.0,10248617647.0,15092.82617,916289.6,7.194764624633959,Europe
Cyprus,CYP,1999,6858746.0,10497908306.0,15287.91895,932263.3,7.357091070730768,Europe
Cyprus,CYP,2000,7104597.0,9985844486.0,14388.34766,948237.0,7.492427526029885,Europe
Cyprus,CYP,2001,6978500.0,10397897086.0,14821.44727,966381.9,7.2212652161635065,Europe
Cyprus,CYP,2002,7169426.0,11420227885.0,16093.21484,984526.8,7.282103442994137,Europe
Cyprus,CYP,2003,7559648.0,14547325028.0,20252.23828,1002671.7,7.539504705278906,Europe
Cyprus,CYP,2004,7788730.0,17320552500.0,23792.62109,1020816.6,7.629901394628575,Europe
Cyprus,CYP,2005,7957322.0,18433411267.0,24959.25977,1038961.5,7.658919026354682,Europe
Cyprus,CYP,2006,8185009.0,20072786351.0,26729.32422,1057106.4,7.742843104535173,Europe
Cyprus,CYP,2007,8503495.0,23968764030.0,31244.92578,1075251.3,7.908379185405309,Europe
Cyprus,CYP,2008,8715729.0,27844698989.0,35397.36328,1093396.2,7.97124500707063,Europe
Cyprus,CYP,2009,8470194.0,25945391775.0,32109.24219,1111541.1,7.620225648876141,Europe
Cyprus,CYP,2010,8101123.0,25732432719.0,31023.63867,1129686.0,7.171128083378921,Europe
Cyprus,CYP,2011,7787636.0,27565469098.0,32396.38672,1141204.8,6.824047708176481,Europe
Cyprus,CYP,2012,7262770.0,24978513427.0,28912.15625,1152723.6,6.3005303266108195,Europe
Cyprus,CYP,2013,6582609.0,23900872626.0,27729.19336,1164242.4,5.653984943341697,Europe
Cyprus,CYP,2014,6950800.0,23156850007.0,27163.33203,1175761.2,5.911744663797377,Europe
Cyprus,CYP,2015,6971575.0,19842404305.0,23408.33594,1187280.0,5.871887844484873,Europe
Cyprus,CYP,2016,7373670.0,20953442550.0,24605.91992,1197331.4,6.158420300344583,Europe
Cyprus,CYP,2017,7503812.0,22870833710.0,26608.875,1207382.8,6.214940282402565,Europe
Cyprus,CYP,2018,7321720.0,25522671233.0,29334.11133,1217434.2,6.01405809036743,Europe
Cyprus,CYP,2019,7342336.0,25758357775.0,29206.07617,1227485.6,5.981606627401575,Europe
Cyprus,CYP,2020,6910908.0,24692095945.0,27681.56641,1237537.0,5.584405153138856,Europe
Czechia,CZE,1990,164250450.0,40728950705.0,3941.503094,10301192.0,15.944800368734025,Europe
Czechia,CZE,1991,148883260.0,29859921159.0,2896.609131,10294543.8,14.462346549052517,Europe
Czechia,CZE,1992,145705800.0,34805013230.0,3372.86543,10287895.6,14.162838122113136,Europe
Czechia,CZE,1993,140124030.0,40866748705.0,3956.17835,10281247.4,13.62908843142905,Europe
Czechia,CZE,1994,132668030.0,47850203856.0,4630.551217,10274599.2,12.912234085004505,Europe
Czechia,CZE,1995,131622220.0,60147174077.0,5824.121291,10267951.0,12.818742512503224,Europe
Czechia,CZE,1996,135018670.0,67387788633.0,6532.837055,10261302.8,13.158043635550838,Europe
Czechia,CZE,1997,130941620.0,62180159376.0,6034.488437,10254654.6,12.768993701650372,Europe
Czechia,CZE,1998,125608820.0,66807429711.0,6489.703619,10248006.4,12.25690296212149,Europe
Czechia,CZE,1999,116671890.0,65173130995.0,6337.41912,10241358.2,11.392228230040818,Europe
Czechia,CZE,2000,127235980.0,61828166496.0,6029.038193,10234710.0,12.431810964844143,Europe
Czechia,CZE,2001,127144370.0,67808032980.0,6637.041657,10257713.9,12.395000605349306,Europe
Czechia,CZE,2002,123969960.0,82196001051.0,8060.868703,10280717.8,12.058492647274102,Europe
Czechia,CZE,2003,127571700.0,100090000000.0,9818.568493,10303721.7,12.381128267468638,Europe
Czechia,CZE,2004,128291624.0,119814000000.0,11749.85266,10326725.6,12.4232626070746,Europe
Czechia,CZE,2005,125690740.0,137143000000.0,13430.6699,10349729.5,12.144350246061986,Europe
Czechia,CZE,2006,126555140.0,156264000000.0,15261.79759,10372733.4,12.200751250388832,Europe
Czechia,CZE,2007,128382100.0,190184000000.0,18466.54793,10395737.3,12.349494441341836,Europe
Czechia,CZE,2008,122951010.0,236816000000.0,22804.57768,10418741.2,11.800946740091788,Europe
Czechia,CZE,2009,114999016.0,207434000000.0,19861.69743,10441745.1,11.01339047244124,Europe
Czechia,CZE,2010,117490700.0,209070000000.0,19960.06849,10464749.0,11.227283138850249,Europe
Czechia,CZE,2011,115201990.0,229563000000.0,21871.26608,10476558.8,10.996166985670905,Europe
Czechia,CZE,2012,111298450.0,208858000000.0,19870.80121,10488368.6,10.611607414331338,Europe
Czechia,CZE,2013,106732696.0,211686000000.0,20133.16914,10500178.4,10.164845961093384,Europe
Czechia,CZE,2014,104256190.0,209359000000.0,19890.91991,10511988.2,9.917837426796199,Europe
Czechia,CZE,2015,105022270.0,188033000000.0,17829.69832,10523798.0,9.979502647238192,Europe
Czechia,CZE,2016,106680870.0,196272000000.0,18575.23203,10525229.0,10.135729113352308,Europe
Czechia,CZE,2017,107776580.0,218629000000.0,20636.19995,10526660.0,10.238440303002092,Europe
Czechia,CZE,2018,106358380.0,248950000000.0,23419.73561,10528091.0,10.102342390467559,Europe
Czechia,CZE,2019,101032690.0,252498000000.0,23660.14881,10529522.0,9.595182953224278,Europe
Czechia,CZE,2020,91697370.0,245339000000.0,22933.49959,10530953.0,8.707414229272507,Europe
Democratic Republic of Congo,COD,1970,2709666.0,4877684910.0,243.7497809,20151733.0,0.13446317495373722,Africa
Democratic Republic of Congo,COD,1971,2958670.0,5594770359.0,272.0654295,20807428.3,0.14219296865244996,Africa
Democratic Republic of Congo,COD,1972,3017204.0,6173712814.0,292.2971255,21463123.6,0.1405761834218762,Africa
Democratic Republic of Congo,COD,1973,3189175.0,7870239461.0,362.8435642,22118818.9,0.1441837837010366,Africa
Democratic Republic of Congo,COD,1974,3364690.0,9596960180.0,430.7021578,22774514.2,0.14773926549880043,Africa
Democratic Republic of Congo,COD,1975,3232786.0,10237343174.0,446.9755403,23430209.5,0.13797512139189366,Africa
Democratic Republic of Congo,COD,1976,3404885.0,9648583225.0,409.5242253,24085904.8,0.1413642139779611,Africa
Democratic Republic of Congo,COD,1977,3476971.0,12344424764.0,509.0667703,24741600.1,0.14053137169572147,Africa
Democratic Republic of Congo,COD,1978,3525975.0,15372608002.0,615.9789076,25397295.4,0.13883269633505937,Africa
Democratic Republic of Congo,COD,1979,3740105.0,15068422236.0,587.1515848,26052990.7,0.14355760699672765,Africa
Democratic Republic of Congo,COD,1980,3485020.0,14394927495.0,546.1124995,26708686.0,0.1304826452338389,Africa
Democratic Republic of Congo,COD,1981,3755424.0,12537821038.0,463.671172,27636571.5,0.1358860305808917,Africa
Democratic Republic of Congo,COD,1982,3046965.0,13651667371.0,492.5324912,28564457.0,0.10666980296527254,Africa
Democratic Republic of Congo,COD,1983,3998000.0,11006712650.0,387.5076636,29492342.5,0.13556061204700848,Africa
Democratic Republic of Congo,COD,1984,3931640.0,7857729193.0,269.8427243,30420228.0,0.1292442647043934,Africa
Democratic Republic of Congo,COD,1985,3611908.0,7195042616.0,240.7880982,31348113.5,0.11521930976803436,Africa
Democratic Republic of Congo,COD,1986,3345663.0,8095367168.0,263.8313003,32275999.0,0.10365792240853645,Africa
Democratic Republic of Congo,COD,1987,3815863.0,7661625473.0,243.0047857,33203884.5,0.1149221862881736,Africa
Democratic Republic of Congo,COD,1988,3977992.0,8861299977.0,273.1278194,34131770.0,0.11654807236776762,Africa
Democratic Republic of Congo,COD,1989,4351992.0,9021862775.0,269.5928759,35059655.5,0.12413105428260697,Africa
Democratic Republic of Congo,COD,1990,4248965.0,9349764580.0,270.1305434,35987541.0,0.1180676668072431,Africa
Democratic Republic of Congo,COD,1991,3280404.0,9633911368.0,268.2924969,37250418.6,0.08806354729125111,Africa
Democratic Republic of Congo,COD,1992,2906756.0,8227200892.0,220.3680073,38513296.2,0.0754740904259449,Africa
Democratic Republic of Congo,COD,1993,2662330.0,10706246371.0,275.8216169,39776173.8,0.06693278276051781,Africa
Democratic Republic of Congo,COD,1994,2750982.0,5820382232.0,144.5950895,41039051.4,0.06703327455565895,Africa
Democratic Republic of Congo,COD,1995,3096173.0,5643439373.0,135.7371304,42301929.0,0.07319224142237107,Africa
Democratic Republic of Congo,COD,1996,3472628.0,5771454940.0,134.981937,43564806.6,0.07971177358560798,Africa
Democratic Republic of Congo,COD,1997,3089412.0,6090840548.0,138.9740115,44827684.2,0.0689175016540337,Africa
Democratic Republic of Congo,COD,1998,2733258.0,6217806273.0,138.6356903,46090561.8,0.0593019024558733,Africa
Democratic Republic of Congo,COD,1999,2199437.0,4711259427.0,102.5979732,47353439.4,0.0464472491938991,Africa
Democratic Republic of Congo,COD,2000,1704731.0,19088046306.0,405.2162186,48616317.0,0.03506499679932563,Africa
Democratic Republic of Congo,COD,2001,1647474.0,7438189100.0,153.5910441,50393811.0,0.03269199068909474,Africa
Democratic Republic of Congo,COD,2002,1734284.0,8728038525.0,175.009951,52171305.0,0.033242105023058174,Africa
Democratic Republic of Congo,COD,2003,2096180.0,8937567060.0,173.7961252,53948799.0,0.03885498915369738,Africa
Democratic Republic of Congo,COD,2004,2028165.1,10297483481.0,194.0400026,55726293.0,0.0363951196251292,Africa
Democratic Republic of Congo,COD,2005,2288361.0,11964484668.0,218.3862267,57503787.0,0.03979496167791523,Africa
Democratic Republic of Congo,COD,2006,2352548.0,14451902468.0,255.4330432,59281281.0,0.039684500070098015,Africa
Democratic Republic of Congo,COD,2007,2624244.0,16737071816.0,286.3304725,61058775.0,0.04297898213647424,Africa
Democratic Republic of Congo,COD,2008,2686563.0,19788515874.0,327.5637218,62836269.0,0.04275497324642238,Africa
Democratic Republic of Congo,COD,2009,2446984.0,18648373312.0,298.6196916,64613763.0,0.03787094090155375,Africa
Democratic Republic of Congo,COD,2010,2736942.0,21565720044.0,334.0215777,66391257.0,0.04122443411487148,Africa
Democratic Republic of Congo,COD,2011,3042265.0,25839749199.0,387.082477,68844386.4,0.04419045849757185,Africa
Democratic Republic of Congo,COD,2012,2798720.0,29306235826.0,424.6003738,71297515.8,0.0392541025952548,Africa
Democratic Republic of Congo,COD,2013,3921616.0,32679745298.0,457.9637475,73750645.2,0.05317398904599684,Africa
Democratic Republic of Congo,COD,2014,5067029.0,35909040266.0,486.7870951,76203774.6,0.0664931498025821,Africa
Democratic Republic of Congo,COD,2015,3276557.0,37917704900.0,497.3170391,78656904.0,0.041656317924743134,Africa
Democratic Republic of Congo,COD,2016,2559416.0,37134799975.0,471.3188225,81496156.0,0.03140535855458017,Africa
Democratic Republic of Congo,COD,2017,3102465.0,38019265626.0,467.0742317,84335408.0,0.0367872175350121,Africa
Democratic Republic of Congo,COD,2018,3375097.0,47568210068.0,565.8295429,87174660.0,0.03871649169609609,Africa
Democratic Republic of Congo,COD,2019,3592173.0,51775830726.0,596.5605701,90013912.0,0.039906864618882466,Africa
Democratic Republic of Congo,COD,2020,3709719.0,48716960860.0,543.9503925,92853164.0,0.03995253193526071,Africa
Denmark,DNK,1970,62039320.0,17075457600.0,3464.455156,4922963.0,12.602028493815615,Europe
Denmark,DNK,1971,57000676.0,19085731252.0,3845.506089,4943205.9,11.531115060370032,Europe
Denmark,DNK,1972,59575410.0,23232379952.0,4654.298936,4963448.8,12.002825535341476,Europe
Denmark,DNK,1973,59193932.0,30730626663.0,6119.370222,4983691.7,11.877526854239399,Europe
Denmark,DNK,1974,55009452.0,34160444798.0,6770.750027,5003934.6,10.993239599894052,Europe
Denmark,DNK,1975,55708652.0,40474406216.0,7999.112667,5024177.5,11.088113825596329,Europe
Denmark,DNK,1976,60056950.0,44575892473.0,8787.589722,5044420.4,11.90561952370187,Europe
Denmark,DNK,1977,61765400.0,49784338519.0,9783.852022,5064663.3,12.195361535681949,Europe
Denmark,DNK,1978,61028310.0,60362931854.0,11826.01861,5084906.2,12.001855609450573,Europe
Denmark,DNK,1979,62907830.0,70366241969.0,13751.99895,5105149.1,12.32242756631731,Europe
Denmark,DNK,1980,60286204.0,71127528700.0,13883.88714,5125392.0,11.762262086490166,Europe
Denmark,DNK,1981,51715870.0,61877813965.0,12081.80105,5127315.1,10.086345190682742,Europe
Denmark,DNK,1982,53615456.0,60412844679.0,11804.43289,5129238.2,10.45290819209761,Europe
Denmark,DNK,1983,50098160.0,60644782176.0,11857.89214,5131161.3,9.763512988765331,Europe
Denmark,DNK,1984,50780700.0,59105236854.0,11562.91908,5133084.4,9.892823893563877,Europe
Denmark,DNK,1985,59980548.0,62658568287.0,12253.10021,5135007.5,11.68071283245448,Europe
Denmark,DNK,1986,58801840.0,88078760104.0,17201.08881,5136930.6,11.446882307500903,Europe
Denmark,DNK,1987,58242300.0,109414000000.0,21340.72786,5138853.7,11.333714365131662,Europe
Denmark,DNK,1988,55013980.0,115553000000.0,22527.04673,5140776.8,10.701491650055688,Europe
Denmark,DNK,1989,48685136.0,112409000000.0,21901.05475,5142699.9,9.466843670967462,Europe
Denmark,DNK,1990,53476972.0,138247000000.0,26891.44645,5144623.0,10.394730964737358,Europe
Denmark,DNK,1991,64104610.0,139225000000.0,27011.37746,5164226.2,12.413207229381237,Europe
Denmark,DNK,1992,58326548.0,152916000000.0,29569.66036,5183829.4,11.251633396731767,Europe
Denmark,DNK,1993,60573716.0,143196000000.0,27597.97523,5203432.6,11.641107064594246,Europe
Denmark,DNK,1994,64673270.0,156162000000.0,29995.57962,5223035.8,12.382314132328942,Europe
Denmark,DNK,1995,61653396.0,185007000000.0,35351.36546,5242639.0,11.75999262966609,Europe
Denmark,DNK,1996,74899650.0,187632000000.0,35650.71409,5262242.2,14.23340985711376,Europe
Denmark,DNK,1997,65437820.0,173538000000.0,32835.93994,5281845.4,12.38919639715316,Europe
Denmark,DNK,1998,61238296.0,176992000000.0,33368.14242,5301448.6,11.55123827853391,Europe
Denmark,DNK,1999,58652804.0,177965000000.0,33440.79481,5321051.8,11.022783878931605,Europe
Denmark,DNK,2000,54306576.0,164159000000.0,30743.54768,5340655.0,10.168523523799983,Europe
Denmark,DNK,2001,55896748.0,164791000000.0,30751.65435,5361674.4,10.425241040373507,Europe
Denmark,DNK,2002,55554384.0,178635000000.0,33228.69354,5382693.8,10.320925927460337,Europe
Denmark,DNK,2003,60645450.0,218096000000.0,40458.7774,5403713.2,11.222921675413861,Europe
Denmark,DNK,2004,55100010.0,251373000000.0,46511.59833,5424732.6,10.157184521869336,Europe
Denmark,DNK,2005,51534924.0,264467000000.0,48799.8256,5445752.0,9.463325542551331,Europe
Denmark,DNK,2006,59500240.0,282885000000.0,52026.99951,5466771.4,10.883981722740408,Europe
Denmark,DNK,2007,54709350.0,319423000000.0,58487.05497,5487790.8,9.969284907872217,Europe
Denmark,DNK,2008,51256330.0,353361000000.0,64322.0635,5508810.2,9.304428386369166,Europe
Denmark,DNK,2009,48851416.0,321241000000.0,58163.27688,5529829.6,8.834162991206819,Europe
Denmark,DNK,2010,49189692.0,321995000000.0,58041.39844,5550849.0,8.861651974319605,Europe
Denmark,DNK,2011,44236864.0,344003000000.0,61753.64713,5576238.4,7.933101282039877,Europe
Denmark,DNK,2012,39861260.0,327149000000.0,58507.50805,5601627.8,7.116013670169232,Europe
Denmark,DNK,2013,41763010.0,343584000000.0,61191.1937,5627017.2,7.421873528305547,Europe
Denmark,DNK,2014,37571384.0,352994000000.0,62548.98473,5652406.6,6.646971221072455,Europe
Denmark,DNK,2015,35110572.0,302673000000.0,53254.85637,5677796.0,6.183838235822492,Europe
Denmark,DNK,2016,36916560.0,313116000000.0,54663.99837,5707365.0,6.4682318372839305,Europe
Denmark,DNK,2017,34664620.0,332121000000.0,57610.09818,5736934.0,6.042359908620179,Europe
Denmark,DNK,2018,34608956.0,356841000000.0,61591.92887,5766503.0,6.001723401513881,Europe
Denmark,DNK,2019,30950284.0,347561000000.0,59775.7351,5796072.0,5.339872244513181,Europe
Denmark,DNK,2020,28299676.0,356085000000.0,61063.31643,5825641.0,4.85777891222614,Europe
Djibouti,DJI,1985,359072.0,340989528.0,801.1821394,450647.0,0.7967921677055434,Africa
Djibouti,DJI,1987,388384.0,373371738.3,761.4594417,501257.4,0.774819483961733,Africa
Djibouti,DJI,1988,348080.0,395794538.6,748.2037355,526562.6,0.6610420109593808,Africa
Djibouti,DJI,1989,388384.0,409220087.1,725.754116,551867.8,0.7037627489772006,Africa
Djibouti,DJI,1990,296784.0,452328087.3,766.1474429,577173.0,0.5142028473265381,Africa
Djibouti,DJI,1991,300448.0,462421998.5,762.0125774,593659.0,0.5060952499667317,Africa
Djibouti,DJI,1992,304112.0,478058304.9,777.2673846,610145.0,0.49842578403494253,Africa
Djibouti,DJI,1993,304112.0,466048469.2,753.5092242,626631.0,0.4853127279052584,Africa
Djibouti,DJI,1994,300448.0,491689220.7,790.034804,643117.0,0.46717471315483805,Africa
Djibouti,DJI,1995,311440.0,497723960.6,789.5555265,659603.0,0.47216280095754565,Africa
Djibouti,DJI,1996,307776.0,494004647.7,767.5062771,676089.0,0.4552300067003013,Africa
Djibouti,DJI,1997,333424.0,502675542.0,760.6407761,692575.0,0.4814265603003285,Africa
Djibouti,DJI,1998,384720.0,514267869.3,755.7594723,709061.0,0.5425767317621474,Africa
Djibouti,DJI,1999,384720.0,536080148.1,765.8583232,725547.0,0.5302482127277764,Africa
Djibouti,DJI,2000,366400.0,551230861.9,768.1835703,742033.0,0.493778578580737,Africa
Djibouti,DJI,2001,366400.0,572417440.8,780.9039613,759749.6,0.48226415650630156,Africa
Djibouti,DJI,2002,399376.0,591122039.6,791.3841807,777466.2,0.513689212469944,Africa
Djibouti,DJI,2003,421360.0,622044665.5,818.8687857,795182.8,0.5298907370732867,Africa
Djibouti,DJI,2004,406704.0,666072101.8,863.2360874,812899.4,0.5003128308373705,Africa
Djibouti,DJI,2005,414032.0,708633194.7,904.7366795,830616.0,0.4984637907288085,Africa
Djibouti,DJI,2006,414032.0,768873684.0,967.6795838,848332.6,0.488053860007266,Africa
Djibouti,DJI,2007,461664.0,847918929.1,1052.719117,866049.2,0.5330690219447117,Africa
Djibouti,DJI,2008,498304.0,999105339.3,1223.852363,883765.8,0.5638416874696893,Africa
Djibouti,DJI,2009,443344.0,1049110685.0,1267.317394,901482.4,0.49179440441654765,Africa
Djibouti,DJI,2010,516623.97,1128611700.0,1343.275125,919199.0,0.5620371323293433,Africa
Djibouti,DJI,2011,472656.0,1239144502.0,1451.548081,936611.0,0.504644937973182,Africa
Djibouti,DJI,2012,487312.0,1353632942.0,1559.240651,954023.0,0.510796909508471,Africa
Djibouti,DJI,2013,556690.0,2042817163.0,2312.720948,971435.0,0.5730594429889803,Africa
Djibouti,DJI,2014,388306.0,2214679081.0,2464.294905,988847.0,0.39268562275053676,Africa
Djibouti,DJI,2015,431641.0,2424391785.0,2652.513228,1006259.0,0.4289561633734456,Africa
Djibouti,DJI,2016,380134.0,2604955229.0,2803.689125,1023038.4,0.3715735401525495,Africa
Djibouti,DJI,2017,391759.0,2762581334.0,2926.153304,1039817.8,0.376757351143633,Africa
Djibouti,DJI,2018,434878.0,2913466732.0,3038.269738,1056597.2,0.4115835249232158,Africa
Djibouti,DJI,2019,448617.0,3088853639.0,3172.750685,1073376.6,0.41794930129835134,Africa
Djibouti,DJI,2020,382454.0,3181071154.0,3219.701128,1090156.0,0.35082501953848805,Africa
Dominica,DMA,1977,25648.0,45872947.41,624.6061219,71753.1,0.3574479708890626,North America
Dominica,DMA,1978,25648.0,57130215.56,769.1197571,72161.4,0.3554254767784439,North America
Dominica,DMA,1979,32976.0,55017758.89,733.9615647,72569.7,0.4544045242022497,North America
Dominica,DMA,1980,36640.0,72804653.33,966.6301991,72978.0,0.5020691167201075,North America
Dominica,DMA,1981,36640.0,82107391.11,1090.200907,72628.3,0.5044865431243744,North America
Dominica,DMA,1982,40304.0,89527576.67,1193.510061,72278.6,0.5576200977882803,North America
Dominica,DMA,1983,40304.0,98665191.48,1324.649475,71928.9,0.5603311047437123,North America
Dominica,DMA,1984,43968.0,109157070.7,1478.171746,71579.2,0.6142566555647451,North America
Dominica,DMA,1985,47632.0,119491933.0,1632.247367,71229.5,0.6687116995065246,North America
Dominica,DMA,1986,47632.0,135161958.5,1863.506067,70879.8,0.6720109255387289,North America
Dominica,DMA,1987,47632.0,151868754.4,2113.927152,70530.1,0.6753428677968697,North America
Dominica,DMA,1988,54960.0,171106184.1,2402.771781,70180.4,0.7831246330884407,North America
Dominica,DMA,1989,58624.0,185137243.0,2617.816846,69830.7,0.8395161440455273,North America
Dominica,DMA,1990,58624.0,201429629.6,2860.322479,69481.0,0.843741454498352,North America
Dominica,DMA,1991,58624.0,219762963.0,3122.653182,69367.5,0.8451219951706491,North America
Dominica,DMA,1992,58624.0,234059259.3,3317.824671,69254.0,0.8465070609639876,North America
Dominica,DMA,1993,62288.0,245525925.9,3466.998869,69140.5,0.9008902162986961,North America
Dominica,DMA,1994,69616.0,264374074.1,3721.272367,69027.0,1.0085328929259565,North America
Dominica,DMA,1995,80608.0,274522222.2,3860.800538,68913.5,1.1696982449012168,North America
Dominica,DMA,1996,73280.0,292285185.2,4120.581185,68800.0,1.0651162790697675,North America
Dominica,DMA,1997,80608.0,302988888.9,4292.11368,68686.5,1.1735639463358885,North America
Dominica,DMA,1998,76944.0,322411111.1,4593.863345,68573.0,1.1220742857976171,North America
Dominica,DMA,1999,80608.0,331759259.3,4751.092101,68459.5,1.1774552837809216,North America
Dominica,DMA,2000,102592.0,333470370.4,4787.801441,68346.0,1.501068094694642,North America
Dominica,DMA,2001,109920.0,340203703.7,4883.003024,68386.9,1.6073253795683093,North America
Dominica,DMA,2002,102592.0,333196296.3,4770.851894,68427.8,1.49927368701025,North America
Dominica,DMA,2003,117248.0,343311111.1,4897.308367,68468.7,1.7124321040124904,North America
Dominica,DMA,2004,142896.0,367200000.0,5216.872434,68509.6,2.0857806789121525,North America
Dominica,DMA,2005,150224.0,364255555.6,5160.889141,68550.5,2.191435511046601,North America
Dominica,DMA,2006,142896.0,390251851.9,5518.4232,68591.4,2.0832932408436045,North America
Dominica,DMA,2007,172208.0,421374074.1,5951.863413,68632.3,2.5091392828158168,North America
Dominica,DMA,2008,168544.0,458188888.9,6468.944767,68673.2,2.45429075680178,North America
Dominica,DMA,2009,186864.0,489074074.1,6903.145806,68714.1,2.7194418612773794,North America
Dominica,DMA,2010,172208.0,493825925.9,6967.364955,68755.0,2.5046614791651516,North America
Dominica,DMA,2011,153888.0,501025925.9,7065.460372,69005.4,2.23008634106896,North America
Dominica,DMA,2012,164880.0,485996296.3,6849.455933,69255.8,2.380739230504882,North America
Dominica,DMA,2013,157552.0,498296296.3,7016.380071,69506.2,2.266733039642507,North America
Dominica,DMA,2014,164880.0,520207407.4,7317.486143,69756.6,2.363647310792097,North America
Dominica,DMA,2015,175872.0,540737037.0,7597.288894,70007.0,2.5122059222649162,North America
Dominica,DMA,2016,172208.0,576229629.6,8080.968623,70404.6,2.4459765413055394,North America
Dominica,DMA,2017,153888.0,521551851.9,7298.51458,70802.2,2.1734917841535997,North America
Dominica,DMA,2018,161216.0,554770370.4,7745.376963,71199.8,2.2642760232472563,North America
Dominica,DMA,2019,172208.0,611537037.0,8516.280039,71597.4,2.4052270054499187,North America
Dominica,DMA,2020,157552.0,504214814.8,7003.859021,71995.0,2.1883741926522675,North America
Dominican Republic,DOM,1970,3105081.0,1485500000.0,330.1315059,4475871.0,0.6937378222026506,North America
Dominican Republic,DOM,1971,3518697.0,1666500000.0,360.1528526,4603863.9,0.7642921416508424,North America
Dominican Republic,DOM,1972,4668866.0,1987400000.0,417.9192609,4731856.8,0.9866879318917682,North America
Dominican Republic,DOM,1973,5958980.0,2344800000.0,480.0530663,4859849.7,1.2261654923196492,North America
Dominican Republic,DOM,1974,6409563.0,2925700000.0,583.4844213,4987842.6,1.2850371421102984,North America
Dominican Republic,DOM,1975,6332680.0,3599200000.0,699.6030037,5115835.5,1.2378584104199597,North America
Dominican Republic,DOM,1976,6322353.0,3951500000.0,748.9906207,5243828.4,1.2056750369634521,North America
Dominican Republic,DOM,1977,5598920.0,4587100000.0,848.2854171,5371821.3,1.0422759223207965,North America
Dominican Republic,DOM,1978,5430324.0,4734400000.0,854.647162,5499814.2,0.9873649913482532,North America
Dominican Republic,DOM,1979,6785586.0,5498800000.0,969.4980483,5627807.1,1.2057246951481333,North America
Dominican Republic,DOM,1980,6427009.0,6761300000.0,1164.952225,5755800.0,1.1166143715903958,North America
Dominican Republic,DOM,1981,6135240.0,7561300000.0,1273.826441,5893120.4,1.0410851269897692,North America
Dominican Republic,DOM,1982,6303486.0,8267400000.0,1362.510669,6030440.8,1.045277817833814,North America
Dominican Republic,DOM,1983,7865595.0,9220600000.0,1487.275828,6167761.2,1.2752755408234677,North America
Dominican Republic,DOM,1984,7390465.0,11594000000.0,1831.086459,6305081.6,1.172144227284862,North America
Dominican Republic,DOM,1985,7241543.0,5044592945.0,780.3858658,6442402.0,1.124043951308844,North America
Dominican Republic,DOM,1986,8121059.5,6122198120.0,928.0322488,6579722.4,1.2342556427608555,North America
Dominican Republic,DOM,1987,9687290.0,5826987099.0,865.8317545,6717042.8,1.4421956638418323,North America
Dominican Republic,DOM,1988,9739755.0,5374314928.0,783.0354013,6854363.2,1.4209569460807094,North America
Dominican Republic,DOM,1989,10257903.0,6686593060.0,955.5173748,6991683.6,1.4671577815678045,North America
Dominican Republic,DOM,1990,8936017.0,7073675545.0,991.6148411,7129004.0,1.2534734164828636,North America
Dominican Republic,DOM,1991,9538286.0,9824498183.0,1351.2985,7270182.7,1.3119733565980398,North America
Dominican Republic,DOM,1992,10418188.0,11605382504.0,1566.529623,7411361.4,1.4057050301176783,North America
Dominican Republic,DOM,1993,11208752.0,13081042400.0,1733.399536,7552540.1,1.484103606414483,North America
Dominican Republic,DOM,1994,11796446.0,14644711385.0,1905.943496,7693718.8,1.5332567132554935,North America
Dominican Republic,DOM,1995,15106975.0,16637370839.0,2127.748089,7834897.5,1.9281649823753277,North America
Dominican Republic,DOM,1996,16484352.0,18241691857.0,2293.754381,7976076.2,2.0667244879129916,North America
Dominican Republic,DOM,1997,17265690.0,20017480055.0,2476.060403,8117254.9,2.127035581942856,North America
Dominican Republic,DOM,1998,17788184.0,21672231761.0,2638.31327,8258433.6,2.1539416385208936,North America
Dominican Republic,DOM,1999,17821252.0,22136621337.0,2653.225124,8399612.3,2.1216755444772133,North America
Dominican Republic,DOM,2000,18991626.0,24305717542.0,2869.178139,8540791.0,2.2236378340132665,North America
Dominican Republic,DOM,2001,19144596.0,25601765401.0,2977.43451,8664287.4,2.209598448915718,North America
Dominican Republic,DOM,2002,20949130.0,27137508657.0,3110.325447,8787783.8,2.3838922846508805,North America
Dominican Republic,DOM,2003,21345008.0,21403167848.0,2418.350422,8911280.2,2.395279636701358,North America
Dominican Republic,DOM,2004,17333192.0,22322395368.0,2487.329061,9034776.6,1.9184970218300694,North America
Dominican Republic,DOM,2005,17940522.0,35777570136.0,3932.784407,9158273.0,1.9589416039465082,North America
Dominican Republic,DOM,2006,19111932.0,37879869898.0,4109.033591,9281769.4,2.059082829616517,North America
Dominican Republic,DOM,2007,19992930.0,43965420072.0,4707.795052,9405265.8,2.1257166384388624,North America
Dominican Republic,DOM,2008,20331836.0,48122547177.0,5087.983213,9528762.2,2.1337331726045177,North America
Dominican Republic,DOM,2009,19780666.0,48261033298.0,5039.403122,9652258.6,2.0493302987137128,North America
Dominican Republic,DOM,2010,20553454.0,53860175556.0,5555.392014,9775755.0,2.1024927486419207,North America
Dominican Republic,DOM,2011,21317914.0,58029750746.0,5913.426649,9901770.4,2.1529396399657985,North America
Dominican Republic,DOM,2012,21254754.0,60681537196.0,6110.366576,10027785.8,2.1195859608409267,North America
Dominican Republic,DOM,2013,21266960.0,62682163837.0,6238.132367,10153801.2,2.0944826061790534,North America
Dominican Republic,DOM,2014,21800612.0,67179914027.0,6608.825501,10279816.6,2.1207199358011892,North America
Dominican Republic,DOM,2015,23494588.0,71164825257.0,6921.520594,10405832.0,2.2578288790362944,North America
Dominican Republic,DOM,2016,24644568.0,75704720190.0,7280.88361,10524598.4,2.341615999333523,North America
Dominican Republic,DOM,2017,24016922.0,79997975622.0,7609.353275,10643364.8,2.256515909329726,North America
Dominican Republic,DOM,2018,25756240.0,85555378043.0,8050.644076,10762131.2,2.3932285828293938,North America
Dominican Republic,DOM,2019,28374692.0,88941299734.0,8282.117131,10880897.6,2.6077528750936874,North America
Dominican Republic,DOM,2020,23501650.0,78844702329.0,7268.19691,10999664.0,2.136578899137283,North America
East Timor,TLS,2000,219860.0,367087900.0,415.0859486,878360.0,0.25030739104695116,Asia
East Timor,TLS,2001,118844.0,477443500.0,529.7781659,899372.6,0.13214100585230193,Asia
East Timor,TLS,2002,261882.0,469506700.0,508.8405861,920385.2,0.28453521416902405,Asia
East Timor,TLS,2003,248530.0,490439100.0,517.8269684,941397.8,0.2640010418549948,Asia
East Timor,TLS,2004,496998.0,440764600.0,453.5133127,962410.4,0.5164096314836165,Asia
East Timor,TLS,2005,321145.0,462283600.0,464.5459387,983423.0,0.3265583578988899,Asia
East Timor,TLS,2006,316708.0,453805100.0,446.4665297,1004435.6,0.31530941356519027,Asia
East Timor,TLS,2007,288067.0,542795400.0,523.7376349,1025448.2,0.28091813901472545,Asia
East Timor,TLS,2008,285133.0,648492700.0,614.435755,1046460.8,0.27247365596494394,Asia
East Timor,TLS,2009,321783.0,726882400.0,676.6190754,1067473.4,0.3014435769547045,Asia
East Timor,TLS,2010,313134.0,881827800.0,806.4143493,1088486.0,0.28767848185461276,Asia
East Timor,TLS,2011,433890.0,1042411500.0,936.4485956,1111951.4,0.39020590288388507,Asia
East Timor,TLS,2012,591295.0,1160389500.0,1024.172508,1135416.8,0.5207735168265961,Asia
East Timor,TLS,2013,618736.0,1395519600.0,1210.035655,1158882.2,0.5339075878462884,Asia
East Timor,TLS,2014,624261.0,1447307100.0,1232.450336,1182347.6,0.5279843254217287,Asia
East Timor,TLS,2015,589620.0,1594410900.0,1332.791856,1205813.0,0.48898129311924815,Asia
East Timor,TLS,2016,642966.0,1650618500.0,1353.754934,1224649.4,0.5250204670822524,Asia
East Timor,TLS,2017,689670.0,1615609700.0,1299.494635,1243485.8,0.5546263576150205,Asia
East Timor,TLS,2018,617024.0,1583876200.0,1249.138351,1262322.2,0.4888007198162244,Asia
East Timor,TLS,2019,675431.0,2047931700.0,1583.713576,1281158.6,0.5272032674174766,Asia
East Timor,TLS,2020,646494.0,1902156800.0,1442.730738,1299995.0,0.49730498963457553,Asia
Ecuador,ECU,1970,4278215.0,2862504170.0,471.6307972,6172215.0,0.6931409550704245,South America
Ecuador,ECU,1971,4219443.0,2754220263.0,440.8571574,6368578.0,0.6625408372167225,South America
Ecuador,ECU,1972,4589031.0,3185987235.0,495.5359182,6564941.0,0.6990209051383707,South America
Ecuador,ECU,1973,5255879.0,3891755552.0,588.3370651,6761304.0,0.7773469437256482,South America
Ecuador,ECU,1974,6083555.0,6599259421.0,970.012722,6957667.0,0.8743670831041497,South America
Ecuador,ECU,1975,7354905.0,7731677257.0,1105.420555,7154030.0,1.0280785794859681,South America
Ecuador,ECU,1976,8100596.5,9091924305.0,1264.911641,7350393.0,1.1020630461527703,South America
Ecuador,ECU,1977,7472201.0,11026346590.0,1493.333583,7546756.0,0.9901209208300891,South America
Ecuador,ECU,1978,10406424.0,11922502171.0,1572.400531,7743119.0,1.3439576480743742,South America
Ecuador,ECU,1979,12140464.0,14175166008.0,1821.04718,7939482.0,1.5291254517612105,South America
Ecuador,ECU,1980,13407168.0,17881514683.0,2238.217084,8135845.0,1.647913400513407,South America
Ecuador,ECU,1981,16652800.0,21810767209.0,2660.612801,8367244.2,1.9902371201261222,South America
Ecuador,ECU,1982,19235118.0,19929853575.0,2369.950657,8598643.4,2.2369945007836933,South America
Ecuador,ECU,1983,19502610.0,17152483214.0,1988.787323,8830042.6,2.208665448567598,South America
Ecuador,ECU,1984,21189502.0,16912515183.0,1912.431271,9061441.8,2.3384249954571246,South America
Ecuador,ECU,1985,19352678.0,17149094590.0,1891.562479,9292841.0,2.0825362233142695,South America
Ecuador,ECU,1986,15194065.0,15314143988.0,1648.01456,9524240.2,1.5953046837268974,South America
Ecuador,ECU,1987,15022251.0,13945431882.0,1464.492936,9755639.4,1.5398530413085993,South America
Ecuador,ECU,1988,17168596.0,13051886552.0,1337.889895,9987038.6,1.7190877784331384,South America
Ecuador,ECU,1989,20153710.0,13890828708.0,1390.213114,10218437.8,1.9722887582679223,South America
Ecuador,ECU,1990,16457821.0,15239278100.0,1489.529946,10449837.0,1.5749356664606347,South America
Ecuador,ECU,1991,16157175.0,16988535268.0,1622.208088,10667504.0,1.5146162588736785,South America
Ecuador,ECU,1992,21959676.0,18094238119.0,1688.504752,10885171.0,2.0173937552290173,South America
Ecuador,ECU,1993,24088526.0,18938717359.0,1727.755003,11102838.0,2.1695827679373507,South America
Ecuador,ECU,1994,14306838.0,22708673337.0,2026.113077,11320505.0,1.2637985672900636,South America
Ecuador,ECU,1995,23498436.0,24432884442.0,2132.906783,11538172.0,2.0365822246366236,South America
Ecuador,ECU,1996,25299900.0,25226393197.0,2155.51815,11755839.0,2.1521135156750617,South America
Ecuador,ECU,1997,19428882.0,28162053027.0,2356.369857,11973506.0,1.622656054124832,South America
Ecuador,ECU,1998,23090470.0,27981896948.0,2293.889735,12191173.0,1.8940318540307812,South America
Ecuador,ECU,1999,21976232.0,19645272636.0,1578.934298,12408840.0,1.7710142124485448,South America
Ecuador,ECU,2000,20927296.0,18327764882.0,1445.279324,12626507.0,1.6574097650284438,South America
Ecuador,ECU,2001,23407850.0,24468324000.0,1894.616196,12862814.8,1.8198077453466872,South America
Ecuador,ECU,2002,24827052.0,28548945000.0,2172.101877,13099122.6,1.8953217523133954,South America
Ecuador,ECU,2003,27071580.0,32432858000.0,2425.851842,13335430.4,2.030049213859644,South America
Ecuador,ECU,2004,29258108.0,36591661000.0,2691.277685,13571738.2,2.1558114052037936,South America
Ecuador,ECU,2005,30589608.0,41507085000.0,3002.138604,13808046.0,2.2153466174721608,South America
Ecuador,ECU,2006,29689756.0,46802044000.0,3328.884156,14044353.8,2.1139994351324303,South America
Ecuador,ECU,2007,34279184.0,51007777000.0,3567.837186,14280661.6,2.4003918697996456,South America
Ecuador,ECU,2008,30314430.0,61762635000.0,4249.01897,14516969.4,2.088206509548749,South America
Ecuador,ECU,2009,33598600.0,62519686000.0,4231.619235,14753277.2,2.2773651944938718,South America
Ecuador,ECU,2010,36276410.0,69555367000.0,4633.591284,14989585.0,2.420107694776073,South America
Ecuador,ECU,2011,38263916.0,79276664000.0,5200.555108,15230848.4,2.512264254432471,South America
Ecuador,ECU,2012,37408784.0,87924544000.0,5682.046108,15472111.8,2.4178201711288048,South America
Ecuador,ECU,2013,39654976.0,95129659000.0,6056.331213,15713375.2,2.5236446972894786,South America
Ecuador,ECU,2014,43731348.0,101726000000.0,6377.093929,15954638.6,2.7409801686137847,South America
Ecuador,ECU,2015,41275740.0,99290381000.0,6124.490887,16195902.0,2.5485298688520097,South America
Ecuador,ECU,2016,39357052.0,99937696000.0,6060.092962,16474440.6,2.388976533746463,South America
Ecuador,ECU,2017,39174204.0,104296000000.0,6213.503127,16752979.2,2.3383425438742265,South America
Ecuador,ECU,2018,38429116.0,107562000000.0,6295.934662,17031517.8,2.256352983408208,South America
Ecuador,ECU,2019,40065172.0,108108000000.0,6222.524653,17310056.4,2.3145604540029114,South America
Ecuador,ECU,2020,32909420.0,99291124000.0,5627.77228,17588595.0,1.8710658810439378,South America
Egypt,EGY,1970,21654010.0,8042200452.0,233.0137095,34781986.0,0.6225639329508097,Africa
Egypt,EGY,1971,23012404.0,8609283346.0,243.8068223,35678643.0,0.6449910104484635,Africa
Egypt,EGY,1972,25474998.0,9299638056.0,257.5886508,36575300.0,0.6965082446350406,Africa
Egypt,EGY,1973,23761076.0,10098534613.0,273.698607,37471957.0,0.6341028839246373,Africa
Egypt,EGY,1974,26089140.0,9228963225.0,244.7472149,38368614.0,0.6799604489231745,Africa
Egypt,EGY,1975,31059912.0,11632178869.0,301.7494289,39265271.0,0.7910275724316279,Africa
Egypt,EGY,1976,34450452.0,13315988083.0,337.7743689,40161928.0,0.8577887993823404,Africa
Egypt,EGY,1977,37815064.0,14400806876.0,357.0779478,41058585.0,0.9210026112687517,Africa
Egypt,EGY,1978,39261004.0,14811704063.0,358.847797,41955242.0,0.935783042319241,Africa
Egypt,EGY,1979,42889508.0,18020571429.0,426.3465239,42851899.0,1.0008776507197499,Africa
Egypt,EGY,1980,45176028.0,21669908176.0,500.3550452,43748556.0,1.032629008372299,Africa
Egypt,EGY,1981,50902684.0,22136081081.0,498.5591159,45095163.4,1.1287836690708166,Africa
Egypt,EGY,1982,56431170.0,27655172414.0,607.2815228,46441770.8,1.2150951401706673,Africa
Egypt,EGY,1983,56980476.0,30966239814.0,662.6872884,47788378.2,1.1923500680757564,Africa
Egypt,EGY,1984,63704310.0,33971188992.0,708.1957476,49134985.6,1.2965163054815263,Africa
Egypt,EGY,1985,63807230.0,39053502251.0,792.824042,50481593.0,1.2639702158368893,Africa
Egypt,EGY,1986,74392900.0,41253507951.0,815.2486949,51828200.4,1.4353749392386774,Africa
Egypt,EGY,1987,74613520.0,40455616654.0,778.1168872,53174807.8,1.4031742301849939,Africa
Egypt,EGY,1988,74309480.0,34980124929.0,655.0678055,54521415.2,1.362941143904863,Africa
Egypt,EGY,1989,71904560.0,39756299050.0,725.6298025,55868022.6,1.2870432253315514,Africa
Egypt,EGY,1990,75217530.0,42978914311.0,765.6420055,57214630.0,1.3146555347819255,Africa
Egypt,EGY,1991,77295850.0,37387836491.0,651.0775476,58630304.1,1.3183600390024244,Africa
Egypt,EGY,1992,79939880.0,41855986519.0,713.4525483,60045978.2,1.3313111451650894,Africa
Egypt,EGY,1993,92277976.0,46578631453.0,777.8577351,61461652.3,1.5013910714535086,Africa
Egypt,EGY,1994,88372740.0,51897983393.0,849.4524991,62877326.4,1.4054786527946266,Africa
Egypt,EGY,1995,98994500.0,60159245060.0,965.1108694,64293000.5,1.5397399286101137,Africa
Egypt,EGY,1996,97950850.0,67629716981.0,1063.333044,65708674.6,1.4906836973394073,Africa
Egypt,EGY,1997,111704890.0,78436578171.0,1208.71992,67124348.7,1.664148586368332,Africa
Egypt,EGY,1998,125025720.0,84828807556.0,1281.396914,68540022.8,1.8241272017785206,Africa
Egypt,EGY,1999,128221096.0,90710704807.0,1343.551963,69955696.9,1.8328899815448767,Africa
Egypt,EGY,2000,143836050.0,99838543960.0,1450.476242,71371371.0,2.015318579210143,Africa
Egypt,EGY,2001,127656536.0,96684636119.0,1378.203383,72959475.2,1.749690984619363,Africa
Egypt,EGY,2002,129155000.0,85146067416.0,1191.103239,74547579.4,1.7325176892329786,Africa
Egypt,EGY,2003,149919400.0,80288461538.0,1102.468199,76135683.6,1.9691082145875685,Africa
Egypt,EGY,2004,152575700.0,78782467532.0,1062.158092,77723787.8,1.9630502362109532,Africa
Egypt,EGY,2005,168216830.0,89600665557.0,1186.393313,79311892.0,2.120953437852674,Africa
Egypt,EGY,2006,179194160.0,107426000000.0,1397.43669,80899996.2,2.21500826226244,Africa
Egypt,EGY,2007,188805040.0,130438000000.0,1667.317998,82488100.4,2.2888760813311197,Africa
Egypt,EGY,2008,197727730.0,162818000000.0,2044.527804,84076204.6,2.351768029262349,Africa
Egypt,EGY,2009,206477900.0,189147000000.0,2331.26884,85664308.8,2.4103142007724925,Africa
Egypt,EGY,2010,203607570.0,218984000000.0,2645.968759,87252413.0,2.333546580539841,Africa
Egypt,EGY,2011,216917280.0,235990000000.0,2791.810766,89346690.2,2.427815507372874,Africa
Egypt,EGY,2012,213733500.0,279117000000.0,3229.68563,91440967.4,2.3373932502818207,Africa
Egypt,EGY,2013,211418910.0,288434000000.0,3262.657586,93535244.6,2.2603127933660208,Africa
Egypt,EGY,2014,226899340.0,305595000000.0,3379.557986,95629521.8,2.372691358580024,Africa
Egypt,EGY,2015,224479740.0,329367000000.0,3562.932658,97723799.0,2.2970836408027897,Africa
Egypt,EGY,2016,239385580.0,332442000000.0,3519.87324,99672066.0,2.401731895474104,Africa
Egypt,EGY,2017,260110600.0,235734000000.0,2444.290387,101620333.0,2.559631446986107,Africa
Egypt,EGY,2018,243907890.0,249713000000.0,2537.125185,103568600.0,2.355037047908343,Africa
Egypt,EGY,2019,256140160.0,303081000000.0,3019.092283,105516867.0,2.427480717371944,Africa
Egypt,EGY,2020,227637950.0,365253000000.0,3569.206841,107465134.0,2.1182493477372857,Africa
El Salvador,SLV,1970,1428306.0,1132920000.0,308.4398701,3619090.0,0.39465887833681945,North America
El Salvador,SLV,1971,1508825.0,1186120000.0,314.6156825,3708080.2,0.406901932703613,North America
El Salvador,SLV,1972,1677221.0,1263720000.0,326.7697702,3797070.4,0.4417144859889877,North America
El Salvador,SLV,1973,1966587.0,1442320000.0,363.8296353,3886060.6,0.5060618457674078,North America
El Salvador,SLV,1974,1970043.0,1665880000.0,410.2895015,3975050.8,0.4956019681559793,North America
El Salvador,SLV,1975,2105463.0,1884120100.0,453.4924515,4064041.0,0.5180712989854187,North America
El Salvador,SLV,1976,2206733.0,2328280100.0,548.1520223,4153031.2,0.531354784909875,North America
El Salvador,SLV,1977,2281687.0,2941640100.0,678.0392587,4242021.4,0.5378772959514065,North America
El Salvador,SLV,1978,2381372.0,3127960000.0,706.6155011,4331011.6,0.5498419814899596,North America
El Salvador,SLV,1979,2376721.0,3463639900.0,767.799244,4420001.8,0.5377194642771412,North America
El Salvador,SLV,1980,2119434.0,3573959900.0,778.448009,4508992.0,0.47004607681716887,North America
El Salvador,SLV,1981,1818731.0,3437200200.0,736.5911467,4594810.7,0.3958228355305258,North America
El Salvador,SLV,1982,1752098.0,3399189100.0,717.5438904,4680629.4,0.37432957200157735,North America
El Salvador,SLV,1983,1885365.0,3506347800.0,729.7387104,4766448.1,0.3955492560592446,North America
El Salvador,SLV,1984,1588299.0,3661683400.0,751.7250214,4852266.8,0.32733134130217245,North America
El Salvador,SLV,1985,1965338.0,3800368600.0,769.8035753,4938085.5,0.3979959439746436,North America
El Salvador,SLV,1986,1967496.0,3771663200.0,753.9799282,5023904.2,0.39162689447780474,North America
El Salvador,SLV,1987,2414492.0,3958045800.0,781.0600073,5109722.9,0.4725289506403566,North America
El Salvador,SLV,1988,2433068.0,4189880000.0,816.2199828,5195541.6,0.46829920484132015,North America
El Salvador,SLV,1989,2547246.0,4372215300.0,840.7123359,5281360.3,0.4823086961137645,North America
El Salvador,SLV,1990,2475071.0,4817542204.0,914.1317947,5367179.0,0.4611493300297978,North America
El Salvador,SLV,1991,3154717.0,5252342400.0,983.1815042,5426309.3,0.5813743422255713,North America
El Salvador,SLV,1992,3316777.0,5813399300.0,1073.310253,5485439.6,0.604651083935005,North America
El Salvador,SLV,1993,3975594.0,6680269200.0,1216.700841,5544569.9,0.7170247777018737,North America
El Salvador,SLV,1994,4512672.0,7679384000.0,1380.708375,5603700.2,0.8053021822973327,North America
El Salvador,SLV,1995,4998356.0,8921947100.0,1585.108896,5662830.5,0.8826603586316066,North America
El Salvador,SLV,1996,4414490.0,9586327800.0,1684.784505,5721960.8,0.7714995181372092,North America
El Salvador,SLV,1997,5415735.0,10221705900.0,1778.836337,5781091.1,0.9368015321536795,North America
El Salvador,SLV,1998,5731188.0,10936669900.0,1886.359966,5840221.4,0.9813306050349392,North America
El Salvador,SLV,1999,5587859.0,11284197000.0,1930.627457,5899351.7,0.9471988252539681,North America
El Salvador,SLV,2000,5670975.0,11784927700.0,2001.540049,5958482.0,0.9517482808540833,North America
El Salvador,SLV,2001,5857395.0,12282533600.0,2072.301591,5974037.2,0.9804751466897461,North America
El Salvador,SLV,2002,6069883.0,12664190300.0,2124.10182,5989592.4,1.013405019012646,North America
El Salvador,SLV,2003,6434851.0,13243892200.0,2209.497245,6005147.6,1.0715558431902656,North America
El Salvador,SLV,2004,6253812.0,13724810900.0,2278.43033,6020702.8,1.0387179383775595,North America
El Salvador,SLV,2005,6297707.0,14698000000.0,2428.568879,6036258.0,1.0433130923164649,North America
El Salvador,SLV,2006,6717812.0,15999890000.0,2631.822739,6051813.2,1.110049464183726,North America
El Salvador,SLV,2007,6845580.0,17011750000.0,2786.157774,6067368.4,1.1282618012777994,North America
El Salvador,SLV,2008,6404717.0,17986890000.0,2933.39424,6082923.6,1.05290110827629,North America
El Salvador,SLV,2009,6312459.0,17601620000.0,2858.483344,6098478.8,1.0350874713215368,North America
El Salvador,SLV,2010,6318629.0,18447920000.0,2983.228806,6114034.0,1.033463176684984,North America
El Salvador,SLV,2011,6499405.0,20283780000.0,3266.010978,6137440.4,1.0589764749487425,North America
El Salvador,SLV,2012,6471882.0,21386150000.0,3428.409332,6160846.8,1.0504857871161477,North America
El Salvador,SLV,2013,6094472.0,21990960000.0,3509.526536,6184253.2,0.985482289114553,North America
El Salvador,SLV,2014,6151155.0,22593470000.0,3589.042885,6207659.6,0.9908976001196973,North America
El Salvador,SLV,2015,6667772.0,23438240000.0,3705.579704,6231066.0,1.0700852791480624,North America
El Salvador,SLV,2016,6595795.0,24191430000.0,3805.995686,6243399.0,1.0564429728101632,North America
El Salvador,SLV,2017,5969700.0,24979190000.0,3910.254403,6255732.0,0.9542768136486666,North America
El Salvador,SLV,2018,6262603.0,26020850000.0,4052.624775,6268065.0,0.9991285986983224,North America
El Salvador,SLV,2019,7549650.0,26896660000.0,4167.730939,6280398.0,1.2020973830002493,North America
El Salvador,SLV,2020,6594499.0,24638720000.0,3798.636521,6292731.0,1.0479550134909628,North America
Equatorial Guinea,GNQ,1970,36640.0,66331428.57,218.2055377,316955.0,0.11560000631004401,Africa
Equatorial Guinea,GNQ,1971,65952.0,64946954.76,217.321466,313510.4,0.21036622708528965,Africa
Equatorial Guinea,GNQ,1972,87936.0,65429198.24,226.0013479,310065.8,0.28360431882523,Africa
Equatorial Guinea,GNQ,1973,29312.0,81203226.91,292.4598313,306621.2,0.09559678195767285,Africa
Equatorial Guinea,GNQ,1974,51296.0,94159862.71,354.3014528,303176.6,0.16919511598190626,Africa
Equatorial Guinea,GNQ,1975,62288.0,104295643.4,407.71064,299732.0,0.20781231233235023,Africa
Equatorial Guinea,GNQ,1976,62288.0,103653049.9,418.0080975,296287.4,0.21022831210507092,Africa
Equatorial Guinea,GNQ,1977,62288.0,103987520.1,429.4165844,292842.8,0.2127011488757791,Africa
Equatorial Guinea,GNQ,1980,58624.0,50642880.77,202.6274483,282509.0,0.2075119730698845,Africa
Equatorial Guinea,GNQ,1981,69616.0,36731422.85,138.9394517,300813.0,0.23142616841692348,Africa
Equatorial Guinea,GNQ,1982,73280.0,44294647.73,155.6174781,319117.0,0.22963364534011035,Africa
Equatorial Guinea,GNQ,1983,62288.0,44442456.95,144.1963121,337421.0,0.18460024716896695,Africa
Equatorial Guinea,GNQ,1984,80608.0,50320914.41,151.772907,355725.0,0.2266020099796191,Africa
Equatorial Guinea,GNQ,1985,65952.0,62118564.85,176.4150588,374029.0,0.1763285734528606,Africa
Equatorial Guinea,GNQ,1986,80608.0,76407396.76,207.052649,392333.0,0.20545811848608198,Africa
Equatorial Guinea,GNQ,1987,98928.0,93345847.73,243.737477,410637.0,0.24091350755046428,Africa
Equatorial Guinea,GNQ,1988,106256.0,100534663.3,254.5355336,428941.0,0.24771705199549587,Africa
Equatorial Guinea,GNQ,1989,117248.0,88265974.58,217.0723884,447245.0,0.26215608894453823,Africa
Equatorial Guinea,GNQ,1990,62288.0,112119406.5,267.4680729,465549.0,0.1337947240784536,Africa
Equatorial Guinea,GNQ,1991,65952.0,110906032.1,256.2263358,487491.8,0.13528842946691616,Africa
Equatorial Guinea,GNQ,1992,65952.0,134707184.4,301.177109,509434.6,0.12946117126712633,Africa
Equatorial Guinea,GNQ,1993,69616.0,136047896.2,294.0705049,531377.4,0.13101046450225395,Africa
Equatorial Guinea,GNQ,1994,1152916.0,100807001.8,210.4095434,553320.2,2.0836325874240633,Africa
Equatorial Guinea,GNQ,1995,1227055.0,141853368.3,285.5525482,575263.0,2.133033064876413,Africa
Equatorial Guinea,GNQ,1996,1355536.0,232463036.4,450.6460023,597205.8,2.2697971118163953,Africa
Equatorial Guinea,GNQ,1997,1974754.0,442337849.5,824.5510831,619148.6,3.1894669551057695,Africa
Equatorial Guinea,GNQ,1998,2302334.0,370687618.7,663.7247513,641091.4,3.5912726328882276,Africa
Equatorial Guinea,GNQ,1999,2511309.0,621117885.7,1067.643955,663034.2,3.7876010015772943,Africa
Equatorial Guinea,GNQ,2000,2699265.0,1045998496.0,1725.557584,684977.0,3.940665161020005,Africa
Equatorial Guinea,GNQ,2001,3094681.0,1461139022.0,2313.165937,725931.7,4.26304706076343,Africa
Equatorial Guinea,GNQ,2002,2761457.0,1806742742.0,2744.191483,766886.4,3.6008683945888205,Africa
Equatorial Guinea,GNQ,2003,3133436.0,2484745935.0,3618.544476,807841.1,3.878777645752364,Africa
Equatorial Guinea,GNQ,2004,6137383.0,4410764339.0,6152.131238,848795.8,7.230694355462173,Africa
Equatorial Guinea,GNQ,2005,6208019.0,8217369093.0,10963.40638,889750.5,6.977258231380595,Africa
Equatorial Guinea,GNQ,2006,6181641.0,10086528699.0,12857.36882,930705.2,6.641889397416067,Africa
Equatorial Guinea,GNQ,2007,5723963.0,13071718759.0,15908.41119,971659.8999999999,5.890912036197028,Africa
Equatorial Guinea,GNQ,2008,5941702.0,19749893536.0,22942.6101,1012614.6000000001,5.867683519475227,Africa
Equatorial Guinea,GNQ,2009,4901532.0,15027795173.0,16668.1217,1053569.3,4.652310958567225,Africa
Equatorial Guinea,GNQ,2010,6402228.0,16314442183.0,17288.84128,1094524.0,5.849326282475304,Africa
Equatorial Guinea,GNQ,2011,6094526.0,21357344847.0,21641.69508,1145013.8,5.322665980095611,Africa
Equatorial Guinea,GNQ,2012,6900679.0,22388345810.0,21711.15323,1195503.6,5.772194245169985,Africa
Equatorial Guinea,GNQ,2013,8196183.0,21948835350.0,20390.73826,1245993.4,6.578030830660901,Africa
Equatorial Guinea,GNQ,2014,7672193.0,21765454404.0,19394.08184,1296483.2,5.917695655446981,Africa
Equatorial Guinea,GNQ,2015,7033487.0,13185496836.0,11283.39802,1346973.0,5.221698578961865,Africa
Equatorial Guinea,GNQ,2016,7558256.0,11240809132.0,9250.316728,1396788.2,5.411168278769824,Africa
Equatorial Guinea,GNQ,2017,7862125.0,12200912828.0,9667.856962,1446603.4,5.434886299866294,Africa
Equatorial Guinea,GNQ,2018,6008448.0,13097011208.0,10005.61604,1496418.6,4.015218736254681,Africa
Equatorial Guinea,GNQ,2019,4637975.0,11364134109.0,8380.741122,1546233.8,2.9995302133480717,Africa
Equatorial Guinea,GNQ,2020,5524802.0,10099157270.0,7198.335884,1596049.0,3.4615491128405207,Africa
Eritrea,ERI,1993,0.0,467872714.8,208.9994799,2222836.0,0.0,Africa
Eritrea,ERI,1994,743834.0,531688311.7,239.6680867,2247128.0,0.33101541167214327,Africa
Eritrea,ERI,1995,822787.0,578015625.0,262.2305348,2271420.0,0.36223463736341144,Africa
Eritrea,ERI,1996,898479.0,693535954.2,315.7506824,2295712.0,0.391372698317559,Africa
Eritrea,ERI,1997,808466.0,686490090.1,312.724395,2320004.0,0.34847612331702876,Africa
Eritrea,ERI,1998,586169.0,745526154.9,337.8865923,2344296.0,0.2500405238928872,Africa
Eritrea,ERI,1999,615453.0,688921325.7,307.9099092,2368588.0,0.25983961752740453,Africa
Eritrea,ERI,2000,604433.0,706370815.6,308.1341868,2392880.0,0.25259645281000304,Africa
Eritrea,ERI,2001,626345.0,752368495.5,316.8239534,2468364.7,0.2537489699151831,Africa
Eritrea,ERI,2002,600625.0,729321366.7,293.9556724,2543849.4,0.23610870989454014,Africa
Eritrea,ERI,2003,710473.0,870247703.2,334.5855715,2619334.1,0.27124183967215176,Africa
Eritrea,ERI,2004,769025.0,1109054005.0,407.769077,2694818.8,0.28537169178128047,Africa
Eritrea,ERI,2005,768953.0,1098425901.0,388.5959475,2770303.5,0.27756994856339745,Africa
Eritrea,ERI,2006,548946.0,1211161880.0,415.0360305,2845788.2,0.1928977005386416,Africa
Eritrea,ERI,2007,563359.0,1317974491.0,439.8321034,2921272.9,0.19284709757859322,Africa
Eritrea,ERI,2008,409357.0,1380188800.0,450.6323989,2996757.6,0.13659997058153786,Africa
Eritrea,ERI,2009,497314.0,1856695551.0,595.1099872,3072242.3,0.16187330016255555,Africa
Eritrea,ERI,2010,497337.0,1589515447.0,501.355317,3147727.0,0.15799877181216795,Africa
Eritrea,ERI,2011,577818.0,2065001626.0,642.5082588,3186182.8,0.18135117671214596,Africa
Estonia,EST,1995,18061320.0,4502970889.0,3134.389753,1483775.5,12.172542274757873,Europe
Estonia,EST,1996,19043080.0,4786018988.0,3380.926302,1466395.8,12.986316518364278,Europe
Estonia,EST,1997,18682882.0,5154420649.0,3682.952301,1449016.1,12.893495110233763,Europe
Estonia,EST,1998,16940746.0,5674080543.0,4093.392477,1431636.4,11.833134446707279,Europe
Estonia,EST,1999,15937988.0,5756912266.0,4140.936602,1414256.7,11.269515640265308,Europe
Estonia,EST,2000,15481725.0,5686579748.0,4070.609024,1396877.0,11.08309822554169,Europe
Estonia,EST,2001,15882095.0,6254649539.0,4505.858332,1390342.8,11.423150463324584,Europe
Estonia,EST,2002,15370402.0,7367975888.0,5341.628947,1383808.6,11.107317876186055,Europe
Estonia,EST,2003,17263582.0,9874013098.0,7203.523038,1377274.4,12.53459876986024,Europe
Estonia,EST,2004,17327458.0,12145911801.0,8914.103557,1370740.2,12.640949758386016,Europe
Estonia,EST,2005,17096810.0,14106790200.0,10412.64431,1364206.0,12.53242545480668,Europe
Estonia,EST,2006,16444916.0,17022870405.0,12639.40007,1357671.8,12.112585677923043,Europe
Estonia,EST,2007,19942080.0,22449129483.0,16744.58445,1351137.6,14.759473794526922,Europe
Estonia,EST,2008,17822380.0,24341678629.0,18204.96648,1344603.4,13.254748574932952,Europe
Estonia,EST,2009,14417051.0,19633031398.0,14711.73527,1338069.2,10.774518238668076,Europe
Estonia,EST,2010,18975448.0,19523477326.0,14663.04461,1331535.0,14.250806775638642,Europe
Estonia,EST,2011,18956354.0,23213994093.0,17487.80478,1328159.4,14.272649803931667,Europe
Estonia,EST,2012,17771784.0,23019150071.0,17403.20533,1324783.8,13.414856069345051,Europe
Estonia,EST,2013,19660420.0,25115753366.0,19056.00192,1321408.2,14.878385044076463,Europe
Estonia,EST,2014,18828278.0,26634083965.0,20261.06673,1318032.6,14.285138319037024,Europe
Estonia,EST,2015,15823998.0,22890762090.0,17402.03761,1314657.0,12.036598139286522,Europe
Estonia,EST,2016,17489174.0,24072829277.0,18295.34293,1317614.4,13.273362829064407,Europe
Estonia,EST,2017,18738382.0,26924385103.0,20437.76538,1320571.8,14.189597263851915,Europe
Estonia,EST,2018,17884834.0,30489500905.0,23063.56382,1323529.2,13.512987850966946,Europe
Estonia,EST,2019,12323983.0,31045591753.0,23397.87826,1326486.6,9.29069543559656,Europe
Estonia,EST,2020,9238881.0,30650285472.0,23054.35849,1329444.0,6.949432243855326,Europe
Eswatini,SWZ,1970,366400.0,112137757.2,260.0289791,442865.0,0.8273401600939339,Africa
Eswatini,SWZ,1971,399376.0,136465324.4,307.3688719,458434.9,0.8711727662968067,Africa
Eswatini,SWZ,1972,381056.0,146741251.5,321.0694305,474004.8,0.8039074709791969,Africa
Eswatini,SWZ,1973,370064.0,221902017.3,471.5690788,489574.7,0.7558887336294134,Africa
Eswatini,SWZ,1974,311440.0,264311994.1,545.2576171,505144.6,0.6165363343486202,Africa
Eswatini,SWZ,1975,337088.0,288302907.4,576.8838728,520714.5,0.64735666089575,Africa
Eswatini,SWZ,1976,333424.0,272539098.4,528.5842538,536284.4,0.621729813509399,Africa
Eswatini,SWZ,1977,340752.0,304047838.1,571.2468283,551854.3,0.6174673278798407,Africa
Eswatini,SWZ,1978,439680.0,340616375.3,619.5424325,567424.2,0.7748700178808025,Africa
Eswatini,SWZ,1979,447008.0,412093133.8,725.1126728,582994.1,0.7667453238377542,Africa
Eswatini,SWZ,1980,465328.0,542000513.6,922.0016494,598564.0,0.7774072613789001,Africa
Eswatini,SWZ,1981,436016.0,570761166.8,938.1748182,624108.7,0.698621890705898,Africa
Eswatini,SWZ,1982,436016.0,537575980.8,853.5499178,649653.4,0.6711517249043875,Africa
Eswatini,SWZ,1983,271136.0,555336145.8,851.5962684,675198.1,0.4015651110392639,Africa
Eswatini,SWZ,1984,333424.0,494475699.9,732.2962204,700742.8,0.47581509221357676,Africa
Eswatini,SWZ,1985,439680.0,360075380.3,515.0725603,726287.5,0.6053801008553775,Africa
Eswatini,SWZ,1986,458000.0,449146608.3,620.7120357,751832.2,0.6091784842415635,Africa
Eswatini,SWZ,1987,436016.0,584135559.9,780.2685423,777376.9,0.5608810861243755,Africa
Eswatini,SWZ,1988,436016.0,692016714.3,894.3395802,802921.6,0.5430368294986708,Africa
Eswatini,SWZ,1989,436016.0,696915430.7,872.7829383,828466.3,0.5262929825872217,Africa
Eswatini,SWZ,1990,959968.0,1114703088.0,1355.389001,854011.0,1.1240698304822772,Africa
Eswatini,SWZ,1991,872032.0,1156141998.0,1367.783196,871659.5,1.0004273457697646,Africa
Eswatini,SWZ,1992,831728.0,1284766234.0,1481.861181,889308.0,0.935253028197205,Africa
Eswatini,SWZ,1993,710816.0,1357206996.0,1528.892444,906956.5,0.7837376985555536,Africa
Eswatini,SWZ,1994,1077216.0,1419293455.0,1563.749507,924605.0,1.1650553479593988,Africa
Eswatini,SWZ,1995,1062560.0,1698982438.0,1833.099316,942253.5,1.1276795469584353,Africa
Eswatini,SWZ,1996,787760.0,1602760100.0,1695.134775,959902.0,0.8206671097674554,Africa
Eswatini,SWZ,1997,1143168.0,1716699913.0,1781.888523,977550.5,1.1694209148274182,Africa
Eswatini,SWZ,1998,1161488.0,1576904292.0,1609.214093,995199.0,1.167091204874603,Africa
Eswatini,SWZ,1999,1238432.0,1547884442.0,1557.063331,1012847.5,1.2227230654170544,Africa
Eswatini,SWZ,2000,1209120.0,1738100853.0,1728.710498,1030496.0,1.173337887774431,Africa
Eswatini,SWZ,2001,1095536.0,1542477309.0,1521.769075,1037438.4,1.05600101172272,Africa
Eswatini,SWZ,2002,1080880.0,1432228125.0,1405.448706,1044380.8,1.0349481721609588,Africa
Eswatini,SWZ,2003,1003936.06,2197612701.0,2148.632475,1051323.2,0.9549261920596825,Africa
Eswatini,SWZ,2004,1000272.06,2770082792.0,2699.130742,1058265.6,0.9451994470953228,Africa
Eswatini,SWZ,2005,1014928.0,3178126492.0,3083.838141,1065208.0,0.9527979511982636,Africa
Eswatini,SWZ,2006,1014928.0,3291353836.0,3176.691168,1072150.4,0.9466283834805267,Africa
Eswatini,SWZ,2007,1040576.0,3469363996.0,3327.445134,1079092.8,0.96430631359972,Africa
Eswatini,SWZ,2008,1022256.0,3294093485.0,3137.387266,1086035.2,0.9412733583589188,Africa
Eswatini,SWZ,2009,1058896.0,3580417067.0,3385.858846,1092977.6,0.9688176592091182,Africa
Eswatini,SWZ,2010,996608.0,4438778424.0,4168.489403,1099920.0,0.9060731689577424,Africa
Eswatini,SWZ,2011,1007599.94,4820499924.0,4496.613361,1106723.2,0.9104353645066806,Africa
Eswatini,SWZ,2012,1168816.0,4886533033.0,4527.565039,1113526.4,1.04965270693178,Africa
Eswatini,SWZ,2013,1399648.0,4597532030.0,4230.171266,1120329.6,1.249318057828696,Africa
Eswatini,SWZ,2014,769440.0,4422968340.0,4039.159341,1127132.8,0.6826524789270616,Africa
Eswatini,SWZ,2015,868368.0,4063245671.0,3680.349473,1133936.0,0.7657998335003033,Africa
Eswatini,SWZ,2016,1055232.0,3816022047.0,3425.531957,1143279.8,0.9229866564597747,Africa
Eswatini,SWZ,2017,985616.0,4402969226.0,3914.418484,1152623.6,0.8551065586371821,Africa
Eswatini,SWZ,2018,1033247.94,4666784618.0,4107.094431,1161967.4,0.8892228301757864,Africa
Eswatini,SWZ,2019,1121184.0,4466066557.0,3889.851226,1171311.2,0.9572041998744655,Africa
Eswatini,SWZ,2020,1091872.0,3984840580.0,3434.721798,1180655.0,0.9248019108037487,Africa
Ethiopia,ETH,1981,1860007.0,7324903188.0,203.5570003,36238729.4,0.05132649601119845,Africa
Ethiopia,ETH,1982,1473914.0,7707678019.0,208.3423913,37531989.8,0.03927087287016155,Africa
Ethiopia,ETH,1983,1834754.0,8567890821.0,224.6274002,38825250.2,0.047256720576136814,Africa
Ethiopia,ETH,1984,1650281.0,8096302367.0,205.6237929,40118510.6,0.0411351512137143,Africa
Ethiopia,ETH,1985,1798710.0,9480840483.0,233.2186961,41411771.0,0.043434751921138555,Africa
Ethiopia,ETH,1986,2195246.0,9848600870.0,234.6821764,42705031.4,0.05140485624370716,Africa
Ethiopia,ETH,1987,2554381.0,10527338647.0,242.9615459,43998291.8,0.058056367542887205,Africa
Ethiopia,ETH,1988,2640066.0,10908935749.0,243.7358577,45291552.2,0.05829047298582096,Africa
Ethiopia,ETH,1989,2794114.0,11476584879.0,248.0227457,46584812.6,0.05997907566982463,Africa
Ethiopia,ETH,1990,2986507.0,12175166763.0,254.2432622,47878073.0,0.062377343382220084,Africa
Ethiopia,ETH,1991,2958472.0,13463868357.0,271.3943735,49793452.4,0.0594148800174378,Africa
Ethiopia,ETH,1992,2936737.0,10492993078.0,204.0501815,51708831.8,0.056793721648146,Africa
Ethiopia,ETH,1993,2993623.0,8830712714.0,165.693228,53624211.2,0.05582595870426528,Africa
Ethiopia,ETH,1994,2197201.0,6927950565.0,125.5495813,55539590.6,0.03956098660907306,Africa
Ethiopia,ETH,1995,2505953.0,7663984568.0,134.3429602,57454970.0,0.043615948280888495,Africa
Ethiopia,ETH,1996,2794189.0,8547939731.0,145.1669013,59370349.4,0.04706371157047629,Africa
Ethiopia,ETH,1997,2980158.0,8589211390.0,141.5086199,61285728.8,0.048627275196897066,Africa
Ethiopia,ETH,1998,3147422.0,7818224906.0,125.0761411,63201108.2,0.049800107777224066,Africa
Ethiopia,ETH,1999,3094276.0,7700833482.0,119.6840763,65116487.6,0.04751908639494861,Africa
Ethiopia,ETH,2000,3462855.0,8242392104.0,124.4607909,67031867.0,0.05165983218101325,Africa
Ethiopia,ETH,2001,4264586.0,8231326016.0,120.7657837,69252459.4,0.06158028230258057,Africa
Ethiopia,ETH,2002,4431687.0,7850809498.0,111.9272251,71473051.8,0.06200500592028729,Africa
Ethiopia,ETH,2003,4870232.0,8623691300.0,119.490396,73693644.2,0.06608754462979861,Africa
Ethiopia,ETH,2004,5158551.0,10131187261.0,136.46625,75914236.6,0.06795235295825922,Africa
Ethiopia,ETH,2005,4956129.0,12401139454.0,162.4327286,78134829.0,0.06343047093633493,Africa
Ethiopia,ETH,2006,5318177.0,15280861835.0,194.6874329,80355421.4,0.06618317603645844,Africa
Ethiopia,ETH,2007,5839596.0,19707616773.0,244.2860523,82576013.8,0.07071782387248148,Africa
Ethiopia,ETH,2008,6417597.0,27066912635.0,326.4368228,84796606.2,0.07568223880167506,Africa
Ethiopia,ETH,2009,6453445.0,32437389116.0,380.5690032,87017198.6,0.07416286784484005,Africa
Ethiopia,ETH,2010,6336871.0,29933790334.0,341.5541227,89237791.0,0.07101106973838023,Africa
Ethiopia,ETH,2011,7402480.0,31952763089.0,354.4795719,91884611.8,0.08056278254853551,Africa
Ethiopia,ETH,2012,8108686.5,43310721414.0,467.0778718,94531432.6,0.08577767496988087,Africa
Ethiopia,ETH,2013,9781029.0,47648211133.0,499.5315302,97178253.4,0.100650388927447,Africa
Ethiopia,ETH,2014,12016546.0,55612228234.0,566.9264029,99825074.2,0.12037602873126639,Africa
Ethiopia,ETH,2015,12696406.0,64589334979.0,640.5419231,102471895.0,0.12390134875518795,Africa
Ethiopia,ETH,2016,14424923.0,74296618481.0,717.1248698,105415698.2,0.13683847136915325,Africa
Ethiopia,ETH,2017,15583688.0,81770791971.0,768.5230154,108359501.4,0.1438146890550384,Africa
Ethiopia,ETH,2018,15988957.0,84269348327.0,771.5248663,111303304.6,0.14365213196015028,Africa
Ethiopia,ETH,2019,16674992.0,95912590628.0,855.7608852,114247107.8,0.1459554847479474,Africa
Ethiopia,ETH,2020,17810122.0,107658000000.0,936.4507576,117190911.0,0.15197528415834227,Africa
Faroe Islands,FRO,1998,622880.0,1113926695.0,24166.41418,46023.8,13.533867259982877,Europe
Faroe Islands,FRO,1999,630208.0,1131532926.0,24371.77837,45841.9,13.74742320889841,Europe
Faroe Islands,FRO,2000,688832.0,1068278260.0,22856.73883,45660.0,15.086114761279019,Europe
Faroe Islands,FRO,2001,762112.0,1162024799.0,24724.45795,45935.0,16.591096114074237,Europe
Faroe Islands,FRO,2002,725472.0,1276375290.0,27021.812,46210.0,15.699458991560268,Europe
Faroe Islands,FRO,2003,732800.0,1500235287.0,31624.51331,46485.0,15.764225018823277,Europe
Faroe Islands,FRO,2004,747456.0,1708217189.0,35886.91573,46760.0,15.984944396920445,Europe
Faroe Islands,FRO,2005,721808.0,1754406443.0,36756.12167,47035.0,15.346189008185394,Europe
Faroe Islands,FRO,2006,677840.0,2014663348.0,42153.94197,47310.0,14.327626294652294,Europe
Faroe Islands,FRO,2007,688832.0,2333137388.0,48784.8905,47585.0,14.47582221288221,Europe
Faroe Islands,FRO,2008,630208.0,2488397638.0,52034.57903,47860.0,13.167739239448391,Europe
Faroe Islands,FRO,2009,575248.0,2295640657.0,48011.89311,48135.0,11.950721927911083,Europe
Faroe Islands,FRO,2010,630208.0,2322202664.0,48578.59681,48410.0,13.01813674860566,Europe
Faroe Islands,FRO,2011,567920.0,2499152495.0,52267.12318,48491.2,11.71181575213647,Europe
Faroe Islands,FRO,2012,589904.0,2414380665.0,50464.65867,48572.4,12.144839456152052,Europe
Faroe Islands,FRO,2013,648528.0,2677296441.0,55892.28702,48653.6,13.329496686781656,Europe
Faroe Islands,FRO,2014,597232.0,2901131403.0,60484.34073,48734.8,12.254733783661777,Europe
Faroe Islands,FRO,2015,608224.0,2561824641.0,53310.26201,48816.0,12.459521468371026,Europe
Faroe Islands,FRO,2016,630208.0,2804863556.0,58224.80551,49535.8,12.722273587990907,Europe
Faroe Islands,FRO,2017,707152.0,2969876872.0,61455.05261,50255.6,14.071108493381832,Europe
Faroe Islands,FRO,2018,725472.0,3180074747.0,65572.60753,50975.4,14.231805929919137,Europe
Faroe Islands,FRO,2019,740128.0,3268839776.0,67153.68194,51695.2,14.317151302248565,Europe
Faroe Islands,FRO,2020,758448.0,3240759989.0,66320.6792,52415.0,14.47005628159878,Europe
Fiji,FJI,1970,520050.0,219878482.2,422.3875438,527634.0,0.9856264001182637,Oceania
Fiji,FJI,1971,549271.0,247749327.7,466.0253483,539328.8,1.018434394751402,Oceania
Fiji,FJI,1972,578555.0,316650509.0,583.3187661,551023.6,1.0499641031708986,Oceania
Fiji,FJI,1973,629851.0,425963359.4,768.6885143,562718.4,1.1193005240276486,Oceania
Fiji,FJI,1974,670185.0,558589870.9,987.92375,574413.2,1.16672980356301,Oceania
Fiji,FJI,1975,622581.0,684268280.8,1186.676079,586108.0,1.06222914548172,Oceania
Fiji,FJI,1976,482997.0,694552411.7,1182.094134,597802.8,0.8079537265466137,Oceania
Fiji,FJI,1977,764627.0,719533137.1,1202.631355,609497.6,1.2545201162399984,Oceania
Fiji,FJI,1978,709084.0,829239489.8,1360.785401,621192.4,1.141488530767601,Oceania
Fiji,FJI,1979,836456.0,1019743927.0,1640.556911,632887.2,1.3216509987877778,Oceania
Fiji,FJI,1980,792420.0,1202567359.0,1892.876822,644582.0,1.2293548377087786,Oceania
Fiji,FJI,1981,1077173.0,1235665809.0,1898.010864,658166.8,1.6366261561658837,Oceania
Fiji,FJI,1982,835123.0,1194122694.0,1786.857167,671751.6,1.2432021003001705,Oceania
Fiji,FJI,1983,708926.0,1123107276.0,1638.383941,685336.4,1.0344204685465415,Oceania
Fiji,FJI,1984,577209.0,1177997414.0,1681.705084,698921.2,0.8258570494070004,Oceania
Fiji,FJI,1985,572991.0,1141123440.0,1603.219354,712506.0,0.8041911226010728,Oceania
Fiji,FJI,1986,598086.0,1290228617.0,1795.370458,726090.8,0.8237068972640886,Oceania
Fiji,FJI,1987,471995.0,1177908192.0,1631.958103,739675.6,0.6381108150654152,Oceania
Fiji,FJI,1988,549765.0,1109976928.0,1535.399195,753260.4,0.7298472082164414,Oceania
Fiji,FJI,1989,625202.0,1182686577.0,1632.187846,766845.2,0.8152910131014709,Oceania
Fiji,FJI,1990,801220.0,1337024782.0,1835.123058,780430.0,1.0266391604628218,Oceania
Fiji,FJI,1991,655032.0,1383843860.0,1881.761794,785637.9,0.8337581473602533,Oceania
Fiji,FJI,1992,730309.0,1532401863.0,2058.379603,790845.8,0.9234530928785358,Oceania
Fiji,FJI,1993,728647.0,1636074718.0,2167.095454,796053.7,0.9153239285239174,Oceania
Fiji,FJI,1994,723077.0,1825763268.0,2384.726456,801261.6,0.9024231287259992,Oceania
Fiji,FJI,1995,736697.0,1970347721.0,2540.980879,806469.5,0.9134840189244603,Oceania
Fiji,FJI,1996,792447.0,2128696644.0,2713.827761,811677.4,0.9763078287014028,Oceania
Fiji,FJI,1997,764285.0,2090184941.0,2636.67216,816885.3,0.9356087078565375,Oceania
Fiji,FJI,1998,743300.0,1653160862.0,2066.068854,822093.2,0.9041553926002551,Oceania
Fiji,FJI,1999,756467.0,1936484565.0,2401.686422,827301.1,0.9143792991451359,Oceania
Fiji,FJI,2000,814852.0,1678239218.0,2069.317455,832509.0,0.9787906196809885,Oceania
Fiji,FJI,2001,1042053.0,1652464201.0,2030.246351,839775.0,1.2408716620523355,Oceania
Fiji,FJI,2002,879737.0,1833279985.0,2248.714191,847041.0,1.0386002566581782,Oceania
Fiji,FJI,2003,1037013.06,2300453634.0,2818.91392,854307.0,1.2138646411652954,Oceania
Fiji,FJI,2004,1340918.0,2708078477.0,3311.159895,861573.0,1.5563602851992808,Oceania
Fiji,FJI,2005,1082308.0,2980484920.0,3627.632856,868839.0,1.2456945417965815,Oceania
Fiji,FJI,2006,1202662.0,3076305453.0,3715.932657,876105.0,1.372737286055895,Oceania
Fiji,FJI,2007,1140350.0,3378314600.0,4040.152119,883371.0,1.290907217918632,Oceania
Fiji,FJI,2008,846043.0,3523185920.0,4167.694935,890637.0,0.9499302184840738,Oceania
Fiji,FJI,2009,741810.0,2870624636.0,3362.820495,897903.0,0.8261582821306979,Oceania
Fiji,FJI,2010,1091800.0,3140508836.0,3652.535933,905169.0,1.2061835966543264,Oceania
Fiji,FJI,2011,998622.0,3774530616.0,4371.447385,907575.2,1.1003187394278733,Oceania
Fiji,FJI,2012,968907.0,3972012571.0,4591.577015,909981.4,1.0647547301516271,Oceania
Fiji,FJI,2013,1106116.0,4190143206.0,4840.72727,912387.6,1.2123312504466304,Oceania
Fiji,FJI,2014,1251551.0,4856963230.0,5605.609148,914793.8,1.3681236143052127,Oceania
Fiji,FJI,2015,1319945.0,4682546863.0,5390.714207,917200.0,1.4391027038813782,Oceania
Fiji,FJI,2016,1259717.0,4930204230.0,5651.272721,917844.4,1.372473373482477,Oceania
Fiji,FJI,2017,1361855.0,5353404422.0,6101.02389,918488.8,1.4827126906718948,Oceania
Fiji,FJI,2018,1410107.0,5581371850.0,6317.413723,919133.2,1.5341704553812223,Oceania
Fiji,FJI,2019,1408048.0,5496264766.0,6175.890653,919777.6,1.5308570245676782,Oceania
Fiji,FJI,2020,1040951.94,4574413823.0,5102.843929,920422.0,1.130950737813742,Oceania
Finland,FIN,1970,40355044.0,11357516988.0,2465.644819,4606621.0,8.760226639005031,Europe
Finland,FIN,1971,40536760.0,12527405513.0,2716.190092,4623900.7,8.766788612047831,Europe
Finland,FIN,1972,44106084.0,14743186120.0,3177.645701,4641180.4,9.50320396940399,Europe
Finland,FIN,1973,49320160.0,19472363467.0,4173.173047,4658460.1,10.587223876834322,Europe
Finland,FIN,1974,46608372.0,24848821490.0,5297.607817,4675739.8,9.968127824392624,Europe
Finland,FIN,1975,46025676.0,29472623242.0,6255.544641,4693019.5,9.807262893324863,Europe
Finland,FIN,1976,51198464.0,31849513771.0,6739.690713,4710299.2,10.869471731222509,Europe
Finland,FIN,1977,50136984.0,33499799321.0,7069.105738,4727578.9,10.605213590406708,Europe
Finland,FIN,1978,51825016.0,36256160289.0,7628.815714,4744858.6,10.92235203805652,Europe
Finland,FIN,1979,54237020.0,44465255686.0,9332.245264,4762138.3,11.389215638697431,Europe
Finland,FIN,1980,58139290.0,53645202423.0,11223.93756,4779418.0,12.164512499220617,Europe
Finland,FIN,1981,51403284.0,52448332874.0,10926.81797,4800130.7,10.7087259103174,Europe
Finland,FIN,1982,42976476.0,52797582336.0,10938.12206,4820843.4,8.914721436502168,Europe
Finland,FIN,1983,41463372.0,50973526900.0,10497.48,4841556.1,8.564058980954492,Europe
Finland,FIN,1984,42147140.0,52888800950.0,10833.86629,4862268.8,8.668204439869717,Europe
Finland,FIN,1985,49549076.0,55875863392.0,11398.10595,4882981.5,10.147299554585656,Europe
Finland,FIN,1986,53214370.0,73531550551.0,14951.04679,4903694.2,10.851894067945754,Europe
Finland,FIN,1987,57533400.0,91594751792.0,18571.05993,4924406.9,11.683315609033038,Europe
Finland,FIN,1988,52058084.0,109059000000.0,22047.79332,4945119.6,10.527163791953587,Europe
Finland,FIN,1989,52447930.0,119012000000.0,23973.23948,4965832.3,10.561760210871398,Europe
Finland,FIN,1990,56915000.0,141438000000.0,28364.64508,4986545.0,11.413714305195281,Europe
Finland,FIN,1991,55188000.0,127774000000.0,25484.73929,5005511.4,11.025446870423668,Europe
Finland,FIN,1992,54265000.0,112533000000.0,22319.05946,5024477.8,10.80012732865493,Europe
Finland,FIN,1993,56314000.0,89214114708.0,17608.81239,5043444.2,11.165782304084974,Europe
Finland,FIN,1994,61732000.0,103300000000.0,20301.33309,5062410.6,12.194190649016104,Europe
Finland,FIN,1995,58116000.0,134190000000.0,26271.59981,5081377.0,11.437057317337407,Europe
Finland,FIN,1996,64032996.0,132129000000.0,25783.45049,5100343.4,12.554644065730946,Europe
Finland,FIN,1997,62696000.0,126912000000.0,24691.87281,5119309.8,12.246963448080443,Europe
Finland,FIN,1998,59352000.0,134039000000.0,26009.26949,5138276.2,11.550955551980643,Europe
Finland,FIN,1999,58866000.0,135264000000.0,26186.19001,5157242.6,11.414239074190538,Europe
Finland,FIN,2000,57010000.0,126020000000.0,24345.91482,5176209.0,11.013852029545175,Europe
Finland,FIN,2001,62514000.0,129533000000.0,24967.79252,5194915.2,12.033690174576863,Europe
Finland,FIN,2002,65041000.0,140404000000.0,26997.75299,5213621.4,12.475205813755482,Europe
Finland,FIN,2003,72654000.0,171652000000.0,32927.68029,5232327.6,13.885598447620138,Europe
Finland,FIN,2004,68939000.0,197479000000.0,37772.17811,5251033.8,13.128652875934641,Europe
Finland,FIN,2005,57047000.0,204885000000.0,39054.85044,5269740.0,10.825391765058617,Europe
Finland,FIN,2006,68371000.0,217089000000.0,41222.602,5288446.2,12.928372042434694,Europe
Finland,FIN,2007,66760004.0,256378000000.0,48476.39273,5307152.4,12.579251351440368,Europe
Finland,FIN,2008,58621000.0,285716000000.0,53772.79424,5325858.6,11.006863757141431,Europe
Finland,FIN,2009,55906000.0,253498000000.0,47481.48454,5344564.8,10.460346556187325,Europe
Finland,FIN,2010,64081000.0,249424000000.0,46505.30318,5363271.0,11.94811897440946,Europe
Finland,FIN,2011,56638000.0,275604000000.0,51148.93164,5386509.0,10.514787963781366,Europe
Finland,FIN,2012,51146000.0,258290000000.0,47708.06128,5409747.0,9.454416260131943,Europe
Finland,FIN,2013,51715000.0,271362000000.0,49892.22336,5432985.0,9.518708407993028,Europe
Finland,FIN,2014,47619000.0,274863000000.0,50327.24029,5456223.0,8.727465867872336,Europe
Finland,FIN,2015,44186000.0,234534000000.0,42801.90812,5479461.0,8.063931835631278,Europe
Finland,FIN,2016,47248000.0,240771000000.0,43814.02651,5489462.4,8.607035909381581,Europe
Finland,FIN,2017,44654000.0,255648000000.0,46412.13648,5499463.8,8.119700687910703,Europe
Finland,FIN,2018,45730000.0,275715000000.0,49988.91085,5509465.2,8.300261157834338,Europe
Finland,FIN,2019,42454000.0,268508000000.0,48628.64176,5519466.6,7.691685279878313,Europe
Finland,FIN,2020,37735000.0,271837000000.0,49160.83715,5529468.0,6.8243454885714145,Europe
France,FRA,1970,460424580.0,148456000000.0,2857.251682,50523586.0,9.113062164668992,Europe
France,FRA,1971,493394880.0,165967000000.0,3169.036323,50842610.4,9.70435774477858,Europe
France,FRA,1972,513963550.0,203494000000.0,3854.555835,51161634.8,10.045878166504563,Europe
France,FRA,1973,538654660.0,264430000000.0,4969.762978,51480659.2,10.463243252331935,Europe
France,FRA,1974,520659300.0,285552000000.0,5328.241548,51799683.6,10.05139923287099,Europe
France,FRA,1975,482165020.0,360832000000.0,6690.57827,52118708.0,9.25128497045629,Europe
France,FRA,1976,523447400.0,372319000000.0,6866.816892,52437732.4,9.982266128655098,Europe
France,FRA,1977,506948320.0,410279000000.0,7532.52696,52756756.8,9.609163844582653,Europe
France,FRA,1978,528755420.0,506708000000.0,9264.775293,53075781.2,9.96227296226777,Europe
France,FRA,1979,532113000.0,613953000000.0,11179.6329,53394805.6,9.965632312368601,Europe
France,FRA,1980,511046700.0,701288000000.0,12713.36517,53713830.0,9.514248006518992,Europe
France,FRA,1981,459302340.0,615552000000.0,11104.98134,53983736.7,8.508161310737869,Europe
France,FRA,1982,440364100.0,584878000000.0,10496.92855,54253643.4,8.116765481597131,Europe
France,FRA,1983,423247680.0,559869000000.0,9993.421182,54523550.1,7.762658139899808,Europe
France,FRA,1984,411961200.0,530684000000.0,9419.696143,54793456.8,7.518437858441522,Europe
France,FRA,1985,405137760.0,553138000000.0,9763.327404,55063363.5,7.3576645930828395,Europe
France,FRA,1986,390285000.0,771471000000.0,13540.24637,55333270.2,7.053351421113007,Europe
France,FRA,1987,387705100.0,934173000000.0,16302.44738,55603176.9,6.972714898957509,Europe
France,FRA,1988,385544860.0,1018850000000.0,17679.99669,55873083.6,6.900368391337542,Europe
France,FRA,1989,399619550.0,1025210000000.0,17694.30932,56142990.3,7.117888588844902,Europe
France,FRA,1990,393430700.0,1269180000000.0,21793.83554,56412897.0,6.9741268561336245,Europe
France,FRA,1991,417775000.0,1269280000000.0,21675.06499,56638152.6,7.376211631591953,Europe
France,FRA,1992,407717280.0,1401470000000.0,23813.71225,56863408.2,7.170116827432795,Europe
France,FRA,1993,388397980.0,1322820000000.0,22380.10775,57088663.8,6.803416898329997,Europe
France,FRA,1994,381576320.0,1393980000000.0,23496.52015,57313919.4,6.657655312960502,Europe
France,FRA,1995,386456830.0,1601090000000.0,26890.21762,57539175.0,6.7164124268378895,Europe
France,FRA,1996,402893150.0,1605680000000.0,26871.83127,57764430.6,6.974761904776743,Europe
France,FRA,1997,395511900.0,1452880000000.0,24228.94639,57989686.2,6.820383518474704,Europe
France,FRA,1998,413964540.0,1503110000000.0,24974.27386,58214941.8,7.110967170974652,Europe
France,FRA,1999,412369630.0,1493150000000.0,24681.53701,58440197.4,7.056266890706977,Europe
France,FRA,2000,406507520.0,1365640000000.0,22419.69482,58665453.0,6.929248803380075,Europe
France,FRA,2001,411016480.0,1377660000000.0,22452.98238,59043364.4,6.9612645582913295,Europe
France,FRA,2002,406431040.0,1501410000000.0,24292.58023,59421275.8,6.8398235232774995,Europe
France,FRA,2003,412456700.0,1844540000000.0,29633.67898,59799187.2,6.8973629795423035,Europe
France,FRA,2004,413663400.0,2119630000000.0,33803.3096,60177098.6,6.874100108242839,Europe
France,FRA,2005,416151140.0,2196950000000.0,34773.15015,60555010.0,6.87228257414209,Europe
France,FRA,2006,406309800.0,2320540000000.0,36474.15959,60932921.4,6.66814901804462,Europe
France,FRA,2007,396198180.0,2660590000000.0,41561.20051,61310832.8,6.462123606972111,Europe
France,FRA,2008,389427330.0,2930300000000.0,45519.29688,61688744.2,6.312777720639676,Europe
France,FRA,2009,370965630.0,2700890000000.0,41740.24303,62066655.6,5.976890915321044,Europe
France,FRA,2010,376563900.0,2645190000000.0,40677.98514,62444567.0,6.030370904805857,Europe
France,FRA,2011,354089100.0,2865160000000.0,43848.10605,62717607.4,5.645768623501413,Europe
France,FRA,2012,356444540.0,2683670000000.0,40872.36246,62990647.8,5.6586898603065325,Europe
France,FRA,2013,358487460.0,2811880000000.0,42605.04438,63263688.2,5.666559604724404,Europe
France,FRA,2014,327009470.0,2855960000000.0,43068.54872,63536728.6,5.146778520164477,Europe
France,FRA,2015,331414430.0,2439190000000.0,36652.92231,63809769.0,5.1937882740180426,Europe
France,FRA,2016,334005060.0,2472960000000.0,37062.53357,63943825.8,5.2234137670254945,Europe
France,FRA,2017,336895900.0,2595150000000.0,38781.04949,64077882.6,5.257600381445813,Europe
France,FRA,2018,322078560.0,2790960000000.0,41592.7959,64211939.4,5.015867189334574,Europe
France,FRA,2019,315449730.0,2728870000000.0,40578.64429,64345996.2,4.902398729200185,Europe
France,FRA,2020,281539040.0,2630320000000.0,39037.12263,64480053.0,4.366296659216456,Europe
French Polynesia,PYF,1970,194192.0,254036000.5,2299.176401,117891.0,1.6472164965943117,Oceania
French Polynesia,PYF,1971,227168.0,296865513.1,2595.318557,122461.0,1.8550232318860698,Oceania
French Polynesia,PYF,1972,216176.0,326433558.2,2756.155611,127031.0,1.7017578386378127,Oceania
French Polynesia,PYF,1973,208848.0,431252938.2,3516.384718,131601.0,1.5869788223493742,Oceania
French Polynesia,PYF,1974,216176.0,555340843.9,4375.553258,136171.0,1.5875333220729817,Oceania
French Polynesia,PYF,1975,212512.0,690323391.0,5260.44846,140741.0,1.5099509027220213,Oceania
French Polynesia,PYF,1976,263808.0,732288909.0,5401.994032,145311.0,1.8154716435782563,Oceania
French Polynesia,PYF,1977,274800.0,793196379.4,5670.021941,149881.0,1.8334545406022111,Oceania
French Polynesia,PYF,1978,311440.0,1005569841.0,6969.910106,154451.0,2.0164323960349884,Oceania
French Polynesia,PYF,1979,282128.0,1215032465.0,8169.164177,159021.0,1.7741556146672453,Oceania
French Polynesia,PYF,1980,293120.0,1362159376.0,8885.695675,163591.0,1.791785611677904,Oceania
French Polynesia,PYF,1981,329760.0,1279973323.0,8103.456213,168340.8,1.9588834079438855,Oceania
French Polynesia,PYF,1982,337088.0,1286462554.0,7907.981691,173090.6,1.947465662491204,Oceania
French Polynesia,PYF,1983,421360.0,1335935751.0,7977.831493,177840.4,2.3693154086473043,Oceania
French Polynesia,PYF,1984,461664.0,1379073196.0,8006.276935,182590.2,2.528416092429933,Oceania
French Polynesia,PYF,1985,589904.0,1507225617.0,8514.244492,187340.0,3.1488416782320914,Oceania
French Polynesia,PYF,1986,608224.0,2301627740.0,12659.73114,192089.8,3.1663524039277466,Oceania
French Polynesia,PYF,1987,611888.0,2543164237.0,13629.83813,196839.6,3.108561488643545,Oceania
French Polynesia,PYF,1988,575248.0,2687524331.0,14051.68007,201589.4,2.8535627369296206,Oceania
French Polynesia,PYF,1989,542272.0,2636473758.0,13470.08991,206339.2,2.628060979203176,Oceania
French Polynesia,PYF,1990,468992.0,3181206211.0,15913.5104,211089.0,2.221773754198466,Oceania
French Polynesia,PYF,1991,468992.0,3267367651.0,16038.83667,215072.8,2.1806197715378235,Oceania
French Polynesia,PYF,1992,447008.0,3558359184.0,17170.39918,219056.6,2.040605030845909,Oceania
French Polynesia,PYF,1993,468992.0,3396259324.0,16123.21891,223040.4,2.102722197413563,Oceania
French Polynesia,PYF,1994,479984.0,3522272234.0,16444.15505,227024.2,2.114241565436636,Oceania
French Polynesia,PYF,1995,472656.0,3982376722.0,18262.42169,231008.0,2.046059010943344,Oceania
French Polynesia,PYF,1996,468992.0,3954697174.0,17788.07039,234991.8,1.9957802782905618,Oceania
French Polynesia,PYF,1997,490976.0,3566672622.0,15722.32635,238975.6,2.0545026354154983,Oceania
French Polynesia,PYF,1998,487312.0,3774675105.0,16300.92634,242959.4,2.0057342914083587,Oceania
French Polynesia,PYF,1999,538608.0,3795764728.0,16068.97356,246943.2,2.1811007551534116,Oceania
French Polynesia,PYF,2000,611888.0,3453920575.0,14350.61586,250927.0,2.4385100049018242,Oceania
French Polynesia,PYF,2015,846384.0,5325848045.0,19500.10086,291787.0,2.900691257663981,Oceania
French Polynesia,PYF,2016,868368.0,5497037293.0,20020.09386,293813.6,2.9555064843832963,Oceania
French Polynesia,PYF,2017,861040.0,5833351478.0,21127.06433,295840.2,2.9104901903122022,Oceania
French Polynesia,PYF,2018,875696.0,6135117589.0,22094.75746,297866.8,2.939891253405885,Oceania
French Polynesia,PYF,2019,875696.0,6008055248.0,21512.2733,299893.4,2.9200242486163415,Oceania
French Polynesia,PYF,2020,846384.0,5669368717.0,20182.5845,301920.0,2.8033386327503975,Oceania
Gabon,GAB,1970,2081152.0,323802475.5,549.4538177,597192.0,3.484895979852376,Africa
Gabon,GAB,1971,2843264.0,381687073.1,635.5011473,612380.6,4.642968768115777,Africa
Gabon,GAB,1972,2737008.0,430508357.7,703.7842714,627569.2,4.361284779431496,Africa
Gabon,GAB,1973,5309136.0,722780701.1,1160.321812,642757.8,8.25993243489227,Africa
Gabon,GAB,1974,5448368.0,1544216004.0,2432.83618,657946.4,8.280869079912891,Africa
Gabon,GAB,1975,5364096.0,2157592937.0,3331.994318,673135.0,7.968826461259629,Africa
Gabon,GAB,1976,5703786.0,3009409971.0,4550.074193,688323.6,8.28648908740017,Africa
Gabon,GAB,1977,6306500.0,2809349074.0,4154.219468,703512.2,8.964307939506948,Africa
Gabon,GAB,1978,7554862.0,2389479269.0,3452.615557,718700.8,10.511831905571832,Africa
Gabon,GAB,1979,6746761.0,3030251116.0,4275.257364,733889.4,9.193157715590386,Africa
Gabon,GAB,1980,6624651.0,4279637934.0,5892.099285,749078.0,8.843739904255632,Africa
Gabon,GAB,1981,6564034.0,3862269127.0,5186.377144,772473.0,8.497428389082854,Africa
Gabon,GAB,1982,6543617.0,3618007844.0,4736.033894,795868.0,8.221987817075194,Africa
Gabon,GAB,1983,5508589.0,3391275731.0,4325.29785,819263.0,6.723834714859575,Africa
Gabon,GAB,1984,5979462.0,3561451562.0,4423.52051,842658.0,7.095953518509289,Africa
Gabon,GAB,1985,6298543.0,3339914759.0,4038.068544,866053.0,7.272699245889108,Africa
Gabon,GAB,1986,4950761.0,3403638194.0,4004.035275,889448.0,5.566105044926741,Africa
Gabon,GAB,1987,4009482.0,3281797039.0,3755.470817,912843.0,4.392301852563913,Africa
Gabon,GAB,1988,4320706.0,3834503378.0,4267.805094,936238.0,4.614965425458057,Africa
Gabon,GAB,1989,5757464.0,4186411457.0,4532.151139,959633.0,5.999651950276824,Africa
Gabon,GAB,1990,4484725.0,5952293766.0,6268.918008,983028.0,4.56215387557628,Africa
Gabon,GAB,1991,4521703.0,5402919957.0,5536.998373,1012018.7,4.468003407446918,Africa
Gabon,GAB,1992,4916933.0,5592390849.0,5578.038555,1041009.4,4.72323592851323,Africa
Gabon,GAB,1993,4974695.0,4378645081.0,4252.065348,1070000.1,4.649247229042315,Africa
Gabon,GAB,1994,4541731.0,4190819314.0,3963.879297,1098990.8,4.132637871035863,Africa
Gabon,GAB,1995,5220396.0,4958845906.0,4570.571304,1127981.5,4.628086542199496,Africa
Gabon,GAB,1996,5885637.0,5694040337.0,5116.196625,1156972.2,5.087103216481779,Africa
Gabon,GAB,1997,5526934.0,5326816859.0,4667.193121,1185962.9,4.660292493129423,Africa
Gabon,GAB,1998,6452915.0,4483417120.0,3831.780668,1214953.6,5.311243984955475,Africa
Gabon,GAB,1999,6014019.0,4662992036.0,3888.879467,1243944.3,4.834636888484476,Africa
Gabon,GAB,2000,6128187.0,5080483464.0,4135.99238,1272935.0,4.814218322223837,Africa
Gabon,GAB,2001,6480018.0,5023265365.0,3993.031336,1316752.0,4.921213713744122,Africa
Gabon,GAB,2002,6250311.0,5335451308.0,4141.434366,1360569.0,4.593894907204265,Africa
Gabon,GAB,2003,6746069.0,6511903657.0,4933.46217,1404386.0,4.803571810029436,Africa
Gabon,GAB,2004,6386339.0,7770219480.0,5739.613204,1448203.0,4.409836880603065,Africa
Gabon,GAB,2005,6223081.0,9582783318.0,6891.36192,1492020.0,4.170909907373896,Africa
Gabon,GAB,2006,5542535.0,10327598801.0,7221.369877,1535837.0,3.6088041895070897,Africa
Gabon,GAB,2007,5037635.0,12455410056.0,8458.309179,1579654.0,3.1890749493243455,Africa
Gabon,GAB,2008,5378889.0,15571349776.0,10254.17196,1623471.0,3.3132030076299483,Africa
Gabon,GAB,2009,5304448.0,12113699661.0,7721.018953,1667288.0,3.181482743233323,Africa
Gabon,GAB,2010,5836069.0,14372591916.0,8849.322608,1711105.0,3.410701856402734,Africa
Gabon,GAB,2011,5827907.0,18210308748.0,10809.68495,1774587.4,3.2840912766539425,Africa
Gabon,GAB,2012,5629798.0,17170465294.0,9813.505747,1838069.8,3.062885859938507,Africa
Gabon,GAB,2013,5926811.0,17595745653.0,9683.58162,1901552.2,3.116827926154223,Africa
Gabon,GAB,2014,6369402.0,18203968002.0,9663.42411,1965034.6,3.241368879713365,Africa
Gabon,GAB,2015,6475558.0,14383107714.0,7384.700704,2028517.0,3.192262130413499,Africa
Gabon,GAB,2016,6521700.0,14023890620.0,6984.419712,2081328.2,3.133431815318699,Africa
Gabon,GAB,2017,5879220.0,14929488771.0,7230.434912,2134139.4,2.7548434746108903,Africa
Gabon,GAB,2018,5473967.0,16867325127.0,7959.007267,2186950.6,2.5030135568677223,Africa
Gabon,GAB,2019,5426023.0,16874405840.0,7766.996554,2239761.8,2.4225893128456786,Africa
Gabon,GAB,2020,5928799.0,15316824039.0,6881.714225,2292573.0,2.5860895160154116,Africa
Gambia,GMB,1970,47632.0,52296836.75,112.610651,528731.0,0.090087397939595,Africa
Gambia,GMB,1971,54960.0,55728608.97,116.5611998,547716.5,0.10034388228216605,Africa
Gambia,GMB,1972,65952.0,59161545.0,120.1435044,566702.0,0.11637862580333226,Africa
Gambia,GMB,1973,62288.0,75187969.92,148.1746571,585687.5,0.10635022943122399,Africa
Gambia,GMB,1974,62288.0,95797533.46,183.0817649,604673.0,0.10301104894711686,Africa
Gambia,GMB,1975,98928.0,115182522.1,213.3068921,623658.5,0.15862527328658232,Africa
Gambia,GMB,1976,98928.0,112189468.5,201.1248785,642644.0,0.15393903934371128,Africa
Gambia,GMB,1977,113584.0,138094243.3,239.43311,661629.5,0.17167311917017,Africa
Gambia,GMB,1978,139232.0,171836793.4,288.0557773,680615.0,0.2045679275361254,Africa
Gambia,GMB,1979,146560.0,207114382.5,335.8048909,699600.5,0.20949098807104913,Africa
Gambia,GMB,1980,157552.0,241080708.9,378.312989,718586.0,0.21925281038038594,Africa
Gambia,GMB,1981,157552.0,218764445.8,332.6806063,750789.0,0.2098485726349214,Africa
Gambia,GMB,1982,161216.0,216051496.0,318.6078621,782992.0,0.20589737826184687,Africa
Gambia,GMB,1983,161216.0,213446562.6,304.8374354,815195.0,0.19776372524365335,Africa
Gambia,GMB,1984,172208.0,177338801.9,244.3733422,847398.0,0.20321973854080372,Africa
Gambia,GMB,1985,172208.0,225724851.7,298.6604123,879601.0,0.19577967737644683,Africa
Gambia,GMB,1986,161216.0,185646209.4,234.6562868,911804.0,0.17680992844953522,Africa
Gambia,GMB,1987,179536.0,220626484.2,265.4916532,944007.0,0.1901850304076135,Africa
Gambia,GMB,1988,183200.0,266673126.2,305.3136177,976210.0,0.18766453939213898,Africa
Gambia,GMB,1989,179536.0,284119692.5,310.2993373,1008413.0,0.17803816491854033,Africa
Gambia,GMB,1990,197856.0,317083373.5,331.8177403,1040616.0,0.1901335362900436,Africa
Gambia,GMB,1991,197856.0,690314321.4,695.4109885,1080308.3,0.1831477181097285,Africa
Gambia,GMB,1992,197856.0,714255460.5,695.1553715,1120000.6,0.17665704821943845,Africa
Gambia,GMB,1993,208848.0,755042548.1,711.726181,1159692.9,0.1800890563355178,Africa
Gambia,GMB,1994,208848.0,746491692.6,682.2141569,1199385.2,0.174129212199717,Africa
Gambia,GMB,1995,216176.0,785996982.5,696.4495843,1239077.5,0.17446527759563063,Africa
Gambia,GMB,1996,219840.0,848237108.6,728.6690719,1278769.8,0.171915226649863,Africa
Gambia,GMB,1997,223504.0,803630742.5,669.401096,1318462.1,0.16951871426565843,Africa
Gambia,GMB,1998,241824.0,840285264.6,678.6761783,1358154.4,0.1780533936347738,Africa
Gambia,GMB,1999,274800.0,814723460.1,637.9390629,1397846.7,0.19658808079598428,Africa
Gambia,GMB,2000,274800.0,782915402.4,594.1493885,1437539.0,0.19116003113654656,Africa
Gambia,GMB,2001,300448.0,687408804.6,505.4216361,1487512.6,0.20198013784891636,Africa
Gambia,GMB,2002,296784.0,578236035.1,411.7718939,1537486.2,0.19303197648213039,Africa
Gambia,GMB,2003,296784.0,487038821.6,335.906217,1587459.8,0.18695528541888115,Africa
Gambia,GMB,2004,318768.0,961900106.9,642.7562183,1637433.4,0.19467539870629244,Africa
Gambia,GMB,2005,322432.0,1027702254.0,665.7202157,1687407.0,0.19108134552007902,Africa
Gambia,GMB,2006,348080.0,1054113427.0,662.3628772,1737380.6,0.2003475807200794,Africa
Gambia,GMB,2007,348080.0,1279704745.0,780.3810509,1787354.2,0.19474595466304329,Africa
Gambia,GMB,2008,362736.0,1561763437.0,924.5098746,1837327.8,0.19742584856115494,Africa
Gambia,GMB,2009,373728.0,1450140386.0,833.2813604,1887301.4,0.1980224250350262,Africa
Gambia,GMB,2010,425024.0,1543292393.0,860.6364339,1937275.0,0.21939270366881317,Africa
Gambia,GMB,2011,443344.0,1409694554.0,762.7631177,2000446.6,0.2216225116931389,Africa
Gambia,GMB,2012,447008.0,1415006238.0,742.7776286,2063618.2,0.21661371274977126,Africa
Gambia,GMB,2013,425024.0,1375608956.0,700.5160422,2126789.8,0.1998429746089623,Africa
Gambia,GMB,2014,505631.97,1229460602.0,607.4299047,2189961.4,0.23088624758408985,Africa
Gambia,GMB,2015,582576.0,1378176868.0,660.7235712,2253133.0,0.25856263256541,Africa
Gambia,GMB,2016,589904.0,1484579844.0,690.7804932,2317305.4,0.2545646335610317,Africa
Gambia,GMB,2017,593568.0,1504909753.0,679.7550717,2381477.8,0.24924355792861055,Africa
Gambia,GMB,2018,648528.0,1670670669.0,732.7207273,2445650.2,0.265176107359916,Africa
Gambia,GMB,2019,710816.0,1813608280.0,772.5055883,2509822.6,0.2832136422709717,Africa
Gambia,GMB,2020,699824.0,1830413000.0,757.4131116,2573995.0,0.2718824240140327,Africa
Georgia,GEO,1990,15948386.0,7753501868.0,1614.640122,5391636.0,2.9579864070942476,Asia
Georgia,GEO,1991,15872158.0,6357615894.0,1314.67067,5278989.6,3.006665896822377,Asia
Georgia,GEO,1992,15276915.0,3690328964.0,757.2235485,5166343.2,2.957007385804334,Asia
Georgia,GEO,1993,9915700.0,2701181331.0,550.0155426,5053696.8,1.9620686385459454,Asia
Georgia,GEO,1994,6067844.0,2514070772.0,519.8575812,4941050.4,1.228047380370781,Asia
Georgia,GEO,1995,2290286.0,2693768413.0,578.3446099,4828404.0,0.4743360331902633,Asia
Georgia,GEO,1996,4053812.0,3095047604.0,689.0594414,4715757.6,0.8596311226853561,Asia
Georgia,GEO,1997,4426263.0,3510520231.0,807.0322858,4603111.2,0.9615807239242884,Asia
Georgia,GEO,1998,4939172.0,3613541517.0,851.5259582,4490464.8,1.0999244443470528,Asia
Georgia,GEO,1999,4310981.0,2800049395.0,673.5434387,4377818.4,0.9847327152720633,Asia
Georgia,GEO,2000,4500388.0,3057475335.0,749.908535,4265172.0,1.0551480690579418,Asia
Georgia,GEO,2001,3724984.0,3219488664.0,801.9904139,4222337.9,0.8822088824298027,Asia
Georgia,GEO,2002,3348291.0,3395728014.0,853.5164537,4179503.8,0.8011216546806346,Asia
Georgia,GEO,2003,3731537.0,3991284895.0,1010.00798,4136669.7,0.9020630774557611,Asia
Georgia,GEO,2004,4271842.0,5125365192.0,1305.047486,4093835.6,1.0434815701929994,Asia
Georgia,GEO,2005,5013924.0,6410823633.0,1642.760938,4051001.5,1.2376998626142202,Asia
Georgia,GEO,2006,6093048.0,7745394293.0,1996.057129,4008167.4,1.5201580652544602,Asia
Georgia,GEO,2007,6361687.0,10172882371.0,2635.353882,3965333.3,1.6043259213544547,Asia
Georgia,GEO,2008,5308807.0,12795076469.0,3324.735879,3922499.2,1.3534246227507196,Asia
Georgia,GEO,2009,6135626.0,10766836277.0,2822.66743,3879665.1,1.5814834120604895,Asia
Georgia,GEO,2010,6208043.0,12243505583.0,3233.295943,3836831.0,1.618013146787023,Asia
Georgia,GEO,2011,7804526.0,15107441447.0,4021.743306,3823691.2,2.0410973563973993,Asia
Georgia,GEO,2012,8254474.5,16488403076.0,4421.818242,3810551.4,2.1662152359367206,Asia
Georgia,GEO,2013,8012545.5,17189551521.0,4623.745725,3797411.6,2.1100018496809776,Asia
Georgia,GEO,2014,8938688.0,17627003455.0,4739.188338,3784271.8,2.3620628941081874,Asia
Georgia,GEO,2015,9756186.0,14953950557.0,4014.185944,3771132.0,2.587070937851022,Asia
Georgia,GEO,2016,10067680.0,15141758567.0,4062.169888,3770088.0,2.670409815367705,Asia
Georgia,GEO,2017,10172526.0,16242916916.0,4357.000936,3769044.0,2.6989671651485097,Asia
Georgia,GEO,2018,10062534.0,17596922470.0,4722.042423,3768000.0,2.6705238853503186,Asia
Georgia,GEO,2019,10886591.0,17470436259.0,4696.150586,3766956.0,2.8900234035120134,Asia
Georgia,GEO,2020,10574546.0,15842922533.0,4255.742993,3765912.0,2.8079641797259205,Asia
Germany,DEU,1970,1026022340.0,215838000000.0,2761.166833,78294583.0,13.104640202247452,Europe
Germany,DEU,1971,1037236800.0,249985000000.0,3192.133616,78243795.0,13.256473564453257,Europe
Germany,DEU,1972,1041480960.0,299802000000.0,3809.981445,78193007.0,13.31936192196829,Europe
Germany,DEU,1973,1085738400.0,398374000000.0,5046.755103,78142219.0,13.894389152168817,Europe
Germany,DEU,1974,1062726900.0,445303000000.0,5639.077621,78091431.0,13.608751772009402,Europe
Germany,DEU,1975,1002447000.0,490637000000.0,6236.358881,78040643.0,12.8451914472309,Europe
Germany,DEU,1976,1090840400.0,519754000000.0,6634.856899,77989855.0,13.986952533762244,Europe
Germany,DEU,1977,1052608500.0,600498000000.0,7682.953775,77939067.0,13.50553118630481,Europe
Germany,DEU,1978,1079132500.0,740470000000.0,9482.04285,77888279.0,13.854876675346748,Europe
Germany,DEU,1979,1117888300.0,881345000000.0,11281.02332,77837491.0,14.361823404611025,Europe
Germany,DEU,1980,1100066000.0,950291000000.0,12138.3081,77786703.0,14.142082869870446,Europe
Germany,DEU,1981,1048523300.0,800472000000.0,10209.07312,77945052.3,13.45208283348602,Europe
Germany,DEU,1982,1015733900.0,776576000000.0,9913.737642,78103401.6,13.004989273092045,Europe
Germany,DEU,1983,1011604900.0,770684000000.0,9864.34494,78261750.9,12.925917045896298,Europe
Germany,DEU,1984,1033244600.0,725111000000.0,9313.169412,78420100.2,13.17576230283878,Europe
Germany,DEU,1985,1044117900.0,732535000000.0,9429.569217,78578449.5,13.287585930287413,Europe
Germany,DEU,1986,1047471940.0,1046260000000.0,13461.831,78736798.8,13.303461100326066,Europe
Germany,DEU,1987,1032442900.0,1298180000000.0,16677.51079,78895148.1,13.086266074199816,Europe
Germany,DEU,1988,1029024200.0,1401230000000.0,17931.28232,79053497.4,13.01680803308773,Europe
Germany,DEU,1989,1008792400.0,1398970000000.0,17764.37645,79211846.7,12.735372826499196,Europe
Germany,DEU,1990,1054740600.0,1771670000000.0,22303.96133,79370196.0,13.288874831555159,Europe
Germany,DEU,1991,1016870300.0,1868950000000.0,23357.75773,79588344.1,12.776623405084766,Europe
Germany,DEU,1992,969474200.0,2131570000000.0,26438.23039,79806492.2,12.147811202758263,Europe
Germany,DEU,1993,959367200.0,2071320000000.0,25522.62957,80024640.3,11.988397528604699,Europe
Germany,DEU,1994,943184830.0,2205070000000.0,27076.60675,80242788.4,11.754138269701505,Europe
Germany,DEU,1995,939897150.0,2585790000000.0,31658.34938,80460936.5,11.681409524732539,Europe
Germany,DEU,1996,959653300.0,2497240000000.0,30485.86655,80679084.6,11.894697426946266,Europe
Germany,DEU,1997,931486900.0,2211990000000.0,26964.04947,80897232.7,11.514447020138922,Europe
Germany,DEU,1998,923467000.0,2238990000000.0,27289.05936,81115380.8,11.384610303154739,Europe
Germany,DEU,1999,895402100.0,2194950000000.0,26734.94254,81333528.9,11.009015741846165,Europe
Germany,DEU,2000,898938050.0,1947980000000.0,23694.76048,81551677.0,11.02292537773319,Europe
Germany,DEU,2001,915242100.0,1945790000000.0,23628.32721,81529018.3,11.225967380500153,Europe
Germany,DEU,2002,898834560.0,2078480000000.0,25197.2656,81506359.6,11.027784388986502,Europe
Germany,DEU,2003,899858370.0,2501640000000.0,30310.3576,81483700.9,11.043415555024206,Europe
Germany,DEU,2004,885632500.0,2814350000000.0,34106.65812,81461042.2,10.87185329431005,Europe
Germany,DEU,2005,865470700.0,2846860000000.0,34520.23965,81438383.5,10.627306962692844,Europe
Germany,DEU,2006,877497660.0,2994700000000.0,36353.88033,81415724.8,10.777987448439445,Europe
Germany,DEU,2007,850229800.0,3425580000000.0,41640.08087,81393066.1,10.445973357919737,Europe
Germany,DEU,2008,852857860.0,3745260000000.0,45612.71062,81370407.4,10.48117967269757,Europe
Germany,DEU,2009,788285800.0,3411260000000.0,41650.36783,81347748.7,9.69032103035938,Europe
Germany,DEU,2010,831129600.0,3399670000000.0,41572.45595,81325090.0,10.219842363531352,Europe
Germany,DEU,2011,807613950.0,3749310000000.0,46705.8958,81474717.2,9.912448643638863,Europe
Germany,DEU,2012,812815550.0,3527140000000.0,43855.85447,81624344.4,9.958004024103378,Europe
Germany,DEU,2013,833804350.0,3733800000000.0,46298.92292,81773971.6,10.19645167876376,Europe
Germany,DEU,2014,794738500.0,3889090000000.0,48023.86998,81923598.8,9.700971534956544,Europe
Germany,DEU,2015,798084740.0,3357590000000.0,41103.25644,82073226.0,9.724057148673552,Europe
Germany,DEU,2016,801744600.0,3469850000000.0,42136.12079,82324378.4,9.738847903648429,Europe
Germany,DEU,2017,785985860.0,3690850000000.0,44652.58917,82575530.8,9.518387013504974,Europe
Germany,DEU,2018,754811140.0,3977290000000.0,47973.60762,82826683.2,9.113139761704232,Europe
Germany,DEU,2019,707491400.0,3888330000000.0,46794.89929,83077835.6,8.516006644737384,Europe
Germany,DEU,2020,647252300.0,3846410000000.0,46252.6893,83328988.0,7.767432625006799,Europe
Ghana,GHA,1970,2621641.0,2215029450.0,253.5666219,8861895.0,0.29583300185795475,Africa
Ghana,GHA,1971,2278441.0,2417107708.0,269.3682352,9162230.1,0.24867755722485077,Africa
Ghana,GHA,1972,2399888.0,2112292945.0,228.8597328,9462565.2,0.25361917717618476,Africa
Ghana,GHA,1973,2439283.0,2465492958.0,259.7018437,9762900.3,0.24985229030762507,Africa
Ghana,GHA,1974,2881147.0,2894409938.0,296.8900239,10063235.4,0.2863042436630271,Africa
Ghana,GHA,1975,2658952.0,2810106383.0,281.4061265,10363570.5,0.2565671744115602,Africa
Ghana,GHA,1976,2333216.0,2765254237.0,271.1255783,10663905.6,0.21879563525018453,Africa
Ghana,GHA,1977,2892642.0,3189428571.0,306.809965,10964240.7,0.26382510920250046,Africa
Ghana,GHA,1978,2866842.0,3662478185.0,345.8344229,11264575.8,0.2545006621554271,Africa
Ghana,GHA,1979,2594790.0,4020227920.0,372.0601208,11564910.9,0.22436748734484413,Africa
Ghana,GHA,1980,2483492.0,4445228216.0,402.0607078,11865246.0,0.20930809188448346,Africa
Ghana,GHA,1981,2935109.0,4222441615.0,372.0774435,12223419.6,0.24012175774445313,Africa
Ghana,GHA,1982,2952709.0,4035994398.0,345.6413332,12581593.2,0.23468482513009561,Africa
Ghana,GHA,1983,3559626.0,4057275043.0,337.1633482,12939766.8,0.2750919746096197,Africa
Ghana,GHA,1984,2499557.0,4412279843.0,355.6667037,13297940.4,0.18796572437638537,Africa
Ghana,GHA,1985,3188232.0,4504342149.0,352.3527144,13656114.0,0.23346553785359436,Africa
Ghana,GHA,1986,2956670.0,5727602645.0,435.0681877,14014287.6,0.21097540484326868,Africa
Ghana,GHA,1987,3167546.0,5074829932.0,374.4703415,14372461.2,0.22038994963507016,Africa
Ghana,GHA,1988,3233287.0,5197840979.0,372.6839796,14730634.8,0.2194940709547697,Africa
Ghana,GHA,1989,3073432.0,5251764264.0,365.8896827,15088808.4,0.20368951069721317,Africa
Ghana,GHA,1990,3513776.0,5889174825.0,398.6370811,15446982.0,0.22747330190454032,Africa
Ghana,GHA,1991,3901860.0,6596546196.0,433.7732648,15868834.0,0.2458819595693042,Africa
Ghana,GHA,1992,3242640.0,6413901602.0,409.7463898,16290686.0,0.19904870795496274,Africa
Ghana,GHA,1993,3817888.0,5966255778.0,370.4194549,16712538.0,0.2284445366706122,Africa
Ghana,GHA,1994,4539696.0,5444560669.0,328.7445269,17134390.0,0.2649464614730959,Africa
Ghana,GHA,1995,4623968.0,6465137615.0,379.9879849,17556242.0,0.2633802837759926,Africa
Ghana,GHA,1996,4858464.0,6934984709.0,397.135755,17978094.0,0.27024355307075376,Africa
Ghana,GHA,1997,5514320.0,6891308594.0,384.7963283,18399946.0,0.2996921838792353,Africa
Ghana,GHA,1998,5583936.0,7480968858.0,407.523237,18821798.0,0.2966738884351006,Africa
Ghana,GHA,1999,5613248.0,7719354839.0,410.3340116,19243650.0,0.291693519680518,Africa
Ghana,GHA,2000,5312800.0,4983024408.0,258.4710399,19665502.0,0.2701583717517102,Africa
Ghana,GHA,2001,5968656.0,5314909954.0,269.0149848,20256423.7,0.29465497406632546,Africa
Ghana,GHA,2002,6483251.0,6166330136.0,304.564636,20847345.4,0.31098688468988483,Africa
Ghana,GHA,2003,6684573.0,7632406553.0,367.8213621,21438267.1,0.31180565895645546,Africa
Ghana,GHA,2004,6450628.0,8881368538.0,417.5080667,22029188.8,0.2928218582429145,Africa
Ghana,GHA,2005,6113072.0,10744675210.0,492.5440562,22620110.5,0.2702494313632995,Africa
Ghana,GHA,2006,8523184.0,20440893017.0,913.3938493,23211032.2,0.3672040056882951,Africa
Ghana,GHA,2007,8981875.0,24827844950.0,1081.166318,23801953.9,0.3773587259993811,Africa
Ghana,GHA,2008,8324322.5,28678701891.0,1217.064435,24392875.6,0.34126040063927515,Africa
Ghana,GHA,2009,6868021.0,26048108185.0,1077.662058,24983797.3,0.27489900424384245,Africa
Ghana,GHA,2010,8942513.0,32197272797.0,1299.345212,25574719.0,0.3496622191626035,Africa
Ghana,GHA,2011,10335549.0,39337314810.0,1549.462719,26233963.0,0.39397589300556685,Africa
Ghana,GHA,2012,12644250.0,41270954737.0,1587.560932,26893207.0,0.47016519822273334,Africa
Ghana,GHA,2013,12606324.0,62823043706.0,2361.090324,27552451.0,0.45753911330792313,Africa
Ghana,GHA,2014,13252466.0,54782847753.0,2012.264247,28211695.0,0.46975078952186317,Africa
Ghana,GHA,2015,14568119.0,49406568433.0,1774.074771,28870939.0,0.5045945682611848,Africa
Ghana,GHA,2016,13917313.0,56165172899.0,1971.956935,29532831.4,0.47124885560413965,Africa
Ghana,GHA,2017,12437709.0,60406382899.0,2074.290733,30194723.8,0.41191663425647895,Africa
Ghana,GHA,2018,15193367.0,67299280680.0,2260.860567,30856616.2,0.4923860381035559,Africa
Ghana,GHA,2019,16418402.0,68337537816.0,2246.625578,31518508.6,0.5209130358407884,Africa
Ghana,GHA,2020,19168242.0,70043199814.0,2254.153889,32180401.0,0.5956495694382429,Africa
Greece,GRC,1970,24126176.0,13139863636.0,1494.387984,8544873.0,2.82346806090623,Europe
Greece,GRC,1971,27749512.0,14591750000.0,1652.325956,8621100.5,3.2187899909066133,Europe
Greece,GRC,1972,31477310.0,16885511364.0,1899.675784,8697328.0,3.6191931590943796,Europe
Greece,GRC,1973,37131216.0,22347848101.0,2502.814745,8773555.5,4.232174287835758,Europe
Greece,GRC,1974,36061770.0,25351306818.0,2828.748559,8849783.0,4.074876186229651,Europe
Greece,GRC,1975,38669764.0,28525876727.0,3153.235776,8926010.5,4.332256163041708,Europe
Greece,GRC,1976,42655544.0,31152835821.0,3390.544976,9002238.0,4.738326625001472,Europe
Greece,GRC,1977,46657156.0,36176234968.0,3886.374451,9078465.5,5.139321838035293,Europe
Greece,GRC,1978,47678116.0,44270204082.0,4694.633782,9154693.0,5.20805187022656,Europe
Greece,GRC,1979,50818708.0,54481876725.0,5705.949371,9230920.5,5.505269815724228,Europe
Greece,GRC,1980,50888696.0,56829664269.0,5893.661893,9307148.0,5.467700309482561,Europe
Greece,GRC,1981,50125424.0,52346506765.0,5380.26762,9406658.7,5.328717199019882,Europe
Greece,GRC,1982,51508770.0,54617989796.0,5579.234615,9506169.4,5.4184569864702805,Europe
Greece,GRC,1983,54789372.0,49428873839.0,5019.878771,9605680.1,5.70385141183288,Europe
Greece,GRC,1984,56284932.0,48020024184.0,4852.565667,9705190.8,5.7994668172829735,Europe
Greece,GRC,1985,59771930.0,47820851221.0,4813.711205,9804701.5,6.096251884873802,Europe
Greece,GRC,1986,58274420.0,56379593476.0,5656.505332,9904212.2,5.883801641487447,Europe
Greece,GRC,1987,62576332.0,65652750377.0,6564.884427,10003722.9,6.2553044127201884,Europe
Greece,GRC,1988,67051870.0,76261277925.0,7598.028005,10103233.6,6.636674222795364,Europe
Greece,GRC,1989,73230810.0,79169043223.0,7846.678122,10202744.3,7.177560060973007,Europe
Greece,GRC,1990,83438040.0,97891092003.0,9600.185235,10302255.0,8.099007450310635,Europe
Greece,GRC,1991,83407500.0,105143000000.0,10188.36978,10375840.4,8.038625960360763,Europe
Greece,GRC,1992,84975656.0,116225000000.0,11176.45842,10449425.8,8.132088559354141,Europe
Greece,GRC,1993,84284960.0,108809000000.0,10401.98301,10523011.2,8.009585697295467,Europe
Greece,GRC,1994,86430260.0,116602000000.0,11091.28385,10596596.6,8.156416938623483,Europe
Greece,GRC,1995,86963200.0,136878000000.0,12959.32429,10670182.0,8.150114028045632,Europe
Greece,GRC,1996,89114950.0,145862000000.0,13749.11511,10743767.4,8.294571790524802,Europe
Greece,GRC,1997,93801560.0,143158000000.0,13427.83251,10817352.8,8.671396942882366,Europe
Greece,GRC,1998,98621790.0,144428000000.0,13472.13761,10890938.2,9.0553989187084,Europe
Greece,GRC,1999,97934820.0,142589000000.0,13249.66332,10964523.6,8.931972201692375,Europe
Greece,GRC,2000,102973170.0,130458000000.0,12072.92936,11038109.0,9.328877799630353,Europe
Greece,GRC,2001,105361864.0,136309000000.0,12549.03689,11037676.4,9.545656185390614,Europe
Greece,GRC,2002,105000510.0,154564000000.0,14177.57216,11037243.8,9.513290809069561,Europe
Greece,GRC,2003,109066730.0,202370000000.0,18518.37884,11036811.2,9.882087137632652,Europe
Greece,GRC,2004,109485270.0,240964000000.0,21995.47794,11036378.6,9.920398163941204,Europe
Greece,GRC,2005,113888960.0,247875000000.0,22560.14729,11035946.0,10.31981852756438,Europe
Greece,GRC,2006,112419550.0,273547000000.0,24821.93675,11035513.4,10.187070227290015,Europe
Greece,GRC,2007,114545700.0,318903000000.0,28863.97329,11035080.8,10.380141484781879,Europe
Greece,GRC,2008,111080376.0,355909000000.0,32127.98319,11034648.2,10.066508146585045,Europe
Greece,GRC,2009,104319840.0,331309000000.0,29828.75602,11034215.6,9.454214398348352,Europe
Greece,GRC,2010,97354150.0,297125000000.0,26716.64883,11033783.0,8.823279377526275,Europe
Greece,GRC,2011,94505230.0,282996000000.0,25483.88256,10988354.6,8.600489649287438,Europe
Greece,GRC,2012,91392584.0,242029000000.0,21912.99829,10942926.2,8.35175000997448,Europe
Greece,GRC,2013,81713256.0,238908000000.0,21787.78776,10897497.8,7.498350309371019,Europe
Greece,GRC,2014,78636450.0,235458000000.0,21616.71001,10852069.4,7.246217021059596,Europe
Greece,GRC,2015,74927624.0,195684000000.0,18083.87791,10806641.0,6.933479515050051,Europe
Greece,GRC,2016,71361000.0,193148000000.0,17923.96681,10747759.2,6.63961656305065,Europe
Greece,GRC,2017,74843450.0,199844000000.0,18582.08934,10688877.4,7.001993492787184,Europe
Greece,GRC,2018,71780900.0,212049000000.0,19756.99046,10629995.6,6.752674478999785,Europe
Greece,GRC,2019,65759484.0,205144000000.0,19133.75776,10571113.8,6.220676954589212,Europe
Greece,GRC,2020,55619772.0,188835000000.0,17647.23269,10512232.0,5.290957429402243,Europe
Greenland,GRL,1970,381056.0,69520026.67,1498.276437,45434.0,8.387022934366334,North America
Greenland,GRL,1971,468992.0,88570952.87,1876.503239,45901.2,10.217423509625021,North America
Greenland,GRL,1972,553264.0,106101175.7,2196.711711,46368.4,11.931919151836164,North America
Greenland,GRL,1973,556928.0,140153748.2,2860.280576,46835.6,11.891125554065711,North America
Greenland,GRL,1974,556928.0,169918948.6,3432.706033,47302.8,11.77367935936139,North America
Greenland,GRL,1975,505631.97,211194305.7,4257.949712,47770.0,10.584717814527945,North America
Greenland,GRL,1976,219840.0,240780413.6,4844.676329,48237.2,4.557478460607166,North America
Greenland,GRL,1977,721808.0,282269373.0,5713.954919,48704.4,14.820180517571307,North America
Greenland,GRL,1978,392048.0,355989047.3,7235.549741,49171.6,7.973057618625385,North America
Greenland,GRL,1979,571584.0,420642463.4,8480.694827,49638.8,11.514863373006598,North America
Greenland,GRL,1980,564256.0,476055288.4,9483.173076,50106.0,11.261246158144733,North America
Greenland,GRL,1981,527616.0,435746974.8,8544.058329,50655.3,10.415810389041225,North America
Greenland,GRL,1982,516623.97,402405069.4,7813.690667,51204.6,10.089405444042137,North America
Greenland,GRL,1983,362736.0,416183706.9,7988.170959,51753.9,7.008863100172161,North America
Greenland,GRL,1984,567920.0,379371608.4,7198.702247,52303.2,10.858226647700333,North America
Greenland,GRL,1985,509296.0,412876071.1,7760.828404,52852.5,9.636176150607824,North America
Greenland,GRL,1986,326096.0,603015696.5,11271.32143,53401.8,6.106460830908321,North America
Greenland,GRL,1987,234496.0,787392365.8,14554.38754,53951.1,4.346454474514885,North America
Greenland,GRL,1988,545936.0,898611007.9,16398.01109,54500.4,10.017100791920793,North America
Greenland,GRL,1989,472656.0,929796722.4,16813.68395,55049.7,8.585986844614958,North America
Greenland,GRL,1990,624714.0,1018970365.0,18326.80512,55599.0,11.236065396859656,North America
Greenland,GRL,1991,609900.0,1016493395.0,18315.1963,55657.5,10.958091901361003,North America
Greenland,GRL,1992,595807.0,1037921837.0,18768.93014,55716.0,10.693642759709958,North America
Greenland,GRL,1993,545942.0,927219728.9,16797.45886,55774.5,9.788379994441904,North America
Greenland,GRL,1994,495907.0,1005879948.0,18123.96303,55833.0,8.881969444593699,North America
Greenland,GRL,1995,534331.0,1208946166.0,21665.7019,55891.5,9.560147786336026,North America
Greenland,GRL,1996,596899.0,1197509787.0,21422.35754,55950.0,10.668436103663986,North America
Greenland,GRL,1997,617858.0,1072147778.0,19145.49604,56008.5,11.03150414669202,North America
Greenland,GRL,1998,597197.0,1149862703.0,20496.66137,56067.0,10.651488397809763,North America
Greenland,GRL,1999,594889.0,1131561595.0,20170.43842,56125.5,10.59926414909444,North America
Greenland,GRL,2000,667765.0,1068030830.0,19004.10729,56184.0,11.885323223693579,North America
Greenland,GRL,2001,618372.0,1086172923.0,19275.47334,56200.7,11.002923451131393,North America
Greenland,GRL,2002,580141.0,1169138789.0,20652.87833,56217.4,10.319598558453432,North America
Greenland,GRL,2003,649303.0,1558753434.0,27459.76278,56234.1,11.54642823482549,North America
Greenland,GRL,2004,639502.0,1822486689.0,32023.45221,56250.8,11.368762755374146,North America
Greenland,GRL,2005,643600.0,1849805733.0,32489.78191,56267.5,11.438219220686898,North America
Greenland,GRL,2006,662845.0,2013099482.0,35458.12312,56284.2,11.77675084659638,North America
Greenland,GRL,2007,653788.0,2249811709.0,39780.95144,56300.9,11.61238985522434,North America
Greenland,GRL,2008,677403.0,2499107511.0,44367.05565,56317.6,12.028264698779777,North America
Greenland,GRL,2009,592500.0,2529948330.0,44918.56488,56334.3,10.517571000260942,North America
Greenland,GRL,2010,679400.0,2503156061.0,43988.33249,56351.0,12.056573973842523,North America
Greenland,GRL,2011,726076.0,2684467376.0,47186.98147,56259.8,12.905769305969804,North America
Greenland,GRL,2012,579760.0,2609667674.0,45936.76595,56168.6,10.321781208718038,North America
Greenland,GRL,2013,562963.0,2684952727.0,47535.58995,56077.4,10.03903533330718,North America
Greenland,GRL,2014,522611.97,2842048998.0,50484.92757,55986.2,9.33465693331571,North America
Greenland,GRL,2015,525712.0,2499115623.0,44536.40131,55895.0,9.405349315681187,North America
Greenland,GRL,2016,526596.0,2707146783.0,48181.87419,55921.2,9.416750713504003,North America
Greenland,GRL,2017,543821.0,2851610656.0,50766.59942,55947.4,9.72021934888842,North America
Greenland,GRL,2018,544649.0,3055791341.0,54545.29998,55973.6,9.730462217902726,North America
Greenland,GRL,2019,555414.0,2994332324.0,53256.24409,55999.8,9.918142564794874,North America
Greenland,GRL,2020,537154.0,3075968329.0,54570.37502,56026.0,9.587584335844072,North America
Grenada,GRD,1977,47632.0,71494495.19,792.4549727,96024.8,0.49603852338145976,North America
Grenada,GRD,1978,51296.0,88322386.3,991.2280739,95629.2,0.5364051984122005,North America
Grenada,GRD,1979,47632.0,102244362.2,1153.9605,95233.6,0.5001596075334755,North America
Grenada,GRD,1980,47632.0,110900457.0,1245.624686,94838.0,0.5022459351736646,North America
Grenada,GRD,1981,58624.0,115651918.9,1276.370366,95258.9,0.6154175620335738,North America
Grenada,GRD,1982,62288.0,125435590.0,1346.858115,95679.8,0.651004705277394,North America
Grenada,GRD,1983,62288.0,131803552.2,1372.667697,96100.7,0.6481534473734323,North America
Grenada,GRD,1984,62288.0,145533310.7,1477.915659,96521.6,0.6453270563272884,North America
Grenada,GRD,1985,62288.0,167728455.2,1678.073246,96942.5,0.6425252082419991,North America
Grenada,GRD,1986,65952.0,187589522.6,1872.468608,97363.4,0.6773797956932482,North America
Grenada,GRD,1987,73280.0,215009569.6,2162.530245,97784.3,0.7494045567642249,North America
Grenada,GRD,1988,95264.0,236357523.7,2408.714548,98205.2,0.9700504657594506,North America
Grenada,GRD,1989,102592.0,267327642.2,2757.88844,98626.1,1.0402114653220598,North America
Grenada,GRD,1990,106256.0,278098763.0,2886.998204,99047.0,1.072783627974598,North America
Grenada,GRD,1991,109920.0,300757888.9,3117.889831,99885.5,1.1004600267306066,North America
Grenada,GRD,1992,117248.0,310160444.4,3192.231908,100724.0,1.164052261625829,North America
Grenada,GRD,1993,120912.0,309812185.2,3153.818283,101562.5,1.1905181538461538,North America
Grenada,GRD,1994,142896.0,325111814.8,3272.553373,102401.0,1.3954551225085692,North America
Grenada,GRD,1995,150224.0,342172518.5,3411.96696,103239.5,1.455101971629076,North America
Grenada,GRD,1996,153888.0,366911444.4,3632.678677,104078.0,1.4785833701646842,North America
Grenada,GRD,1997,168544.0,392190592.6,3861.397822,104916.5,1.6064584693542008,North America
Grenada,GRD,1998,175872.0,445903592.6,4370.618317,105755.0,1.6630135690983878,North America
Grenada,GRD,1999,194192.0,482009370.4,4705.790063,106593.5,1.8217996406910366,North America
Grenada,GRD,2000,190528.0,520044370.4,5056.977259,107432.0,1.7734753146176185,North America
Grenada,GRD,2001,194192.0,520444185.2,5041.012235,108092.7,1.7965320507305305,North America
Grenada,GRD,2002,205184.0,540336925.9,5213.795649,108753.4,1.886690439103513,North America
Grenada,GRD,2003,216176.0,591018407.4,5682.705378,109414.1,1.9757599797466687,North America
Grenada,GRD,2004,205184.0,599118592.6,5741.653658,110074.8,1.864041542660082,North America
Grenada,GRD,2005,216176.0,695555555.6,6645.985549,110735.5,1.9521833558343982,North America
Grenada,GRD,2006,230832.0,698700666.7,6658.223586,111396.2,2.072171223075832,North America
Grenada,GRD,2007,238160.0,758683592.6,7212.986819,112056.9,2.1253488183235483,North America
Grenada,GRD,2008,252815.98,825976037.0,7832.349081,112717.6,2.242914859791195,North America
Grenada,GRD,2009,252815.98,771275555.6,7290.834938,113378.3,2.229844511692273,North America
Grenada,GRD,2010,260144.0,771013259.3,7258.166561,114039.0,2.281184507054604,North America
Grenada,GRD,2011,252815.98,778655925.9,7291.74167,115027.2,2.19787997969176,North America
Grenada,GRD,2012,271136.0,799882259.3,7444.089075,116015.4,2.3370690442820523,North America
Grenada,GRD,2013,304112.0,842620111.1,7789.632355,117003.6,2.5991678888512832,North America
Grenada,GRD,2014,234496.0,911497407.4,8370.040472,117991.8,1.9873923442137504,North America
Grenada,GRD,2015,260144.0,997007925.9,9096.538652,118980.0,2.18645150445453,North America
Grenada,GRD,2016,267472.0,1061640741.0,9628.259169,119916.6,2.230483519379302,North America
Grenada,GRD,2017,278464.0,1125685185.0,10152.83281,120853.2,2.3041508209960515,North America
Grenada,GRD,2018,307776.0,1166523556.0,10466.88221,121789.8,2.5271081814733254,North America
Grenada,GRD,2019,329760.0,1213485185.0,10834.49568,122726.4,2.6869524405506886,North America
Grenada,GRD,2020,289456.0,1043411111.0,9273.199292,123663.0,2.34068395558898,North America
Guatemala,GTM,1970,2296437.0,1904000000.0,349.0249756,5453208.0,0.42111670781675664,North America
Guatemala,GTM,1971,2439303.0,1984800000.0,355.0903711,5606663.9,0.4350720934065621,North America
Guatemala,GTM,1972,2706626.0,2101300000.0,367.1188811,5760119.8,0.4698905741509057,North America
Guatemala,GTM,1973,2933616.0,2569200100.0,438.5448512,5913575.7,0.49608158393913854,North America
Guatemala,GTM,1974,3065520.0,3161499900.0,527.4176968,6067031.6,0.5052751002648478,North America
Guatemala,GTM,1975,3519529.0,3645900000.0,594.6518036,6220487.5,0.5657963302715422,North America
Guatemala,GTM,1976,3304906.0,4365300200.0,696.2220153,6373943.4,0.5185025646760528,North America
Guatemala,GTM,1977,3804453.0,5480500200.0,854.6366434,6527399.3,0.5828436143013344,North America
Guatemala,GTM,1978,4117133.2,6070600200.0,925.1257445,6680855.2,0.6162584095521184,North America
Guatemala,GTM,1979,4678019.0,6902600200.0,1027.083696,6834311.1,0.6844902041406924,North America
Guatemala,GTM,1980,4492606.0,7878700000.0,1143.440402,6987767.0,0.6429244134785833,North America
Guatemala,GTM,1981,3949467.0,8607500300.0,1217.26402,7197468.3,0.5487300305303185,North America
Guatemala,GTM,1982,3606792.0,8716999700.0,1200.249234,7407169.6,0.4869325524826649,North America
Guatemala,GTM,1983,3159905.0,9050000400.0,1212.716559,7616870.9,0.4148560532908599,North America
Guatemala,GTM,1984,3401061.0,9470000100.0,1234.702641,7826572.2,0.4345530729276349,North America
Guatemala,GTM,1985,3496849.0,9721652087.0,1233.080944,8036273.5,0.4351331497117414,North America
Guatemala,GTM,1986,3664595.0,7231963516.0,892.2929065,8245974.8,0.4444101623982649,North America
Guatemala,GTM,1987,3918400.0,7084399840.0,850.2185121,8455676.1,0.4634046945104721,North America
Guatemala,GTM,1988,4075276.8,7841602824.0,915.3980653,8665377.4,0.4702942078437345,North America
Guatemala,GTM,1989,4188155.2,8410724361.0,955.1134609,8875078.7,0.4719006266389503,North America
Guatemala,GTM,1990,4972245.0,7650125217.0,845.3069621,9084780.0,0.547315950413769,North America
Guatemala,GTM,1991,4951134.0,9406097735.0,1011.754966,9349891.4,0.5295391987119764,North America
Guatemala,GTM,1992,5919209.0,10440842165.0,1093.962908,9615002.8,0.6156221816180854,North America
Guatemala,GTM,1993,5577778.0,11399942453.0,1164.374025,9880114.2,0.564545903730546,North America
Guatemala,GTM,1994,6751174.0,12983235568.0,1293.470198,10145225.6,0.6654533143156521,North America
Guatemala,GTM,1995,7078550.0,14655404433.0,1424.682543,10410337.0,0.679953972671586,North America
Guatemala,GTM,1996,6571124.0,15674835615.0,1487.607658,10675448.4,0.6155361118133454,North America
Guatemala,GTM,1997,7501859.0,17790026222.0,1649.001602,10940559.8,0.6856924268171359,North America
Guatemala,GTM,1998,8639397.0,19395491993.0,1755.849582,11205671.2,0.7709843387159174,North America
Guatemala,GTM,1999,8805825.0,18318412251.0,1619.510736,11470782.6,0.7676742997465579,North America
Guatemala,GTM,2000,9764762.0,19288827159.0,1664.298958,11735894.0,0.8320424502811631,North America
Guatemala,GTM,2001,10233260.0,18405203853.0,1550.360366,12016616.7,0.851592445317824,North America
Guatemala,GTM,2002,10721662.0,20444205991.0,1682.994501,12297339.4,0.8718684303370532,North America
Guatemala,GTM,2003,10447951.0,21576351799.0,1737.879287,12578062.1,0.8306487054154392,North America
Guatemala,GTM,2004,11180307.0,23577286227.0,1859.098363,12858784.8,0.8694683964226542,North America
Guatemala,GTM,2005,12109271.0,26783543667.0,2068.500129,13139507.5,0.9215924569471116,North America
Guatemala,GTM,2006,12176554.0,29744368111.0,2251.087963,13420230.2,0.9073282513440045,North America
Guatemala,GTM,2007,12144909.0,33567868323.0,2490.749127,13700952.9,0.8864280527524476,North America
Guatemala,GTM,2008,10893166.0,38503862831.0,2802.461962,13981675.6,0.7791030425566446,North America
Guatemala,GTM,2009,11442047.0,37125943565.0,2651.817123,14262398.3,0.8022526618121442,North America
Guatemala,GTM,2010,11097682.0,40676432029.0,2852.547327,14543121.0,0.7630880606714336,North America
Guatemala,GTM,2011,11237312.0,46876114650.0,3228.045741,14834718.2,0.7575008738622349,North America
Guatemala,GTM,2012,11576644.0,49593961142.0,3355.036919,15126315.4,0.7653313906174402,North America
Guatemala,GTM,2013,12811682.0,52996540704.0,3522.773706,15417912.6,0.8309608656103032,North America
Guatemala,GTM,2014,13827098.0,57852399964.0,3779.642336,15709509.8,0.8801737403671246,North America
Guatemala,GTM,2015,15951887.0,62186186576.0,3994.636913,16001107.0,0.9969239628233222,North America
Guatemala,GTM,2016,16926494.0,66053725049.0,4173.301666,16273429.2,1.040130742695584,North America
Guatemala,GTM,2017,17320534.0,71654134379.0,4454.04815,16545751.4,1.0468266796272547,North America
Guatemala,GTM,2018,18500796.0,73208583759.0,4478.424646,16818073.6,1.100054408133878,North America
Guatemala,GTM,2019,19501706.0,77020015201.0,4638.634943,17090395.8,1.141091536335279,North America
Guatemala,GTM,2020,17336898.0,77604632621.0,4603.339643,17362718.0,0.9985129056406952,North America
Guinea,GIN,1986,996608.0,1995186721.0,354.421365,5801530.6,0.17178363240900602,Africa
Guinea,GIN,1987,992944.0,2041538040.0,351.9090455,5939684.2,0.16717117721511188,Africa
Guinea,GIN,1988,1025920.06,2384295982.0,398.5461528,6077837.8,0.16879688036426377,Africa
Guinea,GIN,1989,1044240.0,2432029434.0,394.3311424,6215991.4,0.16799251041434837,Africa
Guinea,GIN,1990,1003936.06,2666750686.0,419.8098708,6354145.0,0.15799703343250746,Africa
Guinea,GIN,1991,1025920.06,3015058139.0,461.3753125,6552427.2,0.15657099708028804,Africa
Guinea,GIN,1992,1058896.0,3284620543.0,489.0716041,6750709.4,0.1568569963921125,Africa
Guinea,GIN,1993,1088208.0,3279096606.0,475.426317,6948991.6,0.15659941220824042,Africa
Guinea,GIN,1994,1124848.0,3383092828.0,477.7624592,7147273.8,0.1573814060404402,Africa
Guinea,GIN,1995,1165152.0,3693710533.0,508.1015161,7345556.0,0.15861998737740207,Africa
Guinea,GIN,1996,1234768.0,3868968302.0,518.3656626,7543838.2,0.1636790142185181,Africa
Guinea,GIN,1997,1289728.0,3783700462.0,493.8221614,7742120.4,0.16658588776273744,Africa
Guinea,GIN,1998,1363008.0,3588375477.0,456.4914841,7940402.6,0.17165477226557757,Africa
Guinea,GIN,1999,1432624.0,3461282543.0,429.7196923,8138684.8,0.17602647543249247,Africa
Guinea,GIN,2000,1491248.0,2995361141.0,363.4822793,8336967.0,0.17887176475569594,Africa
Guinea,GIN,2001,1560864.0,2829435957.0,336.1540207,8530343.1,0.18297786873308766,Africa
Guinea,GIN,2002,1623152.0,2950198649.0,343.6026312,8723719.2,0.18606192643156144,Africa
Guinea,GIN,2003,1700096.0,3446441698.0,393.7396899,8917095.3,0.19065580694197581,Africa
Guinea,GIN,2004,1762384.0,3635458133.0,407.3009759,9110471.4,0.19344597251026988,Africa
Guinea,GIN,2005,1824672.0,2937071767.0,322.41554,9303847.5,0.19612015351713363,Africa
Guinea,GIN,2006,1890624.0,4220019243.0,453.4037133,9497223.6,0.19907123172292165,Africa
Guinea,GIN,2007,1967568.0,6281917656.0,659.992931,9690599.7,0.20303882741126952,Africa
Guinea,GIN,2008,1996880.0,6964179194.0,715.0965267,9883975.8,0.20203206082313555,Africa
Guinea,GIN,2009,2110464.0,6716904569.0,674.0854826,10077351.9,0.2094264466441824,Africa
Guinea,GIN,2010,2484192.0,6853467858.0,672.4249304,10270728.0,0.24187107281976505,Africa
Guinea,GIN,2011,2594112.0,6785137173.0,651.1361134,10541782.0,0.24607907847079366,Africa
Guinea,GIN,2012,2421904.0,7638045254.0,717.0505359,10812836.0,0.22398416104711105,Africa
Guinea,GIN,2013,2110464.0,8376613843.0,769.0031667,11083890.0,0.19040824114999336,Africa
Guinea,GIN,2014,2165424.0,8778473615.0,787.2385644,11354944.0,0.1907031862068188,Africa
Guinea,GIN,2015,2451216.0,8794202444.0,769.2554754,11625998.0,0.21083918989148287,Africa
Guinea,GIN,2016,2741192.0,8595955581.0,732.2915119,11941829.0,0.22954540715664243,Africa
Guinea,GIN,2017,3238976.0,10324668267.0,855.5752706,12257660.0,0.2642409725836742,Africa
Guinea,GIN,2018,3162032.0,11857030337.0,955.1112811,12573491.0,0.2514840150599384,Africa
Guinea,GIN,2019,3920951.0,13442861444.0,1052.588091,12889322.0,0.30420149329809587,Africa
Guinea,GIN,2020,4499392.0,14169626010.0,1078.950006,13205153.0,0.34073001653218254,Africa
Guinea-Bissau,GNB,1970,69616.0,78733594.84,111.6888386,591663.0,0.11766157424074178,Africa
Guinea-Bissau,GNB,1971,73280.0,78540057.14,109.3325999,615642.9,0.11903004160366341,Africa
Guinea-Bissau,GNB,1972,65952.0,87702828.57,119.7282088,639622.8,0.10311077091060543,Africa
Guinea-Bissau,GNB,1973,109920.0,89374237.29,119.7760284,663602.7,0.16564127903638728,Africa
Guinea-Bissau,GNB,1974,102592.0,98775328.95,130.3675607,687582.6,0.14920680075382944,Africa
Guinea-Bissau,GNB,1975,113584.0,108985740.2,142.2818203,711562.5,0.15962617479139218,Africa
Guinea-Bissau,GNB,1976,95264.0,112386489.0,145.8778567,735542.4,0.12951530734326125,Africa
Guinea-Bissau,GNB,1977,102592.0,114971207.2,148.978152,759522.3,0.1350743750380996,Africa
Guinea-Bissau,GNB,1978,102592.0,122666858.8,158.8667021,783502.2,0.13094028325638396,Africa
Guinea-Bissau,GNB,1979,109920.0,118537875.1,153.006192,807482.1,0.13612685655818252,Africa
Guinea-Bissau,GNB,1980,146560.0,110653830.7,141.5593514,831462.0,0.17626782703238392,Africa
Guinea-Bissau,GNB,1981,142896.0,154731969.7,194.9246536,845670.9,0.16897353332129555,Africa
Guinea-Bissau,GNB,1982,142896.0,165523634.5,204.2487981,859879.8,0.16618136627933344,Africa
Guinea-Bissau,GNB,1983,142896.0,163577538.3,197.0310455,874088.7,0.16347997634565006,Africa
Guinea-Bissau,GNB,1984,161216.0,138478900.6,162.6721541,888297.6,0.18148872630073526,Africa
Guinea-Bissau,GNB,1985,172208.0,143856253.1,164.9419353,902506.5,0.19081081410493997,Africa
Guinea-Bissau,GNB,1986,183200.0,130225018.8,145.9054808,916715.4,0.1998439210249986,Africa
Guinea-Bissau,GNB,1987,194192.0,173836362.0,190.4523799,930924.3,0.208601279395113,Africa
Guinea-Bissau,GNB,1988,216176.0,164458120.3,176.2593916,945133.2,0.2287254325633678,Africa
Guinea-Bissau,GNB,1989,230832.0,213143016.4,223.4714185,959342.1,0.24061489639618652,Africa
Guinea-Bissau,GNB,1990,172208.0,243961995.5,250.149442,973551.0,0.17688647025168686,Africa
Guinea-Bissau,GNB,1991,175872.0,257150374.1,257.7891756,999280.8,0.1759985781774252,Africa
Guinea-Bissau,GNB,1992,179536.0,226313443.7,221.7991653,1025010.6,0.17515526180899985,Africa
Guinea-Bissau,GNB,1993,183200.0,236880821.7,227.0232453,1050740.4,0.17435324652978035,Africa
Guinea-Bissau,GNB,1994,183200.0,235620043.5,220.9604242,1076470.2,0.17018585372823142,Africa
Guinea-Bissau,GNB,1995,183200.0,253966922.3,233.2432587,1102200.0,0.16621302848847758,Africa
Guinea-Bissau,GNB,1996,205184.0,270419779.4,243.4382959,1127929.8,0.18191203034089531,Africa
Guinea-Bissau,GNB,1997,201520.0,268550998.2,237.1300773,1153659.6,0.17467890875263378,Africa
Guinea-Bissau,GNB,1998,172208.0,206457544.5,178.8483647,1179389.4,0.14601453938792397,Africa
Guinea-Bissau,GNB,1999,194192.0,224446663.8,190.6723062,1205119.2,0.1611392466404983,Africa
Guinea-Bissau,GNB,2000,146560.0,371095510.0,308.9103184,1230849.0,0.1190722826276822,Africa
Guinea-Bissau,GNB,2001,150224.0,392621385.9,319.9574494,1264486.1,0.11880241309097822,Africa
Guinea-Bissau,GNB,2002,153888.0,417806667.1,333.0585793,1298123.2,0.1185465293278789,Africa
Guinea-Bissau,GNB,2003,194192.0,477458598.7,372.0561949,1331760.3,0.14581603010691938,Africa
Guinea-Bissau,GNB,2004,201520.0,532062927.4,405.0751184,1365397.4,0.14759073072791848,Africa
Guinea-Bissau,GNB,2005,212512.0,587029054.4,436.4752202,1399034.5,0.15189904180347233,Africa
Guinea-Bissau,GNB,2006,216176.0,592365688.1,430.0039403,1432671.6,0.15089012722804024,Africa
Guinea-Bissau,GNB,2007,230832.0,696910810.9,493.7219932,1466308.7,0.15742387670481667,Africa
Guinea-Bissau,GNB,2008,227168.0,868154708.5,599.9952372,1499945.8,0.1514508057557813,Africa
Guinea-Bissau,GNB,2009,234496.0,830126470.0,559.4145709,1533582.9,0.1529072865901152,Africa
Guinea-Bissau,GNB,2010,238160.0,849878424.2,558.1746681,1567220.0,0.15196334911499343,Africa
Guinea-Bissau,GNB,2011,241824.0,1099818652.0,703.6605673,1611559.8,0.1500558651314087,Africa
Guinea-Bissau,GNB,2012,245488.0,989271229.6,616.375664,1655899.6,0.14825053402996172,Africa
Guinea-Bissau,GNB,2013,245488.0,1046087418.0,634.6620391,1700239.4,0.1443843731653319,Africa
Guinea-Bissau,GNB,2014,260144.0,1054915645.0,623.3130914,1744579.2,0.14911561481416263,Africa
Guinea-Bissau,GNB,2015,278464.0,1048229629.0,603.3993815,1788919.0,0.15566048546636266,Africa
Guinea-Bissau,GNB,2016,304112.0,1179004941.0,661.4578387,1834300.8,0.16579178289624036,Africa
Guinea-Bissau,GNB,2017,304112.0,1350177128.0,738.5499449,1879682.6,0.16178901693296516,Africa
Guinea-Bissau,GNB,2018,311440.0,1504630121.0,802.7673851,1925064.4,0.1617816006571001,Africa
Guinea-Bissau,GNB,2019,322432.0,1439638443.0,749.453747,1970446.2,0.16363400330341424,Africa
Guinea-Bissau,GNB,2020,296784.0,1431758243.0,727.5201717,2015828.0,0.1472268467349397,Africa
Guyana,GUY,1970,1579184.0,267800000.0,379.8958762,705261.0,2.2391483436628428,South America
Guyana,GUY,1971,1498576.0,282050000.0,395.2029189,712552.5,2.103109595433319,South America
Guyana,GUY,1972,1560864.0,285380952.4,395.2923993,719844.0,2.168336472902462,South America
Guyana,GUY,1973,1802688.0,307047619.0,420.6656159,727135.5,2.4791637872171006,South America
Guyana,GUY,1974,1553536.0,433954545.5,588.137017,734427.0,2.1153034951057084,South America
Guyana,GUY,1975,1824672.0,494791666.7,663.3956652,741718.5,2.4600599823248306,South America
Guyana,GUY,1976,1751392.0,454440000.0,602.6248473,749010.0,2.338275857465187,South America
Guyana,GUY,1977,1897952.0,449880000.0,590.0653705,756301.5,2.5095176989600048,South America
Guyana,GUY,1978,2055504.1,507080000.0,658.4360002,763593.0,2.6918844201033796,South America
Guyana,GUY,1979,1520560.0,530440000.0,683.3303919,770884.5,1.9724874478602177,South America
Guyana,GUY,1980,1788032.0,603200000.0,773.1816708,778176.0,2.297721852125997,South America
Guyana,GUY,1981,1799024.0,570357107.1,729.6050922,775070.0,2.321111641529152,South America
Guyana,GUY,1982,1403312.0,482000000.0,616.9607897,771964.0,1.8178464280717754,South America
Guyana,GUY,1983,1245760.0,489333333.3,628.1936565,768858.0,1.620273184385153,South America
Guyana,GUY,1984,1403312.0,437631605.3,564.5278745,765752.0,1.832593320030506,South America
Guyana,GUY,1985,1417968.0,453488372.1,588.6103534,762646.0,1.8592741586529005,South America
Guyana,GUY,1986,1044240.0,504651139.5,660.1519,759540.0,1.3748321352397503,South America
Guyana,GUY,1987,1308048.0,354591846.9,468.138331,756434.0,1.72922951638874,South America
Guyana,GUY,1988,1403312.0,413799990.0,551.2621746,753328.0,1.8628167279060384,South America
Guyana,GUY,1989,1183472.0,379779389.7,509.3737497,750222.0,1.577495727931199,South America
Guyana,GUY,1990,1128512.0,396582263.3,533.5383588,747116.0,1.5104910080897747,South America
Guyana,GUY,1991,1106528.0,348533094.8,468.1583109,748309.5,1.4787036647269611,South America
Guyana,GUY,1992,1040576.0,373573141.5,499.0317093,749503.0,1.3883546830366256,South America
Guyana,GUY,1993,1044240.0,454101382.5,602.1438729,750696.5,1.3910281984796786,South America
Guyana,GUY,1994,1458272.0,540874934.2,712.7128542,751890.0,1.939475189189908,South America
Guyana,GUY,1995,1568192.0,621626785.9,816.5354249,753083.5,2.08236138489291,South America
Guyana,GUY,1996,1652464.0,705406001.4,927.1885834,754277.0,2.190791976952764,South America
Guyana,GUY,1997,1806352.0,749138009.6,988.3413168,755470.5,2.39102916659221,South America
Guyana,GUY,1998,1828336.0,717530683.2,951.9124771,756664.0,2.416311599336033,South America
Guyana,GUY,1999,1832000.0,694754988.3,926.7403362,757857.5,2.4173409908854895,South America
Guyana,GUY,2000,1747728.0,712667896.7,954.4003181,759051.0,2.3025172221629377,South America
Guyana,GUY,2001,1744064.0,712167575.6,955.6653806,757939.1,2.3010608635970886,South America
Guyana,GUY,2002,1714752.0,726131434.7,974.9491933,756827.2,2.2657113803520805,South America
Guyana,GUY,2003,1857648.0,743064076.8,997.2113729,755715.3,2.4581320505222006,South America
Guyana,GUY,2004,1927264.0,787814379.2,1056.423886,754603.4,2.5540091656093784,South America
Guyana,GUY,2005,1619488.0,824880550.3,1105.506825,753491.5,2.1493115715306677,South America
Guyana,GUY,2006,1509568.0,2379818383.0,3188.67316,752379.6,2.006391454526412,South America
Guyana,GUY,2007,1780704.0,2730971150.0,3658.479967,751267.7,2.3702656190330025,South America
Guyana,GUY,2008,1707424.0,3025187924.0,4050.786237,750155.8,2.2760925130486225,South America
Guyana,GUY,2009,1908944.0,3165663153.0,4233.766143,749043.9,2.548507504032808,South America
Guyana,GUY,2010,1886960.0,3432913073.0,4580.698762,747932.0,2.5229031516234097,South America
Guyana,GUY,2011,1960240.0,3691384318.0,4908.566448,749351.8,2.615914180762627,South America
Guyana,GUY,2012,1960240.0,4063089192.0,5378.810878,750771.6,2.61096717030852,South America
Guyana,GUY,2013,1905280.0,4167800259.0,5489.140726,752191.4,2.532972325926619,South America
Guyana,GUY,2014,1972021.0,4127659492.0,5407.147366,753611.2,2.616761799718476,South America
Guyana,GUY,2015,2003336.0,4279840194.0,5576.825852,755031.0,2.6533162214531587,South America
Guyana,GUY,2016,2374679.0,4482697337.0,5811.397924,763465.2,3.110395863491879,South America
Guyana,GUY,2017,2326815.0,4748174334.0,6124.95367,771899.4,3.014401876721241,South America
Guyana,GUY,2018,2502966.0,4787636237.0,6145.819277,780333.6,3.2075589209538076,South America
Guyana,GUY,2019,2755782.0,5173760192.0,6609.51128,788767.8,3.4937810595209386,South America
Guyana,GUY,2020,3188380.0,5471256595.0,6955.939217,797202.0,3.99946312227014,South America
Haiti,HTI,1970,384482.0,331200000.0,70.82617925,4680812.0,0.08214002185945515,North America
Haiti,HTI,1971,402743.0,362800000.0,76.26374897,4777398.4,0.0843017404619217,North America
Haiti,HTI,1972,391721.0,372000000.0,76.90186371,4873984.8,0.08036976233491742,North America
Haiti,HTI,1973,420914.0,466800000.0,94.90457191,4970571.2,0.08468121329798071,North America
Haiti,HTI,1974,472091.0,565400000.0,112.996202,5067157.6,0.09316682788788729,North America
Haiti,HTI,1975,483024.0,681400000.0,133.7502478,5163744.0,0.09354143040398595,North America
Haiti,HTI,1976,672182.0,879000000.0,169.3107588,5260330.4,0.12778322821699564,North America
Haiti,HTI,1977,704144.0,947000000.0,178.860637,5356916.8,0.13144575999388305,North America
Haiti,HTI,1978,750641.0,974200000.0,180.273204,5453503.2,0.1376438176473427,North America
Haiti,HTI,1979,749901.0,1080600000.0,195.754238,5550089.6,0.13511511597938888,North America
Haiti,HTI,1980,745071.0,1383800000.0,245.2165669,5646676.0,0.13194860126559413,North America
Haiti,HTI,1981,758928.0,1479400000.0,256.2456189,5774541.5,0.13142653836672574,North America
Haiti,HTI,1982,817303.0,1474200000.0,249.4322126,5902407.0,0.1384694413651922,North America
Haiti,HTI,1983,886028.0,1623600000.0,268.2919292,6030272.5,0.14693001021098134,North America
Haiti,HTI,1984,903151.0,1816200000.0,293.1867733,6158138.0,0.14665975332153972,North America
Haiti,HTI,1985,929520.0,2009400000.0,317.0763459,6286003.5,0.14787137805443473,North America
Haiti,HTI,1986,830222.0,2318000000.0,357.7968297,6413869.0,0.1294416833271774,North America
Haiti,HTI,1987,898793.0,2047200000.0,309.30349,6541734.5,0.13739368358651669,North America
Haiti,HTI,1988,1007669.0,2613926800.0,386.7772914,6669600.0,0.15108387309583785,North America
Haiti,HTI,1989,1023120.06,2736243800.0,396.6861392,6797465.5,0.15051493236707122,North America
Haiti,HTI,1990,994997.0,3096289800.0,439.944188,6925331.0,0.14367500990205379,North America
Haiti,HTI,1991,976137.0,3473540602.0,483.8736354,7068820.4,0.13809050800045788,North America
Haiti,HTI,1992,888522.0,2257121668.0,308.3713974,7212309.8,0.1231952071720491,North America
Haiti,HTI,1993,684199.0,1878248741.0,251.7528877,7355799.2,0.09301490992304412,North America
Haiti,HTI,1994,183200.0,2167564195.0,285.1188538,7499288.6,0.024428983837213574,North America
Haiti,HTI,1995,875696.0,2813313279.0,363.2655445,7642778.0,0.11457823320263914,North America
Haiti,HTI,1996,1018592.0,2907514523.0,368.6318638,7786267.4,0.13081903660282718,North America
Haiti,HTI,1997,1348352.0,3338938830.0,415.7707421,7929756.8,0.17003699281168372,North America
Haiti,HTI,1998,1234768.0,3723909227.0,455.5418961,8073246.2,0.15294566391397799,North America
Haiti,HTI,1999,1271408.0,4153736347.0,499.3029687,8216735.6,0.15473395541655255,North America
Haiti,HTI,2000,1634144.0,6813577558.0,805.0256325,8360225.0,0.19546650957360598,North America
Haiti,HTI,2001,1471293.0,6331961555.0,735.5211179,8508490.5,0.17292056681499499,North America
Haiti,HTI,2002,1785235.0,6058134467.0,692.0301629,8656756.0,0.2062244794701387,North America
Haiti,HTI,2003,1700183.0,4826827577.0,542.3335961,8805021.5,0.19309243026834177,North America
Haiti,HTI,2004,1651995.0,6036959915.0,667.2825464,8953287.0,0.18451268232549678,North America
Haiti,HTI,2005,1724339.0,7184064657.0,781.2766578,9101552.5,0.18945548026009848,North America
Haiti,HTI,2006,1752042.0,7518107787.0,804.5245119,9249818.0,0.18941367278794027,North America
Haiti,HTI,2007,1772405.0,9522763154.0,1002.888487,9398083.5,0.1885921741384826,North America
Haiti,HTI,2008,1760637.0,10485225353.0,1086.938192,9546349.0,0.18443040370721833,North America
Haiti,HTI,2009,1888301.0,11597014807.0,1183.604854,9694614.5,0.19477834832937402,North America
Haiti,HTI,2010,2136827.0,11859315079.0,1191.972664,9842880.0,0.21709367583471503,North America
Haiti,HTI,2011,2272898.0,13008754111.0,1287.95465,9987055.4,0.22758439890100138,North America
Haiti,HTI,2012,2264181.0,13708926466.0,1337.335946,10131230.8,0.22348528472966975,North America
Haiti,HTI,2013,2706250.0,14902474091.0,1432.837618,10275406.2,0.263371583305388,North America
Haiti,HTI,2014,2704625.0,15139264670.0,1435.13647,10419581.6,0.2595713632109758,North America
Haiti,HTI,2015,2660657.0,14833154472.0,1386.854191,10563757.0,0.2518665471006196,North America
Haiti,HTI,2016,2979519.0,13987693739.0,1290.380508,10712365.8,0.27813828015469744,North America
Haiti,HTI,2017,3139196.0,15035560373.0,1369.063734,10860974.6,0.28903446657540294,North America
Haiti,HTI,2018,3410161.0,16455034353.0,1479.345827,11009583.4,0.30974478107863734,North America
Haiti,HTI,2019,3091473.0,14785839383.0,1312.770636,11158192.2,0.27705859018990553,North America
Haiti,HTI,2020,2512561.0,14508218017.0,1272.367992,11306801.0,0.22221678793144056,North America
Honduras,HND,1970,1388032.0,723000000.0,266.1364061,2782753.0,0.4987981326405901,North America
Honduras,HND,1971,1328811.0,731000000.0,261.2463703,2882276.7,0.4610282558922951,North America
Honduras,HND,1972,1533102.0,802999950.0,278.616076,2981800.4,0.514153127083892,North America
Honduras,HND,1973,1506141.0,912499950.0,307.3448001,3081324.1,0.48879668321810094,North America
Honduras,HND,1974,1553346.0,1034500000.0,338.1553292,3180847.8,0.4883433907148906,North America
Honduras,HND,1975,1660773.0,1124000000.0,356.457397,3280371.5,0.5062758897887023,North America
Honduras,HND,1976,1770583.0,1347999950.0,414.6231405,3379895.2,0.5238573669384778,North America
Honduras,HND,1977,1993395.0,1669499950.0,497.9382908,3479418.9,0.5729103213183098,North America
Honduras,HND,1978,2039442.0,3097242093.0,895.6479864,3578942.6,0.5698448474697526,North America
Honduras,HND,1979,1922810.0,3544281976.0,993.7254974,3678466.3,0.5227205697113496,North America
Honduras,HND,1980,2037957.0,3968160046.0,1078.810346,3777990.0,0.5394289026704676,North America
Honduras,HND,1981,1807843.0,4043894879.0,1066.168742,3905514.4,0.4628949774196198,North America
Honduras,HND,1982,1749493.0,4266503526.0,1090.998237,4033038.8,0.43379027248634455,North America
Honduras,HND,1983,1976452.0,4476697185.0,1110.475663,4160563.2,0.4750443401508719,North America
Honduras,HND,1984,1957357.0,4915311847.0,1183.02593,4288087.6,0.45646385582234844,North America
Honduras,HND,1985,1885699.0,5278120713.0,1232.869615,4415612.0,0.4270526939414061,North America
Honduras,HND,1986,1824977.0,5677828959.0,1287.410739,4543136.4,0.40169980368628155,North America
Honduras,HND,1987,2144191.0,6190521242.0,1362.885102,4670660.8,0.45907658291092346,North America
Honduras,HND,1988,2464967.0,5902717091.0,1262.067151,4798185.2,0.513729024048509,North America
Honduras,HND,1989,2680274.0,5432344902.0,1128.284091,4925709.6,0.5441396707593156,North America
Honduras,HND,1990,2504658.0,4923009552.0,993.4832532,5053234.0,0.4956544660310605,North America
Honduras,HND,1991,2526966.0,4648668479.0,911.7549816,5213583.1,0.4846889272753704,North America
Honduras,HND,1992,2803312.0,4943700431.0,942.6129447,5373932.2,0.5216500498461815,North America
Honduras,HND,1993,2940777.0,4926728933.0,913.3016313,5534281.3,0.5313746881641163,North America
Honduras,HND,1994,3231039.0,4642280682.0,836.6023818,5694630.4,0.5673834424794276,North America
Honduras,HND,1995,3836235.0,5347445005.0,936.6676543,5854979.5,0.6552089550441637,North America
Honduras,HND,1996,3875521.0,5215028986.0,887.6926123,6015328.6,0.6442741964254455,North America
Honduras,HND,1997,4010334.0,5737099650.0,948.9547702,6175677.7,0.6493755333119149,North America
Honduras,HND,1998,4810582.0,6366340266.0,1023.460734,6336026.8,0.7592426850214712,North America
Honduras,HND,1999,4704557.0,6414520530.0,1002.716922,6496375.9,0.7241817703313627,North America
Honduras,HND,2000,5031508.0,7186650135.0,1093.1081,6656725.0,0.7558533663325434,North America
Honduras,HND,2001,5664895.0,7651174661.0,1133.186372,6836145.8,0.8286679608266986,North America
Honduras,HND,2002,5945282.0,7858235333.0,1134.064445,7015566.6,0.8474414596819593,North America
Honduras,HND,2003,6686778.0,8230387552.0,1158.178083,7194987.4,0.9293661862423831,North America
Honduras,HND,2004,7194159.0,8869311411.0,1217.818021,7374408.2,0.9755574691403711,North America
Honduras,HND,2005,6834857.0,9757034457.0,1308.09197,7553829.0,0.9048201911904545,North America
Honduras,HND,2006,7698208.0,10917481688.0,1430.057614,7733249.8,0.9954686838125932,North America
Honduras,HND,2007,8216418.5,12361257681.0,1583.047451,7912670.6,1.0383875325228376,North America
Honduras,HND,2008,8532908.0,13881701034.0,1739.353377,8092091.4,1.054474990235528,North America
Honduras,HND,2009,8030408.0,14587496229.0,1789.705553,8271512.2,0.970851254985757,North America
Honduras,HND,2010,7996618.0,15839344592.0,1904.347152,8450933.0,0.9462408470165365,North America
Honduras,HND,2011,8860314.0,17710315006.0,2088.315547,8619647.4,1.0279207012574552,North America
Honduras,HND,2012,9218278.0,18528601901.0,2144.342363,8788361.8,1.0489188098742133,North America
Honduras,HND,2013,9364898.0,18499710128.0,2102.592449,8957076.2,1.0455306833272224,North America
Honduras,HND,2014,9481238.0,19756494435.0,2206.054397,9125790.6,1.0389497650756967,North America
Honduras,HND,2015,10347979.0,20979767785.0,2302.204411,9294505.0,1.1133437445028003,North America
Honduras,HND,2016,9722308.0,21717622071.0,2342.584904,9459956.6,1.0277328333620475,North America
Honduras,HND,2017,10231486.0,23136232230.0,2453.727115,9625408.2,1.0629664516461754,North America
Honduras,HND,2018,9861259.0,24067778954.0,2510.322943,9790859.8,1.0071902980369507,North America
Honduras,HND,2019,11218794.0,25089976947.0,2574.356751,9956311.4,1.1268022412396623,North America
Honduras,HND,2020,9526111.0,23827840810.0,2405.732848,10121763.0,0.9411513587109281,North America
Hong Kong,HKG,1970,8392500.0,3800766536.0,960.0319615,3955072.0,2.1219588417100876,Asia
Hong Kong,HKG,1971,9150591.0,4476001946.0,1106.469717,4057419.2,2.255273746424821,Asia
Hong Kong,HKG,1972,9275585.0,5710107420.0,1384.738437,4159766.4,2.2298331463997596,Asia
Hong Kong,HKG,1973,9286457.0,8030117556.0,1893.181242,4262113.6,2.178838452358473,Asia
Hong Kong,HKG,1974,10667250.0,9388663646.0,2144.607713,4364460.8,2.4441163499509493,Asia
Hong Kong,HKG,1975,11008001.0,10048022370.0,2252.111881,4466808.0,2.4643998577955446,Asia
Hong Kong,HKG,1976,12490384.0,12876366009.0,2850.01461,4569155.2,2.7336309346638084,Asia
Hong Kong,HKG,1977,14203904.0,15719433719.0,3429.420276,4671502.4,3.0405430167391114,Asia
Hong Kong,HKG,1978,15714096.0,18315007366.0,3923.943731,4773849.6,3.2917031990283063,Asia
Hong Kong,HKG,1979,15837647.0,22526035941.0,4569.453707,4876196.8,3.2479507389857605,Asia
Hong Kong,HKG,1980,16600216.0,28861759209.0,5700.412634,4978544.0,3.3343515694548445,Asia
Hong Kong,HKG,1981,18616656.0,31055409443.0,5991.320261,5064547.0,3.675877822833908,Asia
Hong Kong,HKG,1982,19622766.0,32291306282.0,6133.784079,5150550.0,3.809838949238431,Asia
Hong Kong,HKG,1983,20912106.0,29907091340.0,5595.235139,5236553.0,3.9934869369220554,Asia
Hong Kong,HKG,1984,22224786.0,33511383986.0,6208.226159,5322556.0,4.175585188770207,Asia
Hong Kong,HKG,1985,22881404.0,35699543051.0,6542.931537,5408559.0,4.230591549431189,Asia
Hong Kong,HKG,1986,25525918.0,41075570592.0,7435.030698,5494562.0,4.64566929993692,Asia
Hong Kong,HKG,1987,28085646.0,50622571586.0,9071.332602,5580565.0,5.032760302944236,Asia
Hong Kong,HKG,1988,29284780.0,59707404561.0,10609.74564,5666568.0,5.167992336807747,Asia
Hong Kong,HKG,1989,30141178.0,68790369107.0,12097.77516,5752571.0,5.239601214830725,Asia
Hong Kong,HKG,1990,27147690.0,76928290842.0,13485.54489,5838574.0,4.649712412654186,Asia
Hong Kong,HKG,1991,28463072.0,88959620136.0,15465.85886,5927836.1,4.80159564465691,Asia
Hong Kong,HKG,1992,32918560.0,104272000000.0,17976.42938,6017098.2,5.470836424108883,Asia
Hong Kong,HKG,1993,34777844.0,120354000000.0,20395.51737,6106360.3,5.695347521501475,Asia
Hong Kong,HKG,1994,31079292.0,135812000000.0,22502.57974,6195622.4,5.016330885497476,Asia
Hong Kong,HKG,1995,31267054.0,144653000000.0,23497.49231,6284884.5,4.97496079681337,Asia
Hong Kong,HKG,1996,28908528.0,159717000000.0,24818.15455,6374146.6,4.535278181396079,Asia
Hong Kong,HKG,1997,30496980.0,177353000000.0,27330.03335,6463408.7,4.718405011275243,Asia
Hong Kong,HKG,1998,38924984.0,168886000000.0,25808.97095,6552670.8,5.940323447959571,Asia
Hong Kong,HKG,1999,42549016.0,165768000000.0,25091.6666,6641932.9,6.406119519816287,Asia
Hong Kong,HKG,2000,40282788.0,171668000000.0,25756.66378,6731195.0,5.984492798084144,Asia
Hong Kong,HKG,2001,37801700.0,169403000000.0,25230.21633,6771319.3,5.582619623328057,Asia
Hong Kong,HKG,2002,39485080.0,166349000000.0,24665.89,6811443.6,5.796873954883808,Asia
Hong Kong,HKG,2003,43202330.0,161385000000.0,23977.01945,6851567.9,6.305466227664473,Asia
Hong Kong,HKG,2004,41569400.0,169100000000.0,24928.10037,6891692.2,6.031813202568739,Asia
Hong Kong,HKG,2005,43730548.0,181570000000.0,26649.7508,6931816.5,6.308670750300444,Asia
Hong Kong,HKG,2006,41914810.0,193536000000.0,28224.21506,6971940.8,6.011928557970544,Asia
Hong Kong,HKG,2007,43572436.0,211597000000.0,30594.01784,7012065.1,6.213923484538101,Asia
Hong Kong,HKG,2008,42790584.0,219280000000.0,31515.66277,7052189.4,6.067702038745584,Asia
Hong Kong,HKG,2009,41579400.0,214046000000.0,30697.34038,7092313.7,5.862600240031684,Asia
Hong Kong,HKG,2010,40062904.0,228638000000.0,32549.99823,7132438.0,5.61699996550969,Asia
Hong Kong,HKG,2011,43149716.0,248514000000.0,35142.48793,7185918.0,6.004760421702557,Asia
Hong Kong,HKG,2012,42742060.0,262629000000.0,36730.8767,7239398.0,5.904090367734997,Asia
Hong Kong,HKG,2013,44306892.0,275697000000.0,38403.77771,7292878.0,6.075364485735261,Asia
Hong Kong,HKG,2014,45491750.0,291459000000.0,40315.28556,7346358.0,6.192422149859835,Asia
Hong Kong,HKG,2015,42399920.0,309384000000.0,42431.88828,7399838.0,5.729844356052119,Asia
Hong Kong,HKG,2016,43365784.0,320858000000.0,43733.91636,7420062.0,5.8443964484393796,Asia
Hong Kong,HKG,2017,42431172.0,341273000000.0,46160.42979,7440286.0,5.702895291928294,Asia
Hong Kong,HKG,2018,42600628.0,361731000000.0,48537.56689,7460510.0,5.710149574224818,Asia
Hong Kong,HKG,2019,41900196.0,363052000000.0,48356.0635,7480734.0,5.601080856504188,Asia
Hong Kong,HKG,2020,33497124.0,344881000000.0,46100.97587,7500958.0,4.46571277962095,Asia
Hungary,HUN,1991,69701940.0,34753569693.0,3350.258323,10358595.6,6.72889865494894,Europe
Hungary,HUN,1992,62348020.0,38730585922.0,3735.10582,10341202.2,6.029088184737361,Europe
Hungary,HUN,1993,63558412.0,40124916941.0,3873.987723,10323808.8,6.156488678868209,Europe
Hungary,HUN,1994,61888990.0,43166678735.0,4173.373024,10306415.4,6.004899627857033,Europe
Hungary,HUN,1995,61601110.0,46425677734.0,4494.707624,10289022.0,5.987071463157529,Europe
Hungary,HUN,1996,63158110.0,46658755152.0,4525.039103,10271628.6,6.148792217818312,Europe
Hungary,HUN,1997,61711716.0,47296952929.0,4596.182622,10254235.2,6.0181685709725095,Europe
Hungary,HUN,1998,61312880.0,48706787306.0,4744.212264,10236841.8,5.989433186317287,Europe
Hungary,HUN,1999,61806190.0,49073380174.0,4793.478522,10219448.4,6.047898827885857,Europe
Hungary,HUN,2000,58505984.0,47218405892.0,4624.281657,10202055.0,5.734725405812848,Europe
Hungary,HUN,2001,60108984.0,53749989092.0,5276.033189,10180532.0,5.904306769037217,Europe
Hungary,HUN,2002,59086040.0,67608919144.0,6655.333009,10159009.0,5.816122419027289,Europe
Hungary,HUN,2003,61860748.0,85302003908.0,8421.103313,10137486.0,6.102178390184706,Europe
Hungary,HUN,2004,60251724.0,104141000000.0,10303.70419,10115963.0,5.956103635412664,Europe
Hungary,HUN,2005,60400730.0,113237000000.0,11225.93258,10094440.0,5.983564219510939,Europe
Hungary,HUN,2006,59709784.0,115751000000.0,11493.10041,10072917.0,5.927754988947094,Europe
Hungary,HUN,2007,58631348.0,140228000000.0,13944.97101,10051394.0,5.833155878677127,Europe
Hungary,HUN,2008,57326304.0,158374000000.0,15777.19202,10029871.0,5.715557458316264,Europe
Hungary,HUN,2009,51542250.0,131114000000.0,13081.79264,10008348.0,5.149925841907176,Europe
Hungary,HUN,2010,52087460.0,132231000000.0,13223.083,9986825.0,5.215617576156586,Europe
Hungary,HUN,2011,50253124.0,142000000000.0,14240.2575,9958309.2,5.046351041198841,Europe
Hungary,HUN,2012,46818720.0,128857000000.0,12989.18028,9929793.4,4.714974230984503,Europe
Hungary,HUN,2013,43669620.0,135733000000.0,13719.95054,9901277.6,4.410503549562129,Europe
Hungary,HUN,2014,43791780.0,141079000000.0,14298.83367,9872761.8,4.435615979309862,Europe
Hungary,HUN,2015,46717404.0,125210000000.0,12720.71202,9844246.0,4.745655888729314,Europe
Hungary,HUN,2016,47178500.0,128636000000.0,13107.37791,9825511.4,4.801633022378866,Europe
Hungary,HUN,2017,49580330.0,143136000000.0,14623.69665,9806776.8,5.05572126409566,Europe
Hungary,HUN,2018,49534410.0,160587000000.0,16427.37276,9788042.2,5.060706624252193,Europe
Hungary,HUN,2019,49310484.0,163526000000.0,16735.65978,9769307.6,5.047490161943514,Europe
Hungary,HUN,2020,47335468.0,156743000000.0,16075.97327,9750573.0,4.85463449173705,Europe
Iceland,ISL,1970,1388300.0,526704545.5,2576.353444,204468.0,6.78981552125516,Europe
Iceland,ISL,1971,1472206.0,670251136.4,3252.099178,206847.5,7.117349738333797,Europe
Iceland,ISL,1972,1482832.0,839652164.1,4014.84273,209227.0,7.087192379568602,Europe
Iceland,ISL,1973,1750026.0,1154440253.0,5437.342525,211606.5,8.270190187919559,Europe
Iceland,ISL,1974,1738479.0,1515190595.0,7040.554044,213986.0,8.124265138840858,Europe
Iceland,ISL,1975,1613472.0,1406875081.0,6454.177152,216365.5,7.457159297577479,Europe
Iceland,ISL,1976,1701313.0,1669488390.0,7583.275298,218745.0,7.777608631054424,Europe
Iceland,ISL,1977,1902662.0,2208509076.0,9957.254434,221124.5,8.604482994873928,Europe
Iceland,ISL,1978,1920842.0,2511826196.0,11236.73574,223504.0,8.594217553153412,Europe
Iceland,ISL,1979,1983021.0,2853435054.0,12640.64081,225883.5,8.778954638120979,Europe
Iceland,ISL,1980,1861846.0,3381419251.0,14821.81509,228263.0,8.156582538562974,Europe
Iceland,ISL,1981,1748000.0,3492997010.0,15137.25384,230938.6,7.569111443474585,Europe
Iceland,ISL,1982,1593849.0,3206626645.0,13711.73627,233614.2,6.822569004795085,Europe
Iceland,ISL,1983,1542530.0,2765950336.0,11671.80923,236289.8,6.52812774821427,Europe
Iceland,ISL,1984,1809746.0,2864441387.0,11959.54001,238965.4,7.573255375045927,Europe
Iceland,ISL,1985,1622635.0,2984052357.0,12361.18704,241641.0,6.7150649103422015,Europe
Iceland,ISL,1986,1780225.0,3989622739.0,16406.04795,244316.6,7.286549501753053,Europe
Iceland,ISL,1987,1845061.0,5520318405.0,22453.18823,246992.2,7.470118489571735,Europe
Iceland,ISL,1988,1841119.0,6106635816.0,24451.97332,249667.8,7.374274936535669,Europe
Iceland,ISL,1989,1896457.0,5672569449.0,22434.34677,252343.4,7.515381817000168,Europe
Iceland,ISL,1990,2222787.0,6468736356.0,25384.91502,255019.0,8.716162325160086,Europe
Iceland,ISL,1991,2103614.0,6909730288.0,26802.98952,257663.3,8.164197229485147,Europe
Iceland,ISL,1992,2250166.0,7080981738.0,27124.27454,260307.6,8.64425779347203,Europe
Iceland,ISL,1993,2400940.0,6218581532.0,23579.79536,262951.9,9.130719344488478,Europe
Iceland,ISL,1994,2349664.0,6389460343.0,24018.6314,265596.2,8.846753078545552,Europe
Iceland,ISL,1995,2469337.0,7123633418.0,26633.59138,268240.5,9.205682959881152,Europe
Iceland,ISL,1996,2523724.0,7426082271.0,27614.87703,270884.8,9.316595098728316,Europe
Iceland,ISL,1997,2619435.0,7569666974.0,27919.16355,273529.1,9.576439947340155,Europe
Iceland,ISL,1998,2638678.0,8503693099.0,31030.0536,276173.4,9.55442486495803,Europe
Iceland,ISL,1999,2841366.0,8982047589.0,32381.62524,278817.7,10.19076622466938,Europe
Iceland,ISL,2000,2933190.0,9025660362.0,32096.37226,281462.0,10.421264682266168,Europe
Iceland,ISL,2001,2865427.0,8234846805.0,28897.44394,285149.1,10.048872677486973,Europe
Iceland,ISL,2002,2992466.0,9318395055.0,32409.21615,288836.2,10.360425736109255,Europe
Iceland,ISL,2003,2985957.0,11429333038.0,39476.69785,292523.3,10.207586882822667,Europe
Iceland,ISL,2004,3109793.0,13825302536.0,47334.93065,296210.4,10.498594917666631,Europe
Iceland,ISL,2005,2978476.0,16852963067.0,56794.85016,299897.5,9.931646645937361,Europe
Iceland,ISL,2006,3155845.0,17465318552.0,57492.93425,303584.6,10.39527367330227,Europe
Iceland,ISL,2007,3495134.0,21652505597.0,69495.72674,307271.7,11.374734477662603,Europe
Iceland,ISL,2008,3812816.0,18074622987.0,56943.37045,310958.8,12.261482871685896,Europe
Iceland,ISL,2009,3731080.0,13154414219.0,41301.27322,314645.9,11.858028342336574,Europe
Iceland,ISL,2010,3627419.0,13751161918.0,43237.07295,318333.0,11.395045439838157,Europe
Iceland,ISL,2011,3504698.0,15221622926.0,47714.59223,320878.4,10.922199811517384,Europe
Iceland,ISL,2012,3501300.0,14751508134.0,45995.54788,323423.8,10.825733913212325,Europe
Iceland,ISL,2013,3490100.0,16125060515.0,49804.983,325969.2,10.706839787317328,Europe
Iceland,ISL,2014,3446717.0,17867662178.0,54576.74481,328514.6,10.491822890063334,Europe
Iceland,ISL,2015,3543713.0,17517210519.0,52951.68151,331060.0,10.704141243279164,Europe
Iceland,ISL,2016,3495520.0,20793168031.0,61987.92636,338181.8,10.336215609473959,Europe
Iceland,ISL,2017,3612189.0,24728285177.0,72010.14903,345303.6,10.460907444926725,Europe
Iceland,ISL,2018,3668959.0,26267063758.0,74469.80406,352425.4,10.410597533548943,Europe
Iceland,ISL,2019,3558741.0,24857740445.0,68941.46223,359547.2,9.897840951062893,Europe
Iceland,ISL,2020,3339561.0,21718075725.0,59264.03409,366669.0,9.107835677409325,Europe
India,IND,1970,181722640.0,62422483055.0,112.4344925,557501301.0,0.3259591317079276,Asia
India,IND,1971,191963680.0,67350988021.0,118.6032415,571434009.4,0.33593324310808864,Asia
India,IND,1972,203035980.0,71463193831.0,122.9818641,585366717.8,0.3468526204617095,Asia
India,IND,1973,209095040.0,85515269585.0,143.7786876,599299426.2,0.34889911596581463,Asia
India,IND,1974,215853180.0,99525899116.0,163.4781125,613232134.6,0.3519926106625137,Asia
India,IND,1975,234209120.0,98472796457.0,158.036171,627164843.0,0.37344108588688857,Asia
India,IND,1976,244749380.0,102717000000.0,161.0920922,641097551.4,0.3817662061967439,Asia
India,IND,1977,258961730.0,121487000000.0,186.2135042,655030259.8,0.3953431557178269,Asia
India,IND,1978,263149570.0,137300000000.0,205.6933833,668962968.2,0.39336941282125815,Asia
India,IND,1979,276284740.0,152992000000.0,224.0010188,682895676.6,0.40457825326346486,Asia
India,IND,1980,291711100.0,186325000000.0,266.5778508,696828385.0,0.4186268904645726,Asia
India,IND,1981,314966180.0,193491000000.0,270.4706009,714190763.0,0.4410112764227952,Asia
India,IND,1982,325380000.0,200715000000.0,274.1113337,731553141.0,0.44477971833354485,Asia
India,IND,1983,352198850.0,218262000000.0,291.2381101,748915519.0,0.4702784774313109,Asia
India,IND,1984,361559460.0,212158000000.0,276.6679583,766277897.0,0.4718385606782026,Asia
India,IND,1985,397592100.0,232512000000.0,296.43515,783640275.0,0.5073655766352744,Asia
India,IND,1986,426309380.0,248986000000.0,310.4659328,801002653.0,0.5322196854196936,Asia
India,IND,1987,455343040.0,279034000000.0,340.4168345,818365031.0,0.5564057880669635,Asia
India,IND,1988,491692160.0,296589000000.0,354.1492482,835727409.0,0.5883403544085509,Asia
India,IND,1989,540651100.0,296042000000.0,346.1128885,853089787.0,0.6337563855983661,Asia
India,IND,1990,577996000.0,320979000000.0,367.5566089,870452165.0,0.6640181083356832,Asia
India,IND,1991,615365000.0,270105000000.0,303.0556077,889370316.0,0.6919108822606578,Asia
India,IND,1992,655447040.0,288208000000.0,316.9539272,908288467.0,0.7216287157811065,Asia
India,IND,1993,677299260.0,279296000000.0,301.1590023,927206618.0,0.7304728491487105,Asia
India,IND,1994,714063740.0,327276000000.0,346.1029514,946124769.0,0.7547247079840481,Asia
India,IND,1995,760461630.0,360282000000.0,373.7664808,965042920.0,0.7880080919095287,Asia
India,IND,1996,823620700.0,392897000000.0,399.9500747,983961071.0,0.8370460217119707,Asia
India,IND,1997,858011200.0,415868000000.0,415.4937978,1002879222.0,0.8555478876996816,Asia
India,IND,1998,875772350.0,421351000000.0,413.2989322,1021797373.0,0.8570900387311917,Asia
India,IND,1999,950459800.0,458820000000.0,441.9987604,1040715524.0,0.9132753169155186,Asia
India,IND,2000,977526400.0,468395000000.0,443.3141938,1059633675.0,0.922513528083184,Asia
India,IND,2001,990969540.0,485441000000.0,451.5729973,1077731669.5,0.9194956110547886,Asia
India,IND,2002,1021664400.0,514938000000.0,470.9867868,1095829664.0,0.9323204450139798,Asia
India,IND,2003,1059159550.0,607699000000.0,546.7266135,1113927658.5,0.9508333345688265,Asia
India,IND,2004,1125096300.0,709149000000.0,627.7742417,1132025653.0,0.9938788021440712,Asia
India,IND,2005,1185674200.0,820382000000.0,714.8610154,1150123647.5,1.030910200461729,Asia
India,IND,2006,1292484600.0,940260000000.0,806.7532806,1168221642.0,1.1063693339795189,Asia
India,IND,2007,1392506000.0,1216740000000.0,1028.334772,1186319636.5,1.1738033807720758,Asia
India,IND,2008,1489437400.0,1198900000000.0,998.5223415,1204417631.0,1.2366452978302507,Asia
India,IND,2009,1612216300.0,1341890000000.0,1101.960838,1222515625.5,1.3187694834907449,Asia
India,IND,2010,1677337200.0,1675620000000.0,1357.563727,1240613620.0,1.3520222355772622,Asia
India,IND,2011,1764712400.0,1823050000000.0,1458.104066,1257064197.0,1.4038363388373554,Asia
India,IND,2012,1925699700.0,1827640000000.0,1443.882435,1273514774.0,1.5121141421481459,Asia
India,IND,2013,1995098100.0,1856720000000.0,1449.610451,1289965351.0,1.5466292163997821,Asia
India,IND,2014,2148343800.0,2039130000000.0,1573.885642,1306415928.0,1.6444562209899818,Asia
India,IND,2015,2234219500.0,2103590000000.0,1605.605445,1322866505.0,1.6889228743455107,Asia
India,IND,2016,2354658000.0,2294800000000.0,1732.554242,1337570629.4,1.7603990011774102,Asia
India,IND,2017,2426606800.0,2651470000000.0,1980.66702,1352274753.8,1.7944628435760124,Asia
India,IND,2018,2593057800.0,2702930000000.0,1998.259076,1366978878.2,1.89692601791658,Asia
India,IND,2019,2612888000.0,2831550000000.0,2072.244897,1381683002.6,1.8910907893367466,Asia
India,IND,2020,2421552000.0,2667690000000.0,1933.101069,1396387127.0,1.7341552017902555,Asia
Indonesia,IDN,1970,35791384.0,9150684932.0,79.7145354,115228394.0,0.310612538781023,Asia
Indonesia,IDN,1971,38955264.0,9333536360.0,79.17818799,118523264.2,0.3286718794233141,Asia
Indonesia,IDN,1972,43306284.0,10997590361.0,90.87617148,121818134.4,0.3554994846481576,Asia
Indonesia,IDN,1973,49098096.0,16273253012.0,131.0249053,125113004.6,0.3924299968414315,Asia
Indonesia,IDN,1974,51226504.0,25802409639.0,202.4954054,128407874.8,0.3989358447041287,Asia
Indonesia,IDN,1975,53932536.0,30463855422.0,233.1166609,131702745.0,0.4095019887398702,Asia
Indonesia,IDN,1976,61788250.0,37269156627.0,278.1966702,134997615.2,0.45769882607526247,Asia
Indonesia,IDN,1977,82416410.0,45808915663.0,333.6943767,138292485.4,0.5959572551004279,Asia
Indonesia,IDN,1978,93938110.0,51455719100.0,365.915842,141587355.6,0.663463976722509,Asia
Indonesia,IDN,1979,95137000.0,51400186379.0,356.9213392,144882225.8,0.6566505965426712,Asia
Indonesia,IDN,1980,94872870.0,72482337371.0,491.5795329,148177096.0,0.6402667656545247,Asia
Indonesia,IDN,1981,100297050.0,85518233450.0,566.5777185,151575373.8,0.6616975270160936,Asia
Indonesia,IDN,1982,105583976.0,90158449307.0,583.6698355,154973651.6,0.6813027563712644,Asia
Indonesia,IDN,1983,105183850.0,81052283404.0,512.9591111,158371929.4,0.6641571546074755,Asia
Indonesia,IDN,1984,112460230.0,84853699995.0,525.3339435,161770207.2,0.6951850525910682,Asia
Indonesia,IDN,1985,121597384.0,85289491747.0,516.9609902,165168485.0,0.7362020908528646,Asia
Indonesia,IDN,1986,122166080.0,79954072569.0,474.8591605,168566762.8,0.724734093309645,Asia
Indonesia,IDN,1987,123878480.0,75929617576.0,442.2154853,171965040.6,0.7203701378360271,Asia
Indonesia,IDN,1988,132721210.0,84300174476.0,481.781485,175363318.4,0.7568356439130887,Asia
Indonesia,IDN,1989,131673520.0,94451427898.0,530.0032545,178761596.2,0.7365872916724381,Asia
Indonesia,IDN,1990,155080830.0,106141000000.0,585.0765628,182159874.0,0.8513446270829107,Asia
Indonesia,IDN,1991,174865010.0,116622000000.0,631.7828578,185351128.7,0.9434256550065455,Asia
Indonesia,IDN,1992,199418670.0,128027000000.0,681.9383856,188542383.4,1.0576861626752938,Asia
Indonesia,IDN,1993,215108740.0,158007000000.0,827.9052662,191733638.1,1.1219144545090651,Asia
Indonesia,IDN,1994,219371660.0,176892000000.0,912.2032939,194924892.8,1.1254163429248785,Asia
Indonesia,IDN,1995,222410480.0,202132000000.0,1026.393436,198116147.5,1.122626715724926,Asia
Indonesia,IDN,1996,253065010.0,227370000000.0,1137.410101,201307402.2,1.2571073255844738,Asia
Indonesia,IDN,1997,279941500.0,215749000000.0,1063.712376,204498656.9,1.3689160811305063,Asia
Indonesia,IDN,1998,244522960.0,95445547873.0,463.9481582,207689911.6,1.1773463531100083,Asia
Indonesia,IDN,1999,292000930.0,140001000000.0,671.0986097,210881166.3,1.38467050008913,Asia
Indonesia,IDN,2000,281330370.0,165021000000.0,780.1902047,214072421.0,1.3141831567364766,Asia
Indonesia,IDN,2001,317027200.0,160447000000.0,748.2576087,217066796.2,1.4605052709576962,Asia
Indonesia,IDN,2002,308485920.0,195661000000.0,900.1775881,220061171.4,1.4018189489652058,Asia
Indonesia,IDN,2003,339357470.0,234772000000.0,1065.64852,223055546.6,1.5214034135118881,Asia
Indonesia,IDN,2004,343021500.0,256837000000.0,1150.261367,226049921.8,1.517459051826135,Asia
Indonesia,IDN,2005,347617020.0,285869000000.0,1263.287332,229044297.0,1.5176846773879726,Asia
Indonesia,IDN,2006,346633440.0,364571000000.0,1589.801489,232038672.2,1.493860642769184,Asia
Indonesia,IDN,2007,387858050.0,432217000000.0,1860.002811,235033047.4,1.6502277202742,Asia
Indonesia,IDN,2008,365718300.0,510229000000.0,2166.854231,238027422.6,1.536454480770402,Asia
Indonesia,IDN,2009,398942050.0,539580000000.0,2261.247309,241021797.8,1.6552114939041418,Asia
Indonesia,IDN,2010,445806080.0,755094000000.0,3122.362673,244016173.0,1.82695300282412,Asia
Indonesia,IDN,2011,500724540.0,892969000000.0,3643.047176,247031332.4,2.026967733749713,Asia
Indonesia,IDN,2012,515954180.0,917870000000.0,3694.35934,250046491.8,2.063432989144621,Asia
Indonesia,IDN,2013,489055100.0,912524000000.0,3623.927241,253061651.2,1.9325531848896749,Asia
Indonesia,IDN,2014,487889950.0,890815000000.0,3491.637491,256076810.6,1.905248463759178,Asia
Indonesia,IDN,2015,539149250.0,860854000000.0,3331.695115,259091970.0,2.0809184090112867,Asia
Indonesia,IDN,2016,540085600.0,931877000000.0,3562.816334,261645170.0,2.0641909804794025,Asia
Indonesia,IDN,2017,556944200.0,1015620000000.0,3837.578024,264198370.0,2.10805312689855,Asia
Indonesia,IDN,2018,594101400.0,1042270000000.0,3893.859578,266751570.0,2.227171146546579,Asia
Indonesia,IDN,2019,650905900.0,1119100000000.0,4135.233344,269304770.0,2.4169861529002996,Asia
Indonesia,IDN,2020,605984600.0,1058690000000.0,3870.55762,271857970.0,2.229048499111503,Asia
Iran,IRN,1970,91787460.0,10976245154.0,384.9440425,28449705.0,3.2263062130169717,Asia
Iran,IRN,1971,101627830.0,13731801564.0,468.9569401,29456800.9,3.4500633773846094,Asia
Iran,IRN,1972,106015190.0,17153463263.0,570.3506238,30463896.8,3.4800272170039652,Asia
Iran,IRN,1973,129475310.0,27081698250.0,876.2681268,31470992.7,4.114115853739816,Asia
Iran,IRN,1974,143775410.0,46209092072.0,1453.734123,32478088.6,4.426843333385081,Asia
Iran,IRN,1975,139213970.0,51776222350.0,1581.930432,33485184.5,4.157479556369176,Asia
Iran,IRN,1976,156459100.0,68055295081.0,2017.411084,34492280.4,4.536061350121693,Asia
Iran,IRN,1977,163731950.0,80600122702.0,2315.893105,35499376.3,4.612248638295091,Asia
Iran,IRN,1978,162103940.0,77994316621.0,2168.869791,36506472.2,4.440416458536905,Asia
Iran,IRN,1979,162982480.0,90391877326.0,2427.465299,37513568.1,4.344627510919175,Asia
Iran,IRN,1980,120493920.0,94362275580.0,2441.440618,38520664.0,3.1280333070063384,Asia
Iran,IRN,1981,112995830.0,100499000000.0,2499.988439,40247960.5,2.807492071554781,Asia
Iran,IRN,1982,137770980.0,125949000000.0,3008.145921,41975257.0,3.282195032182888,Asia
Iran,IRN,1983,149584900.0,156365000000.0,3583.329219,43702553.5,3.4227954208671125,Asia
Iran,IRN,1984,149863600.0,162277000000.0,3568.655486,45429850.0,3.2987914333857584,Asia
Iran,IRN,1985,159856660.0,180184000000.0,3805.581767,47157146.5,3.389871352796972,Asia
Iran,IRN,1986,147603410.0,209095000000.0,4244.690326,48884443.0,3.0194352424144424,Asia
Iran,IRN,1987,158562620.0,134010000000.0,2617.70064,50611739.5,3.132921760177794,Asia
Iran,IRN,1988,175142720.0,123058000000.0,2318.464457,52339036.0,3.346311536956852,Asia
Iran,IRN,1989,190197810.0,120496000000.0,2197.956148,54066332.5,3.5178603986131294,Asia
Iran,IRN,1990,209943740.0,124813000000.0,2214.327688,55793629.0,3.7628622436443417,Asia
Iran,IRN,1993,235606900.0,63743623232.0,1067.307587,58718855.2,4.012457313711389,Asia
Iran,IRN,1994,263327400.0,71841461173.0,1185.686421,59693930.6,4.411292695140434,Asia
Iran,IRN,1995,269270080.0,96419225744.0,1569.255447,60669006.0,4.438346657599763,Asia
Iran,IRN,1996,274926140.0,120404000000.0,1932.805016,61644081.4,4.459895155482031,Asia
Iran,IRN,1997,267357090.0,113919000000.0,1804.336763,62619156.8,4.269573460625072,Asia
Iran,IRN,1998,303514200.0,110277000000.0,1723.835367,63594232.2,4.7726686760753125,Asia
Iran,IRN,1999,371973920.0,113848000000.0,1756.896803,64569307.6,5.76084727908713,Asia
Iran,IRN,2000,364302370.0,109592000000.0,1670.009674,65544383.0,5.558102057349445,Asia
Iran,IRN,2001,386158180.0,126879000000.0,1909.412306,66527330.2,5.804504386980495,Asia
Iran,IRN,2002,393409700.0,128627000000.0,1911.678649,67510277.4,5.827404584179652,Asia
Iran,IRN,2003,407076740.0,153545000000.0,2253.935835,68493224.6,5.943313990213275,Asia
Iran,IRN,2004,437678900.0,190043000000.0,2756.198822,69476171.8,6.299697992283449,Asia
Iran,IRN,2005,462002780.0,226452000000.0,3246.051122,70459119.0,6.557033164152961,Asia
Iran,IRN,2006,496070460.0,266299000000.0,3774.358055,71442066.2,6.943674593778756,Asia
Iran,IRN,2007,502565400.0,349882000000.0,4904.666183,72425013.4,6.939113662628607,Asia
Iran,IRN,2008,522557120.0,412336000000.0,5717.314148,73407960.6,7.118534771009563,Asia
Iran,IRN,2009,536605220.0,416397000000.0,5709.948293,74390907.8,7.213317270474283,Asia
Iran,IRN,2010,552953100.0,486808000000.0,6599.660938,75373855.0,7.3361393018839225,Asia
Iran,IRN,2011,566288830.0,626133000000.0,8389.273913,76657252.2,7.387283182581908,Asia
Iran,IRN,2012,588364800.0,644036000000.0,8525.768136,77940649.4,7.548882444903005,Asia
Iran,IRN,2013,597952300.0,492776000000.0,6443.029785,79224046.6,7.5476111819817095,Asia
Iran,IRN,2014,632673300.0,460383000000.0,5943.048107,80507443.8,7.8585689737176825,Asia
Iran,IRN,2015,631581200.0,408213000000.0,5200.680787,81790841.0,7.721906172843974,Asia
Iran,IRN,2016,633826900.0,457955000000.0,5755.802448,82890711.4,7.646537100416295,Asia
Iran,IRN,2017,685401300.0,486630000000.0,6032.065127,83990581.8,8.160454247502308,Asia
Iran,IRN,2018,710214800.0,330992000000.0,4046.341864,85090452.2,8.346586269522728,Asia
Iran,IRN,2019,694666500.0,291363000000.0,3514.042168,86190322.6,8.059680936848007,Asia
Iran,IRN,2020,679007200.0,231548000000.0,2756.749977,87290193.0,7.778734089865055,Asia
Iraq,IRQ,1970,23883784.0,3281713806.0,330.8853685,9811347.0,2.4343022420876563,Asia
Iraq,IRQ,1971,28831858.0,3865346535.0,376.8917646,10195549.2,2.827886701777674,Asia
Iraq,IRQ,1972,29520482.0,4113848002.0,388.1112804,10579751.4,2.7902812536786072,Asia
Iraq,IRQ,1973,30612708.0,5134367778.0,468.8540124,10963953.6,2.792123089612492,Asia
Iraq,IRQ,1974,30909492.0,11516762614.0,1018.095783,11348155.8,2.7237458266126375,Asia
Iraq,IRQ,1975,33120258.0,13458516763.0,1151.818714,11732358.0,2.8229839219021446,Asia
Iraq,IRQ,1976,48735490.0,17754825601.0,1471.149534,12116560.2,4.022221587278541,Asia
Iraq,IRQ,1977,43629544.0,19838130715.0,1591.882266,12500762.4,3.4901506487316323,Asia
Iraq,IRQ,1978,42193084.0,23762275652.0,1847.668968,12884964.6,3.274598364049832,Asia
Iraq,IRQ,1979,52823090.0,37816457839.0,2852.111974,13269166.8,3.9808897420748375,Asia
Iraq,IRQ,1980,45358190.0,52569000000.0,3850.264419,13653369.0,3.3221243782395393,Asia
Iraq,IRQ,1981,31901494.0,37823000000.0,2693.156529,14053870.2,2.269943691382606,Asia
Iraq,IRQ,1982,30374436.0,42382333333.0,2936.59679,14454371.4,2.101401379516234,Asia
Iraq,IRQ,1983,38465140.0,40712903226.0,2747.965495,14854872.6,2.589395482260817,Asia
Iraq,IRQ,1984,39771004.0,46938387097.0,3090.004177,15255373.8,2.607016027362109,Asia
Iraq,IRQ,1985,44196436.0,48425161290.0,3112.995764,15655875.0,2.8229936685110224,Asia
Iraq,IRQ,1986,47229550.0,47264516129.0,2970.786753,16056376.2,2.9414825245561946,Asia
Iraq,IRQ,1987,52183788.0,56774193548.0,3492.276687,16456877.4,3.170941043772982,Asia
Iraq,IRQ,1988,67127420.0,62684516129.0,3773.375417,16857378.6,3.982079396377797,Asia
Iraq,IRQ,1989,72241820.0,65831935484.0,3873.619309,17257879.8,4.1860194205316,Asia
Iraq,IRQ,1990,49057050.0,180408000000.0,10356.90305,17658381.0,2.7781170878576016,Asia
Iraq,IRQ,1991,45185440.0,407796349.7,22.79534531,18355428.7,2.461693526122874,Asia
Iraq,IRQ,1992,58889384.0,553671957.7,30.08638701,19052476.4,3.090904445366483,Asia
Iraq,IRQ,1993,63129812.0,1031944881.0,54.44157978,19749524.1,3.196523201285645,Asia
Iraq,IRQ,1994,76436660.0,3991349283.0,204.2723883,20446571.8,3.7383606771674063,Asia
Iraq,IRQ,1995,79695130.0,12894029888.0,639.9231244,21143619.5,3.769228348060274,Asia
Iraq,IRQ,1996,74709900.0,10433698621.0,502.028676,21840667.2,3.4206784671852883,Asia
Iraq,IRQ,1997,76173950.0,20764857056.0,968.5291421,22537714.9,3.379843535069299,Asia
Iraq,IRQ,1998,80837240.0,20617405044.0,932.3097306,23234762.6,3.479150675720698,Asia
Iraq,IRQ,1999,82042850.0,36881601584.0,1617.467894,23931810.3,3.428192392115025,Asia
Iraq,IRQ,2000,83265550.0,48364250944.0,2058.264401,24628858.0,3.380812459919985,Asia
Iraq,IRQ,2001,96332264.0,36176430129.0,1494.388802,25292459.7,3.808734505960288,Asia
Iraq,IRQ,2002,96539910.0,32928454672.0,1320.734706,25956061.4,3.7193589779380014,Asia
Iraq,IRQ,2003,101266860.0,21921569479.0,854.8252808,26619663.1,3.804212683668412,Asia
Iraq,IRQ,2004,112803060.0,36627901762.0,1391.963489,27283264.8,4.134514722739486,Asia
Iraq,IRQ,2005,114019704.0,49954890353.0,1855.522348,27946866.5,4.0798743572915415,Asia
Iraq,IRQ,2006,98564010.0,65140147197.0,2373.209448,28610468.2,3.445033101555465,Asia
Iraq,IRQ,2007,61086176.0,88837055195.0,3182.841351,29274069.9,2.0866991234450802,Asia
Iraq,IRQ,2008,93938200.0,131614000000.0,4636.639325,29937671.6,3.1377924527704417,Asia
Iraq,IRQ,2009,104815390.0,111658000000.0,3853.82862,30601273.3,3.4251970162300402,Asia
Iraq,IRQ,2010,113536270.0,138517000000.0,4657.280269,31264875.0,3.6314320783307146,Asia
Iraq,IRQ,2011,122937330.0,185750000000.0,6045.494567,32563462.6,3.7753150366754915,Asia
Iraq,IRQ,2012,133421110.0,218002000000.0,6836.073995,33862050.2,3.940136796560534,Asia
Iraq,IRQ,2013,141052560.0,234638000000.0,7076.552265,35160637.8,4.011661017138888,Asia
Iraq,IRQ,2014,137021060.0,228416000000.0,6637.684375,36459225.4,3.758199975362066,Asia
Iraq,IRQ,2015,141986560.0,166774000000.0,4688.318017,37757813.0,3.7604550877986496,Asia
Iraq,IRQ,2016,158892590.0,166602000000.0,4550.658638,38717647.2,4.1038803101651276,Asia
Iraq,IRQ,2017,176963090.0,187218000000.0,4985.452879,39677481.4,4.460038383383881,Asia
Iraq,IRQ,2018,183753490.0,227367000000.0,5915.850854,40637315.6,4.5217920349049825,Asia
Iraq,IRQ,2019,189606500.0,233636000000.0,5943.458455,41597149.8,4.558160857453748,Asia
Iraq,IRQ,2020,159840260.0,184370000000.0,4583.747494,42556984.0,3.7559113681552247,Asia
Ireland,IRL,1970,19393740.0,4395995086.0,1486.514527,2937637.0,6.601816357841353,Europe
Ireland,IRL,1971,22476182.0,5098250287.0,1703.932183,2983012.0,7.534727315880727,Europe
Ireland,IRL,1972,22036418.0,6318060582.0,2080.465147,3028387.0,7.276618873347429,Europe
Ireland,IRL,1973,22846356.0,7481173066.0,2424.269047,3073762.0,7.432701686077191,Europe
Ireland,IRL,1974,23293276.0,7896860615.0,2516.927686,3119137.0,7.467859218751854,Europe
Ireland,IRL,1975,22047718.0,9483808362.0,2973.400123,3164512.0,6.967177877663286,Europe
Ireland,IRL,1976,22293362.0,9453756015.0,2919.583087,3209887.0,6.945217074619761,Europe
Ireland,IRL,1977,23568720.0,11248340431.0,3427.073436,3255262.0,7.240191419308185,Europe
Ireland,IRL,1978,23579640.0,14647996074.0,4399.986805,3300637.0,7.143966452536283,Europe
Ireland,IRL,1979,27402738.0,18319334300.0,5429.962001,3346012.0,8.189671166750149,Europe
Ireland,IRL,1980,26271548.0,21747855640.0,6372.437775,3391387.0,7.746549715499882,Europe
Ireland,IRL,1981,26061508.0,20670190138.0,5986.154109,3400785.7,7.6633784951518695,Europe
Ireland,IRL,1982,25566268.0,21474752962.0,6160.638293,3410184.4,7.497033884736556,Europe
Ireland,IRL,1983,25728682.0,20766047764.0,5915.241772,3419583.1,7.523923603435752,Europe
Ireland,IRL,1984,25549450.0,20106648455.0,5692.027386,3428981.8,7.4510310903370796,Europe
Ireland,IRL,1985,26749804.0,21270013326.0,6011.735546,3438380.5,7.779768411320387,Europe
Ireland,IRL,1986,28550302.0,28714571852.0,8112.171363,3447779.2,8.280780277344906,Europe
Ireland,IRL,1987,30226336.0,33920518493.0,9581.913086,3457177.9,8.743066418421801,Europe
Ireland,IRL,1988,29883636.0,37772896221.0,10715.87028,3466576.6,8.62050358269885,Europe
Ireland,IRL,1989,30061098.0,39238392678.0,11175.8166,3475975.3,8.648248449866719,Europe
Ireland,IRL,1990,32944420.0,49305632408.0,14031.30257,3485374.0,9.452190783542886,Europe
Ireland,IRL,1991,33674308.0,49787501584.0,14087.20744,3513731.6,9.58363125971261,Europe
Ireland,IRL,1992,33495316.0,55918538121.0,15714.38475,3542089.2,9.456372809583677,Europe
Ireland,IRL,1993,33716364.0,52417477614.0,14657.06155,3570446.8,9.443177811807756,Europe
Ireland,IRL,1994,34838450.0,57097656066.0,15902.92968,3598804.4,9.680562244505426,Europe
Ireland,IRL,1995,35852984.0,69139823232.0,19158.45648,3627162.0,9.884583043161568,Europe
Ireland,IRL,1996,37469268.0,75790786290.0,20835.89771,3655519.6,10.250052550668856,Europe
Ireland,IRL,1997,38804984.0,82856648758.0,22551.11391,3683877.2,10.533734403524633,Europe
Ireland,IRL,1998,40708970.0,90199410116.0,24294.85477,3712234.8,10.96616248519625,Europe
Ireland,IRL,1999,42440180.0,98893958263.0,26338.10775,3740592.4,11.345844577987165,Europe
Ireland,IRL,2000,45249110.0,100208000000.0,26334.56721,3768950.0,12.005760224996353,Europe
Ireland,IRL,2001,47607620.0,109347000000.0,28282.40988,3844513.5,12.383262537639679,Europe
Ireland,IRL,2002,46081584.0,128596000000.0,32705.43456,3920077.0,11.755275215257251,Europe
Ireland,IRL,2003,45684108.0,164671000000.0,41203.52958,3995640.5,11.433488072813358,Europe
Ireland,IRL,2004,46166788.0,194372000000.0,47754.20232,4071204.0,11.339836569231117,Europe
Ireland,IRL,2005,48156200.0,211877000000.0,50933.02161,4146767.5,11.612949122418849,Europe
Ireland,IRL,2006,47604450.0,232181000000.0,54329.16186,4222331.0,11.274447692518658,Europe
Ireland,IRL,2007,47664090.0,270079000000.0,61396.41746,4297894.5,11.09010237454642,Europe
Ireland,IRL,2008,47362828.0,275447000000.0,61353.10656,4373458.0,10.829606229212674,Europe
Ireland,IRL,2009,42179092.0,236443000000.0,52133.09062,4449021.5,9.480532292325403,Europe
Ireland,IRL,2010,41793224.0,221876000000.0,48655.36616,4524585.0,9.236918745034075,Europe
Ireland,IRL,2011,38056364.0,238976000000.0,52177.11268,4552820.0,8.35885539072487,Europe
Ireland,IRL,2012,38227200.0,225497000000.0,49026.02307,4581055.0,8.344628038737802,Europe
Ireland,IRL,2013,37281868.0,238279000000.0,51533.03457,4609290.0,8.088418823723394,Europe
Ireland,IRL,2014,36853212.0,258970000000.0,55599.8508,4637525.0,7.9467414191837245,Europe
Ireland,IRL,2015,38718548.0,291580000000.0,62012.48493,4665760.0,8.298443983402489,Europe
Ireland,IRL,2016,40369680.0,298928000000.0,62861.63912,4721831.8,8.549580270944848,Europe
Ireland,IRL,2017,39078276.0,335431000000.0,69774.02897,4777903.6,8.178958654586502,Europe
Ireland,IRL,2018,39012556.0,385042000000.0,79107.60499,4833975.4,8.070491215160093,Europe
Ireland,IRL,2019,37325750.0,399122000000.0,80886.61574,4890047.2,7.633004033171704,Europe
Ireland,IRL,2020,35123776.0,425889000000.0,85422.54287,4946119.0,7.101280013683455,Europe
Israel,ISR,1995,49865530.0,100606000000.0,18143.4991,5460106.0,9.132703650808244,Asia
Israel,ISR,1996,51935750.0,110181000000.0,19357.10935,5591476.4,9.288378647185205,Asia
Israel,ISR,1997,54865704.0,114753000000.0,19663.03842,5722846.8,9.587134850438423,Asia
Israel,ISR,1998,56009770.0,115999000000.0,19427.07799,5854217.2,9.56742260946519,Asia
Israel,ISR,1999,54756052.0,117166000000.0,19129.19479,5985587.6,9.14798273105217,Asia
Israel,ISR,2000,59519380.0,132456000000.0,21061.48228,6116958.0,9.730225383270573,Asia
Israel,ISR,2001,63023570.0,130816000000.0,20316.24805,6238106.7,10.102996474875942,Asia
Israel,ISR,2002,59301356.0,121148000000.0,18439.64616,6359255.4,9.325204331312122,Asia
Israel,ISR,2003,62414676.0,127047000000.0,18991.37985,6480404.1,9.631293826260002,Asia
Israel,ISR,2004,58679230.0,135571000000.0,19910.61067,6601552.8,8.88870115527971,Asia
Israel,ISR,2005,56524140.0,142657000000.0,20585.13861,6722701.5,8.407950286056877,Asia
Israel,ISR,2006,62148964.0,154145000000.0,21853.14024,6843850.2,9.080994204110429,Asia
Israel,ISR,2007,62799908.0,179162000000.0,24952.54759,6964998.9,9.0164993421607,Asia
Israel,ISR,2008,67980180.0,216712000000.0,29650.77025,7086147.6,9.593390349362748,Asia
Israel,ISR,2009,63860948.0,207953000000.0,27780.46372,7207296.3,8.860597003622566,Asia
Israel,ISR,2010,68286904.0,234655000000.0,30780.02382,7328445.0,9.31806188079463,Asia
Israel,ISR,2011,68594740.0,262294000000.0,33775.512,7464311.6,9.18969406368298,Asia
Israel,ISR,2012,74784850.0,258417000000.0,32667.60687,7600178.2,9.839881122787357,Asia
Israel,ISR,2013,63095308.0,294167000000.0,36499.45611,7736044.8,8.156016366399532,Asia
Israel,ISR,2014,60282336.0,310945000000.0,37847.64994,7871911.4,7.657903263494556,Asia
Israel,ISR,2015,62939140.0,300078000000.0,35808.43643,8007778.0,7.859750857229059,Asia
Israel,ISR,2016,61160656.0,319024000000.0,37330.2618,8157720.2,7.49727307391592,Asia
Israel,ISR,2017,58841624.0,355277000000.0,40774.12961,8307662.4,7.082813572202934,Asia
Israel,ISR,2018,59985780.0,373641000000.0,42063.45313,8457604.6,7.092525938136196,Asia
Israel,ISR,2019,58659188.0,397935000000.0,43951.24773,8607546.8,6.81485554048919,Asia
Israel,ISR,2020,55697504.0,407101000000.0,44177.57122,8757489.0,6.359985607746696,Asia
Italy,ITA,1970,296364540.0,113395000000.0,2106.863959,53324036.0,5.557803989180414,Europe
Italy,ITA,1971,311049180.0,124672000000.0,2305.609751,53624580.6,5.800496274650584,Europe
Italy,ITA,1972,328237470.0,145260000000.0,2671.137314,53925125.2,6.086911597935427,Europe
Italy,ITA,1973,353349120.0,175492000000.0,3205.25204,54225669.8,6.51627027021066,Europe
Italy,ITA,1974,358252930.0,199564000000.0,3621.145822,54526214.4,6.5702879604273425,Europe
Italy,ITA,1975,341052450.0,227696000000.0,4106.993868,54826759.0,6.220547342585032,Europe
Italy,ITA,1976,365795460.0,224717000000.0,4033.099354,55127303.6,6.635468018791327,Europe
Italy,ITA,1977,354417630.0,257596000000.0,4603.599701,55427848.2,6.394215931333953,Europe
Italy,ITA,1978,371273820.0,315058000000.0,5610.498099,55728392.8,6.66220217999899,Europe
Italy,ITA,1979,385255520.0,393677000000.0,6990.285807,56028937.4,6.876009752774644,Europe
Italy,ITA,1980,386433020.0,477257000000.0,8456.918974,56329482.0,6.860226763668801,Europe
Italy,ITA,1981,375300130.0,430703000000.0,7622.833328,56372189.9,6.657540369919175,Europe
Italy,ITA,1982,366879040.0,427273000000.0,7556.523437,56414897.8,6.5032297195794975,Europe
Italy,ITA,1983,358409100.0,443042000000.0,7832.575387,56457605.7,6.348287277793645,Europe
Italy,ITA,1984,364601060.0,437888000000.0,7739.715284,56500313.6,6.453080288743743,Europe
Italy,ITA,1985,368982400.0,452217000000.0,7990.686566,56543021.5,6.525693007049508,Europe
Italy,ITA,1986,363187620.0,640386000000.0,11315.01518,56585729.4,6.418360668865037,Europe
Italy,ITA,1987,380098560.0,805713000000.0,14234.72864,56628437.3,6.712149904231951,Europe
Italy,ITA,1988,385962240.0,891609000000.0,15744.66126,56671145.2,6.810560094345861,Europe
Italy,ITA,1989,404741950.0,928661000000.0,16386.66221,56713853.1,7.136562371918969,Europe
Italy,ITA,1990,438904300.0,1181220000000.0,20825.78422,56756561.0,7.733102433743299,Europe
Italy,ITA,1991,438385660.0,1246220000000.0,21956.52977,56777544.6,7.721109869904448,Europe
Italy,ITA,1992,438770980.0,1320160000000.0,23243.47453,56798528.2,7.7250413682374255,Europe
Italy,ITA,1993,431176400.0,1064960000000.0,18738.7639,56819511.8,7.588527010188074,Europe
Italy,ITA,1994,425428220.0,1099220000000.0,19337.6309,56840495.4,7.484597328122513,Europe
Italy,ITA,1995,449430200.0,1174660000000.0,20664.55227,56861479.0,7.903948470985076,Europe
Italy,ITA,1996,443656700.0,1312430000000.0,23081.60468,56882462.6,7.799533981498191,Europe
Italy,ITA,1997,449430940.0,1241880000000.0,21829.34582,56903446.2,7.898132187290969,Europe
Italy,ITA,1998,461646720.0,1270050000000.0,22318.1373,56924429.8,8.109817201893167,Europe
Italy,ITA,1999,466393440.0,1252450000000.0,22005.05454,56945413.4,8.190184461809526,Europe
Italy,ITA,2000,470524100.0,1146680000000.0,20137.59122,56966397.0,8.25967806951175,Europe
Italy,ITA,2001,470577400.0,1168020000000.0,20500.9544,57252002.3,8.219405105417597,Europe
Italy,ITA,2002,478002000.0,1276770000000.0,22376.2979,57537607.6,8.307644685595164,Europe
Italy,ITA,2003,496005820.0,1577620000000.0,27526.32246,57823212.9,8.577970595611784,Europe
Italy,ITA,2004,501631580.0,1806540000000.0,31317.20079,58108818.2,8.632624024007427,Europe
Italy,ITA,2005,502346600.0,1858220000000.0,32055.09208,58394423.5,8.602646792120485,Europe
Italy,ITA,2006,496934400.0,1949550000000.0,33529.7266,58680028.8,8.46854390091915,Europe
Italy,ITA,2007,490653340.0,2213100000000.0,37870.74751,58965634.1,8.321005064880664,Europe
Italy,ITA,2008,479077150.0,2408660000000.0,40944.91242,59251239.4,8.085521161267051,Europe
Italy,ITA,2009,424952670.0,2199930000000.0,37226.75719,59536844.7,7.137641776975124,Europe
Italy,ITA,2010,436534300.0,2136100000000.0,36035.645,59822450.0,7.2971651946719,Europe
Italy,ITA,2011,424739260.0,2294990000000.0,38649.63948,59904541.2,7.0902681414743896,Europe
Italy,ITA,2012,404260600.0,2086960000000.0,35051.52127,59986632.4,6.739178110621859,Europe
Italy,ITA,2013,370253540.0,2141920000000.0,35560.08141,60068723.6,6.163832320885207,Europe
Italy,ITA,2014,350126700.0,2162010000000.0,35565.72138,60150814.8,5.82081391855061,Europe
Italy,ITA,2015,361935900.0,1836640000000.0,30242.38614,60232906.0,6.008939698177604,Europe
Italy,ITA,2016,358814000.0,1877070000000.0,30960.73151,60086440.6,5.971630145121294,Europe
Italy,ITA,2017,353418600.0,1961800000000.0,32406.72032,59939975.2,5.896208645745318,Europe
Italy,ITA,2018,349826900.0,2091930000000.0,34622.16967,59793509.8,5.850583134693324,Europe
Italy,ITA,2019,340402530.0,2011290000000.0,33673.47545,59647044.4,5.706947149253887,Europe
Italy,ITA,2020,303281280.0,1892570000000.0,31834.97262,59500579.0,5.097114769252918,Europe
Jamaica,JAM,1970,4988584.0,1404776071.0,748.9594581,1859091.0,2.683345785655463,North America
Jamaica,JAM,1971,5747217.0,1539865514.0,808.6335546,1886736.5,3.0461153425504834,North America
Jamaica,JAM,1972,6282311.0,1875048860.0,968.9729309,1914382.0,3.2816391921779458,North America
Jamaica,JAM,1973,8290351.0,1905917553.0,968.9572294,1942027.5,4.268915347491217,North America
Jamaica,JAM,1974,7594310.0,2375096249.0,1188.550667,1969673.0,3.855619689156525,North America
Jamaica,JAM,1975,8180667.0,2860411286.0,1410.446,1997318.5,4.095824977338366,North America
Jamaica,JAM,1976,7275862.0,2966010230.0,1443.053458,2024964.0,3.5930821486209137,North America
Jamaica,JAM,1977,7440922.0,3249697393.0,1561.735828,2052609.5,3.6251035572036474,North America
Jamaica,JAM,1978,9111866.0,2644449232.0,1255.731737,2080255.0,4.38016781596487,North America
Jamaica,JAM,1979,8529469.0,2425033998.0,1137.027471,2107900.5,4.046428662073946,North America
Jamaica,JAM,1980,8445355.0,2679409453.0,1238.839069,2135546.0,3.9546584339555317,North America
Jamaica,JAM,1981,7408473.0,2979061412.0,1356.016631,2161194.4,3.427953080019086,North America
Jamaica,JAM,1982,6214029.0,3293533288.0,1474.235401,2186842.8,2.841552671275686,North America
Jamaica,JAM,1983,6444906.0,3619294121.0,1593.184998,2212491.2,2.9129634504308988,North America
Jamaica,JAM,1984,5140603.0,2373566957.0,1029.136715,2238139.6,2.2968196443153053,North America
Jamaica,JAM,1985,5041745.0,2100223150.0,899.2567575,2263788.0,2.2271277169063532,North America
Jamaica,JAM,1986,4547176.0,2754566176.0,1168.097303,2289436.4,1.9861551952262138,North America
Jamaica,JAM,1987,5379035.0,3286987552.0,1383.761704,2315084.8,2.3234721250815524,North America
Jamaica,JAM,1988,4525484.0,3828310735.0,1602.195824,2340733.2,1.9333617346906515,North America
Jamaica,JAM,1989,6724091.0,4404970059.0,1832.758909,2366381.6,2.8415074728437713,North America
Jamaica,JAM,1990,7527165.0,4592224067.0,1897.690884,2392030.0,3.1467686442059675,North America
Jamaica,JAM,1991,7750991.0,4106199176.0,1683.331431,2414047.5,3.2107864488996176,North America
Jamaica,JAM,1992,7708731.0,3535460090.0,1436.567481,2436065.0,3.164419258106824,North America
Jamaica,JAM,1993,8000958.5,5440064773.0,2189.528292,2458082.5,3.2549593026271495,North America
Jamaica,JAM,1994,8188610.0,5452564385.0,2173.165848,2480100.0,3.301725736865449,North America
Jamaica,JAM,1995,9173406.0,6577523825.0,2596.010121,2502117.5,3.666257080253026,North America
Jamaica,JAM,1996,9687622.0,7393883555.0,2889.781119,2524135.0,3.8379967790946203,North America
Jamaica,JAM,1997,10068187.0,8400033894.0,3250.895306,2546152.5,3.9542749305078937,North America
Jamaica,JAM,1998,9694035.0,8787195622.0,3368.194716,2568170.0,3.774685865811064,North America
Jamaica,JAM,1999,9958188.0,8887061867.0,3375.674975,2590187.5,3.8445819076804284,North America
Jamaica,JAM,2000,10313990.0,9005064475.0,3392.123878,2612205.0,3.948384602280449,North America
Jamaica,JAM,2001,10576440.0,9194717836.0,3437.655517,2624374.1,4.030080924819369,North America
Jamaica,JAM,2002,10202580.0,9719017926.0,3609.203331,2636543.2,3.8696805726528583,North America
Jamaica,JAM,2003,10667060.0,9430230564.0,3480.511665,2648712.3,4.027262606059556,North America
Jamaica,JAM,2004,10574223.0,10174664854.0,3733.798671,2660881.4,3.9739550210693344,North America
Jamaica,JAM,2005,10416539.0,11243868486.0,4103.601637,2673050.5,3.8968732539845394,North America
Jamaica,JAM,2006,11577210.0,11930171468.0,4331.292053,2685219.6,4.311457431637994,North America
Jamaica,JAM,2007,10749231.0,12799593018.0,4623.747897,2697388.7,3.9850508011692938,North America
Jamaica,JAM,2008,10779635.0,13709402085.0,4928.126409,2709557.8,3.9783742572311986,North America
Jamaica,JAM,2009,7933788.0,12120460873.0,4335.178411,2721726.9,2.91498313074688,North America
Jamaica,JAM,2010,7677295.0,13220556883.0,4704.04776,2733896.0,2.8081883875611946,North America
Jamaica,JAM,2011,8255604.5,14444655300.0,5111.465987,2746005.8,3.0064046113813747,North America
Jamaica,JAM,2012,7912829.0,14807086889.0,5209.859264,2758115.6,2.868925798469071,North America
Jamaica,JAM,2013,8492241.0,14264202737.0,4989.734089,2770225.4,3.065541525971136,North America
Jamaica,JAM,2014,7697454.0,13899228824.0,4834.284009,2782335.2,2.7665444479874313,North America
Jamaica,JAM,2015,7998908.0,14188935948.0,4907.927415,2794445.0,2.862431717210394,North America
Jamaica,JAM,2016,8163432.0,14077109397.0,4843.7499,2799643.2,2.915882995375982,North America
Jamaica,JAM,2017,7797546.0,14808989993.0,5070.099503,2804841.4,2.780030984996157,North America
Jamaica,JAM,2018,8086434.5,15730793853.0,5359.993789,2810039.6,2.877694143527372,North America
Jamaica,JAM,2019,7823415.0,15830768550.0,5369.498371,2815237.8,2.778953522150065,North America
Jamaica,JAM,2020,6462606.0,13812425037.0,4664.530242,2820436.0,2.291349989859724,North America
Japan,JPN,1970,767963140.0,212609000000.0,2056.122046,105416839.0,7.285013924578027,Asia
Japan,JPN,1971,796544260.0,240152000000.0,2272.077802,106637574.7,7.469639686019603,Asia
Japan,JPN,1972,852170240.0,318031000000.0,2967.041996,107858310.4,7.900830606743863,Asia
Japan,JPN,1973,914265200.0,432083000000.0,3974.745605,109079046.1,8.381675790984021,Asia
Japan,JPN,1974,914306240.0,479626000000.0,4353.824355,110299781.8,8.289284213253087,Asia
Japan,JPN,1975,868510700.0,521542000000.0,4674.445481,111520517.5,7.787900553815131,Asia
Japan,JPN,1976,907144500.0,586162000000.0,5197.622337,112741253.2,8.046251698043037,Asia
Japan,JPN,1977,933237700.0,721412000000.0,6335.286871,113961988.9,8.189026086749877,Asia
Japan,JPN,1978,901590100.0,1013610000000.0,8820.691945,115182724.6,7.827476760347445,Asia
Japan,JPN,1979,953071360.0,1055010000000.0,9103.564756,116403460.3,8.187654881939967,Asia
Japan,JPN,1980,944868600.0,1105390000000.0,9463.353855,117624196.0,8.032944174173144,Asia
Japan,JPN,1981,926835500.0,1218990000000.0,10360.17827,118230408.5,7.839231139931314,Asia
Japan,JPN,1982,897407740.0,1134520000000.0,9575.607713,118836621.0,7.551609364591409,Asia
Japan,JPN,1983,880909440.0,1243320000000.0,10421.21244,119442833.5,7.375155245291464,Asia
Japan,JPN,1984,937069900.0,1318380000000.0,10978.91981,120049046.0,7.80572550322474,Asia
Japan,JPN,1985,912400830.0,1398890000000.0,11576.69211,120655258.5,7.562047782608663,Asia
Japan,JPN,1986,912260000.0,2078950000000.0,17113.26232,121261471.0,7.523082084333283,Asia
Japan,JPN,1987,902530300.0,2532810000000.0,20748.99092,121867683.5,7.4058214128604485,Asia
Japan,JPN,1988,985464300.0,3071680000000.0,25059.00743,122473896.0,8.046321152386628,Asia
Japan,JPN,1989,1021681800.0,3054910000000.0,24822.77557,123080108.5,8.30094978344937,Asia
Japan,JPN,1990,1157195500.0,3132820000000.0,25371.46417,123686321.0,9.355889080086714,Asia
Japan,JPN,1991,1168897300.0,3584420000000.0,28915.0082,123998075.0,9.426737471529297,Asia
Japan,JPN,1992,1178674800.0,3908810000000.0,31414.98464,124309829.0,9.481750634537516,Asia
Japan,JPN,1993,1171686700.0,4454140000000.0,35681.96394,124621583.0,9.401956481326353,Asia
Japan,JPN,1994,1226702200.0,4998800000000.0,39933.51506,124933337.0,9.81885403413182,Asia
Japan,JPN,1995,1239048100.0,5545560000000.0,44197.6191,125245091.0,9.892987342713496,Asia
Japan,JPN,1996,1251545700.0,4923390000000.0,39150.03963,125556845.0,9.967960727270585,Asia
Japan,JPN,1997,1244251100.0,4492450000000.0,35638.23196,125868599.0,9.885317782872916,Asia
Japan,JPN,1998,1204402600.0,4098360000000.0,32423.75561,126180353.0,9.54508821195008,Asia
Japan,JPN,1999,1241036500.0,4635980000000.0,36610.16832,126492107.0,9.811177388325108,Asia
Japan,JPN,2000,1263754800.0,4968360000000.0,39169.35957,126803861.0,9.966217038138925,Asia
Japan,JPN,2001,1249162100.0,4374710000000.0,34406.18246,126934018.0,9.841034891056548,Asia
Japan,JPN,2002,1278787100.0,4182850000000.0,32820.79364,127064175.0,10.06410422135114,Asia
Japan,JPN,2003,1287292500.0,4519560000000.0,35387.03742,127194332.0,10.120675031337088,Asia
Japan,JPN,2004,1282686000.0,4893120000000.0,38298.98017,127324489.0,10.074149993250709,Asia
Japan,JPN,2005,1290144600.0,4831470000000.0,37812.89502,127454646.0,10.122381886337827,Asia
Japan,JPN,2006,1267118500.0,4601660000000.0,35991.546,127584803.0,9.931578606583733,Asia
Japan,JPN,2007,1302836700.0,4579750000000.0,35779.02454,127714960.0,10.201128356458788,Asia
Japan,JPN,2008,1232014200.0,5106680000000.0,39876.30397,127845117.0,9.636771657066886,Asia
Japan,JPN,2009,1163057300.0,5289490000000.0,41308.99684,127975274.0,9.088140729434969,Asia
Japan,JPN,2010,1214707500.0,5759070000000.0,44968.15623,128105431.0,9.482092137061699,Asia
Japan,JPN,2011,1264631000.0,6233150000000.0,48760.07895,127934531.4,9.884985595061943,Asia
Japan,JPN,2012,1305883500.0,6272360000000.0,49145.28043,127763631.8,10.221089378894755,Asia
Japan,JPN,2013,1315192000.0,5212330000000.0,40898.6479,127592732.2,10.307734440065545,Asia
Japan,JPN,2014,1264072000.0,4896990000000.0,38475.39525,127421832.6,9.920372154496858,Asia
Japan,JPN,2015,1223168600.0,4444930000000.0,34960.63938,127250933.0,9.612256438229808,Asia
Japan,JPN,2016,1202454500.0,5003680000000.0,39375.47316,126849698.6,9.479364265513517,Asia
Japan,JPN,2017,1186802300.0,4930840000000.0,38834.05293,126448464.2,9.385660059286034,Asia
Japan,JPN,2018,1141668900.0,5037840000000.0,39727.1166,126047229.8,9.057469186839677,Asia
Japan,JPN,2019,1104539800.0,5123320000000.0,40458.00188,125645995.4,8.790887417331886,Asia
Japan,JPN,2020,1039795900.0,5040110000000.0,39918.16756,125244761.0,8.302110936201156,Asia
Jordan,JOR,1970,1555684.0,639596751.6,371.5744949,1557374.0,0.998914839980634,Asia
Jordan,JOR,1971,1654434.0,678241389.0,374.8861448,1623326.9,1.0191625605415644,Asia
Jordan,JOR,1972,1913598.0,788574629.0,418.5811357,1689279.8,1.1327892513720936,Asia
Jordan,JOR,1973,2199568.0,943700547.8,484.3357223,1755232.7,1.2531489414480486,Asia
Jordan,JOR,1974,2225305.0,1197454207.0,596.4204473,1821185.6,1.2218990749762133,Asia
Jordan,JOR,1975,2489202.0,1363039400.0,659.7748406,1887138.5,1.3190351423597155,Asia
Jordan,JOR,1976,2944596.0,1708734940.0,804.7998473,1953091.4,1.5076590885608323,Asia
Jordan,JOR,1977,3153933.0,2096568479.0,962.0106438,2019044.3,1.5620920254201456,Asia
Jordan,JOR,1978,3627347.0,2602748691.0,1163.013013,2084997.2000000002,1.7397371085198579,Asia
Jordan,JOR,1979,3776884.0,3271728272.0,1420.565995,2150950.1,1.7559142817864533,Asia
Jordan,JOR,1980,4695815.0,3910036925.0,1644.256458,2216903.0,2.1181869481885314,Asia
Jordan,JOR,1981,5825183.0,4384685230.0,1778.870784,2343271.4,2.485919044631365,Asia
Jordan,JOR,1982,6255687.0,4680567376.0,1825.832545,2469639.8,2.533036194185079,Asia
Jordan,JOR,1983,7299946.0,4920407601.0,1841.874544,2596008.2,2.8119888065068515,Asia
Jordan,JOR,1984,8246872.0,4966710013.0,1783.726598,2722376.6,3.0292913919404096,Asia
Jordan,JOR,1985,8421513.0,4993829194.0,1721.977409,2848745.0,2.9562186155658017,Asia
Jordan,JOR,1986,9165052.0,6401380000.0,2122.97043,2975113.4,3.0805723237305846,Asia
Jordan,JOR,1987,9506019.0,6755599114.0,2157.097871,3101481.8,3.0649926754366255,Asia
Jordan,JOR,1988,9177012.0,6277197435.0,1927.559405,3227850.2,2.84307245732779,Asia
Jordan,JOR,1989,9079754.0,4220945005.0,1241.698005,3354218.6,2.7069654911579106,Asia
Jordan,JOR,1990,10476423.0,4160003917.0,1166.61093,3480587.0,3.009958665018286,Asia
Jordan,JOR,1991,9903911.0,4344250257.0,1155.234236,3638145.7,2.722241442941661,Asia
Jordan,JOR,1992,11984199.0,5311329067.0,1335.287511,3795704.4,3.1573056637392525,Asia
Jordan,JOR,1993,11774286.0,5605841536.0,1334.228922,3953263.1,2.9783714622990813,Asia
Jordan,JOR,1994,13249567.0,6237739516.0,1414.338911,4110821.8,3.2230944673884916,Asia
Jordan,JOR,1995,13208063.0,6727446632.0,1466.044512,4268380.5,3.0943968092816467,Asia
Jordan,JOR,1996,13825418.0,6928359238.0,1463.887967,4425939.2,3.12372524231693,Asia
Jordan,JOR,1997,14074057.0,7246188575.0,1494.510627,4583497.9,3.0705930944137663,Asia
Jordan,JOR,1998,14253067.0,7912327362.0,1600.397931,4741056.6,3.006306020476533,Asia
Jordan,JOR,1999,14266665.0,8149106065.0,1619.535865,4898615.3,2.9123873025914078,Asia
Jordan,JOR,2000,15200204.0,8460424401.0,1651.621798,5056174.0,3.006266002712723,Asia
Jordan,JOR,2001,15609517.0,8975689845.0,1720.361427,5243682.4,2.9768235009809136,Asia
Jordan,JOR,2002,16420437.0,9582453032.0,1802.055064,5431190.8,3.023358523880251,Asia
Jordan,JOR,2003,16982176.0,10195660790.0,1876.259338,5618699.2,3.0224390727305708,Asia
Jordan,JOR,2004,18670694.0,11411390409.0,2044.963723,5806207.6,3.2156435467446944,Asia
Jordan,JOR,2005,20436792.0,12588665303.0,2183.394643,5993716.0,3.4097030957089056,Asia
Jordan,JOR,2006,20526390.0,15056929760.0,2513.028732,6181224.4,3.32076441036504,Asia
Jordan,JOR,2007,21436498.0,17110587447.0,2735.378767,6368732.8,3.3658969018138114,Asia
Jordan,JOR,2008,20717996.0,22657662393.0,3455.769953,6556241.2,3.1600417629540534,Asia
Jordan,JOR,2009,21336692.0,24537876056.0,3559.692102,6743749.6,3.16392115152081,Asia
Jordan,JOR,2010,20615326.0,27133804225.0,3736.645462,6931258.0,2.9742546014013618,Asia
Jordan,JOR,2011,21243760.0,29524149155.0,3852.890025,7443855.6,2.853865139458106,Asia
Jordan,JOR,2012,23814580.0,31634561690.0,3910.346894,7956453.2,2.9931150729322455,Asia
Jordan,JOR,2013,23818202.0,34454440141.0,4044.426869,8469050.8,2.8123815245033126,Asia
Jordan,JOR,2014,25898834.0,36847643521.0,4131.44735,8981648.4,2.8835279279024104,Asia
Jordan,JOR,2015,25549898.0,38587017887.0,4164.108769,9494246.0,2.6910928998469177,Asia
Jordan,JOR,2016,24698330.0,39892551127.0,4175.356602,9781141.0,2.5250970208894854,Asia
Jordan,JOR,2017,25813520.0,41408960845.0,4231.51828,10068036.0,2.5639081942098736,Asia
Jordan,JOR,2018,25141976.0,42932112676.0,4308.151074,10354931.0,2.428019655563132,Asia
Jordan,JOR,2019,24728612.0,44502895915.0,4405.487109,10641826.0,2.32371888057557,Asia
Jordan,JOR,2020,21128764.0,43697659296.0,4282.765825,10928721.0,1.9333244942386214,Asia
Kazakhstan,KAZ,1990,268173090.0,26932729103.0,1647.463243,16866563.0,15.899688039584591,Asia
Kazakhstan,KAZ,1991,261065920.0,24923076923.0,1514.923094,16703532.0,15.629384252384465,Asia
Kazakhstan,KAZ,1992,236131070.0,24917355372.0,1515.737659,16540501.0,14.275932149818194,Asia
Kazakhstan,KAZ,1993,208216780.0,23409260880.0,1429.078177,16377470.0,12.713610832442374,Asia
Kazakhstan,KAZ,1994,174933440.0,21250792886.0,1316.183629,16214439.0,10.788744525789637,Asia
Kazakhstan,KAZ,1995,168285920.0,20374302652.0,1288.188519,16051408.0,10.484184315793357,Asia
Kazakhstan,KAZ,1996,154505020.0,21035368251.0,1350.30567,15888377.0,9.724405456894685,Asia
Kazakhstan,KAZ,1997,146425380.0,22165932063.0,1445.503237,15725346.0,9.311425007754996,Asia
Kazakhstan,KAZ,1998,144282670.0,22135254836.0,1468.669291,15562315.0,9.271285795204633,Asia
Kazakhstan,KAZ,1999,119265290.0,16870821840.0,1130.117844,15399284.0,7.744859436321844,Asia
Kazakhstan,KAZ,2000,143380210.0,18291994909.0,1229.001247,15236253.0,9.410463976937113,Asia
Kazakhstan,KAZ,2001,138768540.0,22152694162.0,1490.92709,15375411.4,9.025354599617412,Asia
Kazakhstan,KAZ,2002,157524850.0,24636593223.0,1658.030785,15514569.8,10.153349530839069,Asia
Kazakhstan,KAZ,2003,175854720.0,30833699703.0,2068.123979,15653728.2,11.234047107065523,Asia
Kazakhstan,KAZ,2004,186355680.0,43151647003.0,2874.288483,15792886.6,11.799975819493316,Asia
Kazakhstan,KAZ,2005,200041980.0,57123671734.0,3771.278957,15932045.0,12.555951229110889,Asia
Kazakhstan,KAZ,2006,220574700.0,81003884545.0,5291.575305,16071203.4,13.724840294162414,Asia
Kazakhstan,KAZ,2007,226744690.0,104850000000.0,6771.414797,16210361.8,13.987639066760373,Asia
Kazakhstan,KAZ,2008,226830980.0,133442000000.0,8458.017154,16349520.2,13.87386157056768,Asia
Kazakhstan,KAZ,2009,224549710.0,115309000000.0,7165.223175,16488678.6,13.61841754863243,Asia
Kazakhstan,KAZ,2010,248803230.0,148047000000.0,9070.488253,16627837.0,14.963054424938132,Asia
Kazakhstan,KAZ,2011,238987650.0,192627000000.0,11634.0012,16869451.4,14.166889268254451,Asia
Kazakhstan,KAZ,2012,246345340.0,207999000000.0,12386.69927,17111065.8,14.39684370800561,Asia
Kazakhstan,KAZ,2013,255164930.0,236635000000.0,13890.63096,17352680.2,14.704640842744281,Asia
Kazakhstan,KAZ,2014,274289660.0,221416000000.0,12807.26069,17594294.6,15.589693490752392,Asia
Kazakhstan,KAZ,2015,278661280.0,184388000000.0,10510.77189,17835909.0,15.623609651742449,Asia
Kazakhstan,KAZ,2016,277695740.0,137278000000.0,7714.841844,18064575.8,15.372391971695233,Asia
Kazakhstan,KAZ,2017,293476480.0,166806000000.0,9247.581331,18293242.6,16.042890066958385,Asia
Kazakhstan,KAZ,2018,307174100.0,179340000000.0,9812.626371,18521909.4,16.58436467678651,Asia
Kazakhstan,KAZ,2019,275289760.0,181667000000.0,9812.595808,18750576.2,14.68166935584625,Asia
Kazakhstan,KAZ,2020,255486480.0,171082000000.0,9121.637138,18979243.0,13.461363026965827,Asia
Kenya,KEN,1970,3078215.0,1603447357.0,141.8804934,11473087.0,0.26829875865144226,Africa
Kenya,KEN,1971,3679252.0,1778391289.0,151.8299586,11944490.7,0.3080292071389867,Africa
Kenya,KEN,1972,3866229.0,2107279157.0,173.4947318,12415894.4,0.31139351507371066,Africa
Kenya,KEN,1973,3914027.0,2508998457.0,199.1142353,12887298.1,0.3037119937498769,Africa
Kenya,KEN,1974,4943558.0,2969942180.0,227.1059675,13358701.8,0.37006275564890595,Africa
Kenya,KEN,1975,4969218.0,3259344936.0,240.0831927,13830105.5,0.3593044174536485,Africa
Kenya,KEN,1976,4602715.0,3474542392.0,246.4868614,14301509.2,0.32183421593016215,Africa
Kenya,KEN,1977,5049444.0,4494378855.0,307.016432,14772912.9,0.34180422196897947,Africa
Kenya,KEN,1978,5317180.0,5303734883.0,348.8064444,15244316.6,0.34879753153381765,Africa
Kenya,KEN,1979,5032252.0,6234390975.0,394.6373811,15715720.3,0.32020498608644743,Africa
Kenya,KEN,1980,6189277.0,7265315332.0,442.5428212,16187124.0,0.3823580396369361,Africa
Kenya,KEN,1981,6519199.0,6854491454.0,401.6961835,16884638.5,0.3861023734680491,Africa
Kenya,KEN,1982,4687430.0,6431579358.0,362.6218506,17582153.0,0.26660159310409826,Africa
Kenya,KEN,1983,4654725.0,5979198464.0,324.3965017,18279667.5,0.2546394785353727,Africa
Kenya,KEN,1984,4314382.0,6191437071.0,323.3733809,18977182.0,0.22734576714287716,Africa
Kenya,KEN,1985,3765424.0,6135034338.0,308.6487027,19674696.5,0.19138409581057578,Africa
Kenya,KEN,1986,4157065.0,7239126717.0,351.0294899,20372211.0,0.20405566190140087,Africa
Kenya,KEN,1987,5168547.0,7970820531.0,372.7798687,21069725.5,0.24530680288169868,Africa
Kenya,KEN,1988,4784129.0,8355380879.0,377.1553527,21767240.0,0.219785742243849,Africa
Kenya,KEN,1989,5187409.0,8283114648.0,361.1546922,22464754.5,0.23091322898721195,Africa
Kenya,KEN,1990,5819044.0,8572359163.0,361.3282651,23162269.0,0.25122944561260385,Africa
Kenya,KEN,1991,4834337.0,8151479004.0,332.4188107,23931202.7,0.20200978031079064,Africa
Kenya,KEN,1992,5536456.0,8209129172.0,324.1373782,24700136.4,0.22414677839592823,Africa
Kenya,KEN,1993,6341798.0,5751789915.0,220.0697184,25469070.1,0.24899998213912017,Africa
Kenya,KEN,1994,6553312.0,7148145376.0,265.2323057,26238003.8,0.24976412268070483,Africa
Kenya,KEN,1995,7548754.0,9046326060.0,325.7789291,27006937.5,0.2795116625126414,Africa
Kenya,KEN,1996,9292462.0,12045858436.0,421.3391971,27775871.2,0.3345515945508849,Africa
Kenya,KEN,1997,8210108.0,13115773738.0,445.8772551,28544804.9,0.28762179418504275,Africa
Kenya,KEN,1998,9959645.0,14093998844.0,465.909801,29313738.6,0.33976031293394965,Africa
Kenya,KEN,1999,10070618.0,12896013577.0,414.6793098,30082672.3,0.3347647409635214,Africa
Kenya,KEN,2000,10408840.0,12705357103.0,397.4826588,30851606.0,0.3373840570892809,Africa
Kenya,KEN,2001,9277873.0,12986007426.0,395.3294716,31918234.9,0.29067625540909847,Africa
Kenya,KEN,2002,7890697.0,13147743911.0,389.5426302,32984863.8,0.23922175479772634,Africa
Kenya,KEN,2003,6697443.0,14904517650.0,429.787819,34051492.7,0.19668573883106155,Africa
Kenya,KEN,2004,7589762.0,16095337094.0,451.6687666,35118121.6,0.21612095562651049,Africa
Kenya,KEN,2005,8554943.0,18737897745.0,511.6163943,36184750.5,0.23642398750269122,Africa
Kenya,KEN,2006,9565541.0,25825524821.0,685.9544229,37251379.4,0.256783538061412,Africa
Kenya,KEN,2007,9823632.0,31958195182.0,825.666555,38318008.3,0.2563711538211656,Africa
Kenya,KEN,2008,10232778.0,35895153328.0,902.0699578,39384637.2,0.2598164849922751,Africa
Kenya,KEN,2009,12342527.0,42347217913.0,1035.338787,40451266.1,0.30512090695722377,Africa
Kenya,KEN,2010,12163160.0,45405587557.0,1080.296184,41517895.0,0.2929618662025134,Africa
Kenya,KEN,2011,13447592.0,46869457318.0,1085.487152,42584613.6,0.3157852299967799,Africa
Kenya,KEN,2012,12505727.0,56396706006.0,1271.815383,43651332.2,0.2864913020913483,Africa
Kenya,KEN,2013,13457976.0,61671425370.0,1354.820833,44718050.8,0.3009517579420076,Africa
Kenya,KEN,2014,14531541.0,68285768554.0,1462.220052,45784769.4,0.3173881006813589,Africa
Kenya,KEN,2015,16998498.0,70120413329.0,1464.554009,46851488.0,0.362816608941001,Africa
Kenya,KEN,2016,18134512.0,74815121315.0,1525.235192,47878346.4,0.3787622874126664,Africa
Kenya,KEN,2017,17709414.0,82035800868.0,1633.491216,48905204.8,0.3621171626296921,Africa
Kenya,KEN,2018,18837988.0,92202956321.0,1794.091175,49932063.2,0.37727237355575566,Africa
Kenya,KEN,2019,19799186.0,100380000000.0,1909.304537,50958921.6,0.38853228008655505,Africa
Kenya,KEN,2020,21982360.0,100667000000.0,1872.124026,51985780.0,0.4228533264288811,Africa
Kiribati,KIR,1970,21984.0,14295279.54,279.5213239,57437.0,0.38274979542803417,Oceania
Kiribati,KIR,1971,29312.0,15278632.48,293.9385613,57774.6,0.5073509812270445,Oceania
Kiribati,KIR,1972,25648.0,18936526.95,358.8162377,58112.2,0.44135310657658805,Oceania
Kiribati,KIR,1973,36640.0,31710657.73,592.0806924,58449.8,0.6268627095387836,Oceania
Kiribati,KIR,1974,32976.0,85637174.37,1576.124975,58787.4,0.5609365272150154,Oceania
Kiribati,KIR,1975,32976.0,55081816.99,999.4160647,59125.0,0.5577336152219873,Oceania
Kiribati,KIR,1976,32976.0,41109617.5,735.1242355,59462.6,0.5545670724119026,Oceania
Kiribati,KIR,1977,21984.0,38748059.44,682.6769224,59800.2,0.3676241885478644,Oceania
Kiribati,KIR,1978,21984.0,45210026.32,784.7191836,60137.8,0.3655604295468075,Oceania
Kiribati,KIR,1979,25648.0,42620165.44,728.9361104,60475.4,0.42410633083865507,Oceania
Kiribati,KIR,1980,29312.0,38715554.54,652.9201724,60813.0,0.4820022034762304,Oceania
Kiribati,KIR,1981,29312.0,41369800.05,688.3379652,62244.1,0.4709201354023916,Oceania
Kiribati,KIR,1982,25648.0,40572066.13,666.3502247,63675.2,0.4027941804658643,Oceania
Kiribati,KIR,1983,21984.0,37837837.84,612.897464,65106.3,0.33766317545306673,Oceania
Kiribati,KIR,1984,21984.0,41246160.6,657.3617116,66537.4,0.3304006468542504,Oceania
Kiribati,KIR,1985,21984.0,32125148.4,502.0417322,67968.5,0.32344394829957995,Oceania
Kiribati,KIR,1986,18320.0,32085561.5,489.8259877,69399.6,0.26397846673467856,Oceania
Kiribati,KIR,1987,21984.0,33608738.27,499.802782,70830.7,0.31037389154702694,Oceania
Kiribati,KIR,1988,21984.0,42972107.2,621.9999015,72261.8,0.3042271296867778,Oceania
Kiribati,KIR,1989,21984.0,41119721.65,580.3853498,73692.9,0.2983191053683598,Oceania
Kiribati,KIR,1990,21984.0,39809538.68,549.9010785,75124.0,0.2926361748575688,Oceania
Kiribati,KIR,1991,21984.0,47515189.28,644.7808349,76494.2,0.2873943383942835,Oceania
Kiribati,KIR,1992,25648.0,47737955.35,638.4896458,77864.4,0.32939315014306925,Oceania
Kiribati,KIR,1993,29312.0,46919624.64,619.7200492,79234.6,0.3699393951632241,Oceania
Kiribati,KIR,1994,29312.0,54832577.86,715.1950992,80604.8,0.36365079995236016,Oceania
Kiribati,KIR,1995,29312.0,56338028.17,724.9218715,81975.0,0.35757243061909116,Oceania
Kiribati,KIR,1996,29312.0,66515376.79,842.9911892,83345.2,0.3516939187859649,Oceania
Kiribati,KIR,1997,29312.0,67537479.59,842.2392327,84715.4,0.3460055668744998,Oceania
Kiribati,KIR,1998,29312.0,65334841.06,801.0843947,86085.6,0.34049829472060367,Oceania
Kiribati,KIR,1999,29312.0,69032258.06,832.0247088,87455.8,0.335163591208359,Oceania
Kiribati,KIR,2000,36640.0,67254174.4,796.8032036,88826.0,0.4124918379753676,Oceania
Kiribati,KIR,2001,36640.0,63101272.37,735.0691064,90742.9,0.40377814683022034,Oceania
Kiribati,KIR,2002,36640.0,72196457.68,826.9168653,92659.8,0.3954249847290842,Oceania
Kiribati,KIR,2003,40304.0,90231856.8,1015.667006,94576.7,0.42615147282575944,Oceania
Kiribati,KIR,2004,40304.0,102367039.3,1131.152504,96493.6,0.4176857325252659,Oceania
Kiribati,KIR,2005,47632.0,112133944.3,1214.635603,98410.5,0.4840133928798248,Oceania
Kiribati,KIR,2006,47632.0,110234939.8,1168.473302,100327.4,0.4747656173687348,Oceania
Kiribati,KIR,2007,47632.0,132671743.0,1374.395199,102244.3,0.4658646007650304,Oceania
Kiribati,KIR,2008,47632.0,141042610.3,1428.134977,104161.2,0.45729119864210477,Oceania
Kiribati,KIR,2009,47632.0,132419903.3,1312.023455,106078.1,0.4490276503821241,Oceania
Kiribati,KIR,2010,58624.0,155299728.5,1508.789745,107995.0,0.5428399462938099,Oceania
Kiribati,KIR,2011,54960.0,180665807.2,1724.980257,109737.4,0.500831986177912,Oceania
Kiribati,KIR,2012,51296.0,189630114.9,1782.924951,111479.8,0.4601371728331052,Oceania
Kiribati,KIR,2013,51296.0,184550740.1,1710.592937,113222.2,0.4530560261150199,Oceania
Kiribati,KIR,2014,58624.0,177862310.4,1625.9913,114964.6,0.5099308830718325,Oceania
Kiribati,KIR,2015,54960.0,170291002.0,1535.162783,116707.0,0.4709229095084271,Oceania
Kiribati,KIR,2016,54960.0,178509814.1,1586.344978,118658.2,0.46317911446490845,Oceania
Kiribati,KIR,2017,65952.0,188192060.1,1648.594957,120609.4,0.5468230502763467,Oceania
Kiribati,KIR,2018,65952.0,196230573.8,1693.950155,122560.6,0.53811747005155,Oceania
Kiribati,KIR,2019,65952.0,177935349.3,1512.95277,124511.8,0.5296847367076856,Oceania
Kiribati,KIR,2020,65952.0,180911843.6,1514.591059,126463.0,0.5215122209658161,Oceania
Kuwait,KWT,1970,25021456.0,2873984878.0,3860.579007,802786.0,31.168276477168263,Asia
Kuwait,KWT,1971,27117264.0,3880370402.0,4858.728915,871894.4,31.101546242297232,Asia
Kuwait,KWT,1972,27611904.0,4451200973.0,5224.917155,941002.8,29.343062528613093,Asia
Kuwait,KWT,1973,24222704.0,5408293999.0,5971.798916,1010111.2,23.98023504738884,Asia
Kuwait,KWT,1974,19312024.0,13004774557.0,13521.66733,1079219.6,17.894434089225214,Asia
Kuwait,KWT,1975,16812936.0,12024138276.0,11768.4683,1148328.0,14.641231425167723,Asia
Kuwait,KWT,1976,18456196.0,13131668947.0,12093.26837,1217436.4,15.159885148825845,Asia
Kuwait,KWT,1977,17201412.0,14135729588.0,12253.86654,1286544.8,13.370239419567822,Asia
Kuwait,KWT,1978,20971580.0,15500908760.0,12663.48935,1355653.2000000002,15.469723377630796,Asia
Kuwait,KWT,1979,17627686.0,24746019537.0,19093.01649,1424761.6,12.372375841684672,Asia
Kuwait,KWT,1980,24616182.0,28638550499.0,20924.21201,1493870.0,16.478128618956134,Asia
Kuwait,KWT,1981,25139622.0,25056672166.0,17408.51822,1511976.8,16.626989250099605,Asia
Kuwait,KWT,1982,21090278.0,21577977770.0,14312.45856,1530083.6,13.783742273951566,Asia
Kuwait,KWT,1983,21541218.0,20869434305.0,13233.83966,1548190.4,13.913804141919496,Asia
Kuwait,KWT,1984,28285242.0,21697297872.0,13132.76511,1566297.2,18.05866855919809,Asia
Kuwait,KWT,1985,29070176.0,21442619681.0,12356.87866,1584404.0,18.347704247149085,Asia
Kuwait,KWT,1986,35230268.0,17903681693.0,9771.141271,1602510.8,21.984418451345224,Asia
Kuwait,KWT,1987,31377858.0,22365734482.0,11535.17454,1620617.6,19.36166681146743,Asia
Kuwait,KWT,1988,32825112.0,20692472760.0,10169.04084,1638724.4,20.030892320880803,Asia
Kuwait,KWT,1989,35771644.0,24312117767.0,11617.10646,1656831.2,21.590397380252135,Asia
Kuwait,KWT,1990,37807036.0,18427777778.0,8794.606046,1674938.0,22.572200284428437,Asia
Kuwait,KWT,1991,492841280.0,11008793176.0,5419.588163,1700934.3,289.74739353542344,Asia
Kuwait,KWT,1995,56127692.0,27191353887.0,16932.08504,1804919.5,31.09706111546803,Asia
Kuwait,KWT,1996,51626870.0,31493319973.0,19358.37054,1830915.8,28.19729339819996,Asia
Kuwait,KWT,1997,56620856.0,30355093966.0,17748.84942,1856912.1,30.49194197183593,Asia
Kuwait,KWT,1998,52811750.0,25939960630.0,14166.16413,1882908.4,28.047965583455895,Asia
Kuwait,KWT,1999,54978050.0,30123850197.0,15435.13113,1908904.7,28.80083536909936,Asia
Kuwait,KWT,2000,54889610.0,37712842243.0,18440.37852,1934901.0,28.36817490920724,Asia
Kuwait,KWT,2001,59050692.0,34887512227.0,16587.24865,2035746.5,29.006898452238527,Asia
Kuwait,KWT,2002,59985636.0,38137545245.0,17846.37616,2136592.0,28.075381729408328,Asia
Kuwait,KWT,2003,62336196.0,47876510067.0,22148.37815,2237437.5,27.86053062934719,Asia
Kuwait,KWT,2004,65630652.0,59439090601.0,27011.654,2338283.0,28.067882287986528,Asia
Kuwait,KWT,2005,74426424.0,80798630137.0,35591.03713,2439128.5,30.513531369913476,Asia
Kuwait,KWT,2006,76047150.0,101549000000.0,42781.56475,2539974.0,29.940129308410242,Asia
Kuwait,KWT,2007,77158350.0,114640000000.0,45782.14857,2640819.5,29.217578104069588,Asia
Kuwait,KWT,2008,84281064.0,147395000000.0,55494.9301,2741665.0,30.740832304457328,Asia
Kuwait,KWT,2009,88716616.0,105963000000.0,37561.72593,2842510.5,31.21065551033145,Asia
Kuwait,KWT,2010,90869910.0,115419000000.0,38577.49828,2943356.0,30.872891352592074,Asia
Kuwait,KWT,2011,87916720.0,154068000000.0,48631.7834,3136433.4,28.030794468647095,Asia
Kuwait,KWT,2012,101766056.0,174070000000.0,51979.12069,3329510.8,30.564867367302128,Asia
Kuwait,KWT,2013,83723280.0,174161000000.0,49388.05338,3522588.2,23.767546828210005,Asia
Kuwait,KWT,2014,75623540.0,162631000000.0,44062.34091,3715665.6,20.352622690265775,Asia
Kuwait,KWT,2015,93660650.0,114567000000.0,29869.55275,3908743.0,23.96183376599587,Asia
Kuwait,KWT,2016,109126340.0,109420000000.0,27653.15762,3999083.2,27.28783937278424,Asia
Kuwait,KWT,2017,103313340.0,120707000000.0,29759.46747,4089423.4,25.263546934269513,Asia
Kuwait,KWT,2018,105547870.0,138182000000.0,33399.06048,4179763.6,25.25211473682387,Asia
Kuwait,KWT,2019,108893460.0,136197000000.0,32373.25111,4270103.8,25.501361348639815,Asia
Kuwait,KWT,2020,97712410.0,105960000000.0,24811.76971,4360444.0,22.408821211784854,Asia
Kyrgyzstan,KGZ,1990,18997598.0,2675000000.0,609.1728912,4394734.0,4.322809526128316,Asia
Kyrgyzstan,KGZ,1991,15656505.0,2569444444.0,575.6439745,4448778.8,3.5192815160870667,Asia
Kyrgyzstan,KGZ,1992,11041681.0,2316562500.0,513.0359437,4502823.6,2.4521682350603298,Asia
Kyrgyzstan,KGZ,1993,8468166.0,2028295455.0,449.0657902,4556868.4,1.8583301637589533,Asia
Kyrgyzstan,KGZ,1994,6144479.0,1681006993.0,372.30781,4610913.2,1.332594810069294,Asia
Kyrgyzstan,KGZ,1995,4506950.0,1661018519.0,364.2264974,4664958.0,0.966128741137648,Asia
Kyrgyzstan,KGZ,1996,5651918.0,1827570586.0,394.8601215,4719002.8,1.1976932923201487,Asia
Kyrgyzstan,KGZ,1997,5560681.0,1767864036.0,376.4296133,4773047.6,1.1650168751721648,Asia
Kyrgyzstan,KGZ,1998,5900999.0,1645963750.0,345.1381316,4827092.4,1.2224748380619355,Asia
Kyrgyzstan,KGZ,1999,4642439.0,1249061487.0,258.0492288,4881137.2,0.9510978302351345,Asia
Kyrgyzstan,KGZ,2000,4575258.0,1369688498.0,279.6195693,4935182.0,0.9270697615609718,Asia
Kyrgyzstan,KGZ,2001,3856740.0,1525116370.0,308.4096116,4990041.2,0.7728874062202131,Asia
Kyrgyzstan,KGZ,2002,4917247.0,1605643105.0,321.7270332,5044900.4,0.9746965470319294,Asia
Kyrgyzstan,KGZ,2003,5375527.0,1919008090.0,380.5064324,5099759.6,1.0540745881433313,Asia
Kyrgyzstan,KGZ,2004,5808160.0,2211534585.0,433.2349766,5154618.8,1.1267874939656062,Asia
Kyrgyzstan,KGZ,2005,5519072.0,2460248026.0,476.55213,5209478.0,1.0594289869349673,Asia
Kyrgyzstan,KGZ,2006,5460630.0,2834168889.0,543.1107024,5264337.2,1.0372872771143915,Asia
Kyrgyzstan,KGZ,2007,6522285.0,3802566171.0,721.7686908,5319196.4,1.2261786385627722,Asia
Kyrgyzstan,KGZ,2008,7480887.0,5139957785.0,966.3936272,5374055.6,1.3920375144611457,Asia
Kyrgyzstan,KGZ,2009,6709287.0,4690062255.0,871.2243893,5428914.8,1.2358431191441797,Asia
Kyrgyzstan,KGZ,2010,6355656.0,4794357795.0,880.0377751,5483774.0,1.158993058430198,Asia
Kyrgyzstan,KGZ,2011,7620172.0,6197766119.0,1123.883168,5570015.2,1.3680702343505273,Asia
Kyrgyzstan,KGZ,2012,10086689.0,6605139933.0,1177.974735,5656256.4,1.7832800153826123,Asia
Kyrgyzstan,KGZ,2013,9733813.0,7335027592.0,1282.437162,5742497.6,1.6950486840429853,Asia
Kyrgyzstan,KGZ,2014,10236388.0,7468096567.0,1279.769783,5828738.8,1.7561926089396904,Asia
Kyrgyzstan,KGZ,2015,10264781.0,6678178340.0,1121.082835,5914980.0,1.7353872709628773,Asia
Kyrgyzstan,KGZ,2016,9621676.0,6813092066.0,1120.666513,6016958.8,1.5990928839333254,Asia
Kyrgyzstan,KGZ,2017,9360708.0,7702934800.0,1242.769643,6118937.6,1.529793015048887,Asia
Kyrgyzstan,KGZ,2018,11171519.0,8271108638.0,1308.140165,6220916.4,1.795799570622746,Asia
Kyrgyzstan,KGZ,2019,9046309.0,8871026074.0,1374.032105,6322895.2,1.4307225904993648,Asia
Kyrgyzstan,KGZ,2020,8348849.5,7780874537.0,1182.5217,6424874.0,1.2994573123146071,Asia
Laos,LAO,1984,183200.0,1757142806.0,489.9577437,3704288.6,0.04945618977959763,Asia
Laos,LAO,1985,205184.0,2366666616.0,641.7401976,3805981.0,0.053910936497055556,Asia
Laos,LAO,1986,208848.0,1776842041.0,468.3042981,3907673.4,0.05344561293172556,Asia
Laos,LAO,1987,212512.0,1087273104.0,278.393228,4009365.8,0.05300389403231803,Asia
Laos,LAO,1988,212512.0,598961269.3,148.9650659,4111058.2,0.051692773408072885,Asia
Laos,LAO,1989,230832.0,714046821.1,172.523209,4212750.6,0.05479365429323065,Asia
Laos,LAO,1990,512960.03,865559856.2,203.2560175,4314443.0,0.11889368569708768,Asia
Laos,LAO,1991,545936.0,1028087972.0,234.7643383,4426084.0,0.123345151153932,Asia
Laos,LAO,1992,592727.0,1127806945.0,250.6044968,4537725.0,0.1306220628178217,Asia
Laos,LAO,1993,607425.0,1327748655.0,287.3948429,4649366.0,0.13064684518276257,Asia
Laos,LAO,1994,634264.0,1543606345.0,325.9416118,4761007.0,0.13322055607143615,Asia
Laos,LAO,1995,670900.0,1763536305.0,363.8800524,4872648.0,0.1376869414741225,Asia
Laos,LAO,1996,749891.0,1873671550.0,378.4286058,4984289.0,0.15045094696555517,Asia
Laos,LAO,1997,792409.0,1747011857.0,345.9218442,5095930.0,0.155498407552694,Asia
Laos,LAO,1998,820068.0,1280177839.0,248.8390915,5207571.0,0.15747610546260435,Asia
Laos,LAO,1999,845838.0,1454430642.0,277.810213,5319212.0,0.15901565871035034,Asia
Laos,LAO,2000,960400.0,1731198022.0,325.1869371,5430853.0,0.1768414648674895,Asia
Laos,LAO,2001,1062694.0,1768619058.0,326.9417867,5520109.5,0.19251321010932845,Asia
Laos,LAO,2002,1165768.0,1758176653.0,320.0614597,5609366.0,0.2078252693798194,Asia
Laos,LAO,2003,1220964.0,2023324407.0,362.8214135,5698622.5,0.21425598905700458,Asia
Laos,LAO,2004,1282484.0,2366398120.0,417.9291685,5787879.0,0.22158099711483256,Asia
Laos,LAO,2005,1337012.0,2735558726.0,475.6107962,5877135.5,0.22749381905521832,Asia
Laos,LAO,2006,1757335.0,3455031448.0,591.000192,5966392.0,0.29453897766020065,Asia
Laos,LAO,2007,1835383.0,4223152219.0,710.3764067,6055648.5,0.30308611868737095,Asia
Laos,LAO,2008,2131341.0,5446434032.0,900.7387639,6144905.0,0.3468468593086468,Asia
Laos,LAO,2009,2667456.0,5836138127.0,949.1783811,6234161.5,0.4278772694611777,Asia
Laos,LAO,2010,3004513.0,7131773633.0,1141.235703,6323418.0,0.4751406596875298,Asia
Laos,LAO,2011,3170104.0,8750107402.0,1378.498492,6416218.2,0.49407671328883424,Asia
Laos,LAO,2012,3397982.0,10192848926.0,1581.62871,6509018.4,0.5220421561567563,Asia
Laos,LAO,2013,4261159.0,11983252611.0,1831.936916,6601818.6,0.645452300067742,Asia
Laos,LAO,2014,4449693.0,13279248479.0,1999.958203,6694618.8,0.6646671204042268,Asia
Laos,LAO,2015,9229252.0,14426381187.0,2140.044323,6787419.0,1.3597586947262281,Asia
Laos,LAO,2016,16458120.0,15912495369.0,2324.400917,6893815.0,2.3873747699931025,Asia
Laos,LAO,2017,19683848.0,17071162084.0,2455.211559,7000211.0,2.811893527209394,Asia
Laos,LAO,2018,20558106.0,18141651381.0,2569.093892,7106607.0,2.8928159387454517,Asia
Laos,LAO,2019,19534332.0,18740559554.0,2613.944427,7213003.0,2.7082107133464386,Asia
Laos,LAO,2020,19674886.0,18981800705.0,2608.982833,7319399.0,2.68804665519669,Asia
Latvia,LVA,1995,9134976.0,5789128637.0,2329.576733,2540960.5,3.5950877630722715,Europe
Latvia,LVA,1996,9212675.0,5975248851.0,2431.709,2511274.4,3.6685258289576,Europe
Latvia,LVA,1997,8680906.0,6527926446.0,2683.241368,2481588.3,3.498124971011509,Europe
Latvia,LVA,1998,8306996.5,7166275468.0,2973.534843,2451902.2,3.3879803607174868,Europe
Latvia,LVA,1999,7718816.0,7533788134.0,3151.577018,2422216.1,3.186675210357986,Europe
Latvia,LVA,2000,7082575.0,7958852839.0,3361.640869,2392530.0,2.9602868093608024,Europe
Latvia,LVA,2001,7497437.0,8362398702.0,3578.0019,2363430.0,3.172269540456032,Europe
Latvia,LVA,2002,7521355.0,9557031605.0,4136.933297,2334330.0,3.222061576555157,Europe
Latvia,LVA,2003,7726979.0,11771975157.0,5145.195232,2305230.0,3.351934080330379,Europe
Latvia,LVA,2004,7732137.0,14435700533.0,6378.666521,2276130.0,3.397054210436135,Europe
Latvia,LVA,2005,7811700.0,17003459863.0,7594.902384,2247030.0,3.4764555880428833,Europe
Latvia,LVA,2006,8310876.0,21570076499.0,9723.446902,2217930.0,3.7471317850428103,Europe
Latvia,LVA,2007,8638660.0,31054350978.0,14113.52913,2188830.0,3.946702119397121,Europe
Latvia,LVA,2008,8198938.5,35854274229.0,16467.14369,2159730.0,3.7962793960356156,Europe
Latvia,LVA,2009,7456832.0,26410909091.0,12331.92855,2130630.0,3.4998249344090713,Europe
Latvia,LVA,2010,8555267.0,23956163077.0,11420.994,2101530.0,4.070970673747222,Europe
Latvia,LVA,2011,7811917.0,27474380566.0,13338.96224,2079615.0,3.756424626673687,Europe
Latvia,LVA,2012,7520586.0,28169902669.0,13847.33794,2057700.0,3.6548505613063127,Europe
Latvia,LVA,2013,7369655.0,30204783462.0,15007.49186,2035785.0,3.6200556542070994,Europe
Latvia,LVA,2014,7173207.0,31386896487.0,15742.39134,2013870.0,3.561901711629847,Europe
Latvia,LVA,2015,7263453.0,27263090547.0,13786.4568,1991955.0,3.6463941203491044,Europe
Latvia,LVA,2016,7211637.0,28083597512.0,14331.75159,1972974.4,3.6552106302038183,Europe
Latvia,LVA,2017,7216303.0,30483806018.0,15695.11515,1953993.8,3.6931043486422523,Europe
Latvia,LVA,2018,7863008.0,34429023435.0,17865.03109,1935013.2,4.063542305551198,Europe
Latvia,LVA,2019,7650647.0,34308783825.0,17926.84159,1916032.6,3.9929628545986113,Europe
Latvia,LVA,2020,6999913.0,33645460617.0,17703.95344,1897052.0,3.689889892317132,Europe
Lebanon,LBN,1988,7345655.0,3313540068.0,1234.239313,3467700.4,2.1183072793716553,Asia
Lebanon,LBN,1989,7720771.0,2717998688.0,996.9046381,3530700.2,2.1867534943918487,Asia
Lebanon,LBN,1990,7868195.0,2838485354.0,1012.648216,3593700.0,2.189441244399922,Asia
Lebanon,LBN,1991,8115152.5,4690415093.0,1605.371904,3666394.2,2.213387883932393,Asia
Lebanon,LBN,1992,9726913.0,5843579161.0,1899.65101,3739088.4,2.601412954023767,Asia
Lebanon,LBN,1993,10354905.0,7941744492.0,2446.527693,3811782.6,2.716551830631684,Asia
Lebanon,LBN,1994,11110825.0,9599127050.0,2820.486187,3884476.8,2.8603144186625085,Asia
Lebanon,LBN,1995,12254741.0,11718795528.0,3321.297267,3957171.0,3.0968439321929733,Asia
Lebanon,LBN,1996,12752780.0,13690217333.0,3791.607617,4029865.2,3.164567390492367,Asia
Lebanon,LBN,1997,15098693.0,15751867489.0,4305.641769,4102559.4,3.680310637306068,Asia
Lebanon,LBN,1998,16286495.0,17247179006.0,4669.585388,4175253.6,3.900719946687789,Asia
Lebanon,LBN,1999,16429672.0,17391056369.0,4640.384413,4247947.8,3.867672761892225,Asia
Lebanon,LBN,2000,15466264.0,17260364842.0,4491.641934,4320642.0,3.579621732140733,Asia
Lebanon,LBN,2001,16406607.0,17649751244.0,4422.389292,4388157.8,3.7388370582297656,Asia
Lebanon,LBN,2002,16243744.0,19152238806.0,4579.459593,4455673.6,3.6456314932943026,Asia
Lebanon,LBN,2003,18529028.0,20082918740.0,4576.387617,4523189.4,4.096451941632159,Asia
Lebanon,LBN,2004,17208414.0,21159827992.0,4630.790585,4590705.2,3.748533885382141,Asia
Lebanon,LBN,2005,16650190.0,21497336499.0,4575.107459,4658221.0,3.574366694924951,Asia
Lebanon,LBN,2006,14792376.0,22022709852.0,4626.853003,4725736.8,3.1301734789800397,Asia
Lebanon,LBN,2007,13746087.0,24827355015.0,5207.792723,4793252.6,2.867799414535341,Asia
Lebanon,LBN,2008,17417774.0,29118916106.0,6111.327281,4860768.4,3.5833375644887746,Asia
Lebanon,LBN,2009,20957556.0,35399582929.0,7354.953605,4928284.2,4.252505567759262,Asia
Lebanon,LBN,2010,19996596.0,38443907042.0,7761.641489,4995800.0,4.002681452420033,Asia
Lebanon,LBN,2011,20264128.0,39927125961.0,7675.30894,5276428.0,3.840501187545817,Asia
Lebanon,LBN,2012,22332032.0,44016799516.0,7948.685449,5557056.0,4.018680394798973,Asia
Lebanon,LBN,2013,22163384.0,46880103081.0,7928.28957,5837684.0,3.7966056401819626,Asia
Lebanon,LBN,2014,23992028.0,48095213746.0,7681.657944,6118312.0,3.921347587373772,Asia
Lebanon,LBN,2015,25734552.0,49929337837.0,7643.008718,6398940.0,4.021689842380145,Asia
Lebanon,LBN,2016,26441534.0,51147308774.0,7617.689634,6251736.6,4.229470256312462,Asia
Lebanon,LBN,2017,27824084.0,53027680686.0,7776.034642,6104533.2,4.557938025466059,Asia
Lebanon,LBN,2018,26160182.0,54901519156.0,8003.827612,5957329.8,4.391259654619088,Asia
Lebanon,LBN,2019,25661360.0,51605959131.0,7527.44306,5810126.4,4.416661227886539,Asia
Lebanon,LBN,2020,22279648.0,25948915861.0,3801.792743,5662923.0,3.9343017731302368,Asia
Lesotho,LSO,1990,1472928.0,596415104.5,350.0587845,1798997.0,0.8187495587819212,Africa
Lesotho,LSO,1991,1527888.0,704329192.8,404.1982497,1818960.3,0.8399787504982928,Africa
Lesotho,LSO,1992,1586512.0,831033941.1,466.2747021,1838923.6,0.8627394852075421,Africa
Lesotho,LSO,1993,1634144.0,835592802.3,458.5533069,1858886.9,0.879098131252633,Africa
Lesotho,LSO,1994,1674448.0,878250450.6,471.8420449,1878850.2,0.8912088893515833,Africa
Lesotho,LSO,1995,1707424.0,1001889857.0,527.6998379,1898813.5,0.8992057408481665,Africa
Lesotho,LSO,1996,1736736.0,946123275.9,489.1310607,1918776.8,0.9051266410975992,Africa
Lesotho,LSO,1997,1769712.0,997996028.6,507.0978889,1938740.1,0.9128154929069656,Africa
Lesotho,LSO,1998,1802688.0,928458206.0,464.804531,1958703.4,0.9203476136305273,Africa
Lesotho,LSO,1999,1824672.0,912771290.6,451.9269342,1978666.7,0.9221724912032936,Africa
Lesotho,LSO,2000,1850320.0,887295267.9,436.4881373,1998630.0,0.9257941690057689,Africa
Lesotho,LSO,2001,1875968.0,825706961.2,405.6057121,2001041.7,0.9374957053618623,Africa
Lesotho,LSO,2002,1905280.0,775780697.7,382.1896086,2003453.4,0.9509979119055127,Africa
Lesotho,LSO,2003,1930928.0,1157832935.0,573.6517781,2005865.1,0.9626410071145861,Africa
Lesotho,LSO,2004,1982224.0,1511236656.0,753.3759044,2008276.8,0.9870272862784651,Africa
Lesotho,LSO,2005,2011535.9,1682350935.0,842.812631,2010688.5,1.0004214476782456,Africa
Lesotho,LSO,2006,2037184.0,1800105590.0,904.6061298,2013100.2,1.0119635376321556,Africa
Lesotho,LSO,2007,2073823.9,1682016947.0,846.5423208,2015511.9,1.0289316078957411,Africa
Lesotho,LSO,2008,2125120.0,1766825413.0,889.1342855,2017923.6,1.0531221300945188,Africa
Lesotho,LSO,2009,2216720.0,1740830511.0,874.7298605,2020335.3,1.097204013611008,Africa
Lesotho,LSO,2010,2275344.0,2234731974.0,1119.843641,2022747.0,1.124878197817127,Africa
Lesotho,LSO,2011,3063104.0,2579421686.0,1287.269536,2041901.8,1.500123071540463,Africa
Lesotho,LSO,2012,3092416.0,2477702253.0,1229.636232,2061056.6,1.5004032397751716,Africa
Lesotho,LSO,2013,2333968.0,2367113170.0,1166.911756,2080211.4,1.1219859673877377,Africa
Lesotho,LSO,2014,2473200.0,2441053176.0,1194.575627,2099366.2,1.178069838411231,Africa
Lesotho,LSO,2015,2242368.0,2359759799.0,1146.064688,2118521.0,1.0584591797768348,Africa
Lesotho,LSO,2016,2213056.0,2114020380.0,1018.784872,2145636.8,1.0314215341571324,Africa
Lesotho,LSO,2017,2513504.0,2306185361.0,1102.629728,2172752.6,1.15682936013976,Africa
Lesotho,LSO,2018,2370608.0,2514146888.0,1192.48432,2199868.4,1.0776135517924619,Africa
Lesotho,LSO,2019,2388928.0,2451257579.0,1153.388058,2226984.2,1.0727188814361592,Africa
Lesotho,LSO,2020,2172752.0,2250717718.0,1050.631634,2254100.0,0.9639110953373852,Africa
Liberia,LBR,2000,398769.0,874000000.0,306.8338642,2895224.0,0.13773338435989754,Africa
Liberia,LBR,2001,417418.0,906000000.0,306.7102516,3007697.2,0.138783252516244,Africa
Liberia,LBR,2002,432027.0,927000000.0,306.4739396,3120170.4,0.13846263011789356,Africa
Liberia,LBR,2003,464323.0,748000000.0,243.0895775,3232643.6,0.1436356918529466,Africa
Liberia,LBR,2004,546472.0,897000000.0,286.0647253,3345116.8,0.16336410136710325,Africa
Liberia,LBR,2005,650572.0,949000000.0,294.8932201,3457590.0,0.1881576473786655,Africa
Liberia,LBR,2006,672734.0,1119000000.0,336.1156743,3570063.2,0.1884375604331038,Africa
Liberia,LBR,2007,625121.0,1373000000.0,396.6017613,3682536.4,0.16975283665899407,Africa
Liberia,LBR,2008,530796.0,1726000000.0,478.3995401,3795009.6,0.13986683986253948,Africa
Liberia,LBR,2009,470687.0,1768000000.0,470.9481214,3907482.8,0.12045785588614748,Africa
Liberia,LBR,2010,756900.0,1998000000.0,513.4455667,4019956.0,0.18828564292743502,Africa
Liberia,LBR,2011,848052.0,2398000000.0,596.8966353,4138430.6,0.20492116020986312,Africa
Liberia,LBR,2012,962647.0,2791614000.0,675.0101918,4256905.2,0.2261377584823829,Africa
Liberia,LBR,2013,874265.0,3177198100.0,747.8686601,4375379.8,0.19981465380445373,Africa
Liberia,LBR,2014,821462.0,3225652000.0,739.911935,4493854.4,0.18279675460780392,Africa
Liberia,LBR,2015,467217.0,3227075700.0,721.5810505,4612329.0,0.10129741395290752,Africa
Liberia,LBR,2016,497121.0,3398419600.0,740.914906,4707380.0,0.10560460383482957,Africa
Liberia,LBR,2017,890868.0,3390703400.0,721.085044,4802431.0,0.18550355018114784,Africa
Liberia,LBR,2018,421768.0,3422754800.0,710.2659984,4897482.0,0.0861193568450073,Africa
Liberia,LBR,2019,1019598.0,3319596500.0,672.3404992,4992533.0,0.2042245890012144,Africa
Liberia,LBR,2020,769421.0,3039982540.0,601.0630058,5087584.0,0.15123504594715292,Africa
Libya,LBY,1990,36513784.0,28901836158.0,6514.318567,4236983.0,8.617873614314714,Africa
Libya,LBY,1991,42619850.0,31995012469.0,7040.776294,4328763.7,9.845732628001846,Africa
Libya,LBY,1992,37024420.0,33881392045.0,7284.917153,4420544.4,8.375534017936795,Africa
Libya,LBY,1993,38708330.0,30657030223.0,6447.143282,4512325.1,8.578355757212618,Africa
Libya,LBY,1994,51359944.0,28607921929.0,5892.622467,4604105.8,11.155248430650747,Africa
Libya,LBY,1995,54595650.0,25544128199.0,5161.685428,4695886.5,11.62627120566053,Africa
Libya,LBY,1996,53951944.0,27884615385.0,5536.866066,4787667.2,11.268942001649572,Africa
Libya,LBY,1997,51778956.0,30698633109.0,5998.160438,4879447.9,10.611642354045832,Africa
Libya,LBY,1998,51652640.0,27249786142.0,5243.596535,4971228.6,10.390316792110507,Africa
Libya,LBY,1999,50259920.0,35976714101.0,6819.039576,5063009.3,9.9268867627796,Africa
Libya,LBY,2000,53238540.0,38270206950.0,7142.771786,5154790.0,10.327974563464274,Africa
Libya,LBY,2001,53113610.0,34110064452.0,6266.489821,5288509.8,10.043209147499358,Africa
Libya,LBY,2002,52524996.0,20481889764.0,3703.042952,5422229.6,9.686973786576651,Africa
Libya,LBY,2003,55477260.0,26265625000.0,4673.145576,5555949.4,9.985198929277505,Africa
Libya,LBY,2004,56850380.0,33122307692.0,5800.588826,5689669.2,9.991860335219489,Africa
Libya,LBY,2005,60668510.0,47334148578.0,8163.00937,5823389.0,10.418076140886347,Africa
Libya,LBY,2006,55744220.0,60092950670.0,10207.95598,5957108.8,9.357596423285068,Africa
Libya,LBY,2007,51595308.0,68035403136.0,11387.08619,6090828.6,8.470983406100116,Africa
Libya,LBY,2008,53501800.0,86708074534.0,14311.23873,6224548.4,8.59529022217901,Africa
Libya,LBY,2009,53397104.0,60810211408.0,9913.651824,6358268.2,8.398057823355108,Africa
Libya,LBY,2010,61085580.0,75380170508.0,12162.66871,6491988.0,9.40937968462049,Africa
Libya,LBY,2011,55861524.0,48167374612.0,7709.940397,6432037.4,8.684887933021036,Africa
Libya,LBY,2012,55278764.0,92538004280.0,14721.86924,6372086.8,8.675142968862257,Africa
Libya,LBY,2013,43458372.0,75350633011.0,11921.90828,6312136.2,6.884891362135057,Africa
Libya,LBY,2014,60602124.0,57372445772.0,9017.93368,6252185.6,9.692950254067954,Africa
Libya,LBY,2015,54550704.0,48717854040.0,7590.442981,6192235.0,8.809533875894568,Africa
Libya,LBY,2016,51649400.0,49910960875.0,7687.882134,6284576.4,8.21843776137402,Africa
Libya,LBY,2017,53437024.0,67158415842.0,10205.32483,6376917.8,8.379757380595372,Africa
Libya,LBY,2018,54019470.0,76684175824.0,11482.13364,6469259.2,8.350178641783282,Africa
Libya,LBY,2019,70527430.0,69252306372.0,10218.04303,6561600.6,10.748510051038462,Africa
Libya,LBY,2020,47068096.0,52320215472.0,7614.325449,6653942.0,7.073716001732507,Africa
Liechtenstein,LIE,1970,111005.0,90098330.67,4236.33302,21089.0,5.263644554032908,Europe
Liechtenstein,LIE,1971,116204.0,104888628.2,4827.126337,21480.4,5.409768905606971,Europe
Liechtenstein,LIE,1972,107524.0,124941925.0,5637.919093,21871.8,4.916102012637277,Europe
Liechtenstein,LIE,1973,134562.0,165930611.7,7355.080307,22263.2,6.044144597362464,Europe
Liechtenstein,LIE,1974,109178.0,193983720.5,8439.578876,22654.6,4.819242008245566,Europe
Liechtenstein,LIE,1975,137461.0,246387479.2,10513.20529,23046.0,5.964635945500304,Europe
Liechtenstein,LIE,1976,133671.0,272493879.0,11385.6967,23437.4,5.703320334166759,Europe
Liechtenstein,LIE,1977,152279.0,303496276.3,12412.42797,23828.8,6.39054421540321,Europe
Liechtenstein,LIE,1978,151892.0,436918176.7,17499.12595,24220.2,6.2712942089660695,Europe
Liechtenstein,LIE,1979,130670.99,503180670.0,19761.24848,24611.6,5.309325277511418,Europe
Liechtenstein,LIE,1980,157827.0,534701915.6,20660.0176,25003.0,6.312322521297444,Europe
Liechtenstein,LIE,1981,148220.0,511658690.6,19507.36553,25379.2,5.840215609633085,Europe
Liechtenstein,LIE,1982,103794.0,522090331.5,19677.01849,25755.4,4.029989827376006,Europe
Liechtenstein,LIE,1983,130703.0,524034109.9,19560.81037,26131.6,5.001722052993311,Europe
Liechtenstein,LIE,1984,136442.0,502617355.4,18596.17269,26507.8,5.147239680395959,Europe
Liechtenstein,LIE,1985,170224.0,529078995.6,19390.12664,26884.0,6.331795863710758,Europe
Liechtenstein,LIE,1986,195139.0,779365167.6,28287.06328,27260.2,7.158384751395808,Europe
Liechtenstein,LIE,1987,135113.0,1052843348.0,37824.44216,27636.4,4.8889508040121,Europe
Liechtenstein,LIE,1988,179013.0,1161757671.0,41292.25772,28012.6,6.390445727993832,Europe
Liechtenstein,LIE,1989,187138.0,1120000917.0,39368.72709,28388.8,6.591965845685623,Europe
Liechtenstein,LIE,1990,198971.0,1421466240.0,49373.61027,28765.0,6.917121501825135,Europe
Liechtenstein,LIE,1991,206329.0,1484152022.0,50886.37531,29191.1,7.068215997341656,Europe
Liechtenstein,LIE,1992,206950.0,1631197909.0,55197.54701,29617.2,6.987493753629647,Europe
Liechtenstein,LIE,1993,215034.0,1673104494.0,55794.32733,30043.3,7.157469385853085,Europe
Liechtenstein,LIE,1994,201111.0,1948118228.0,64051.23221,30469.4,6.600425344772132,Europe
Liechtenstein,LIE,1995,204202.0,2428461395.0,78631.69911,30895.5,6.609441504426211,Europe
Liechtenstein,LIE,1996,205960.0,2504033252.0,79863.27908,31321.6,6.57565386187168,Europe
Liechtenstein,LIE,1997,218376.0,2298410391.0,72208.93467,31747.7,6.878482535742746,Europe
Liechtenstein,LIE,1998,229239.0,2479721341.0,76757.30022,32173.8,7.125020979803443,Europe
Liechtenstein,LIE,1999,226566.0,2664026095.0,81307.06837,32599.9,6.949898619320918,Europe
Liechtenstein,LIE,2000,216860.0,2483953103.0,74853.93873,33026.0,6.566341670199237,Europe
Liechtenstein,LIE,2001,214671.0,2491822707.0,74287.41337,33316.0,6.443480609917157,Europe
Liechtenstein,LIE,2002,220018.0,2688630823.0,79345.75247,33606.0,6.546985657323097,Europe
Liechtenstein,LIE,2003,229355.0,3070691320.0,89859.86537,33896.0,6.766432617417984,Europe
Liechtenstein,LIE,2004,229391.0,3454362686.0,100289.243,34186.0,6.710086000117007,Europe
Liechtenstein,LIE,2005,228986.0,3659251526.0,105399.2605,34476.0,6.64189581157907,Europe
Liechtenstein,LIE,2006,231121.0,4000239273.0,114374.2465,34766.0,6.647903123741586,Europe
Liechtenstein,LIE,2007,200794.0,4601299567.0,130655.637,35056.0,5.727806937471474,Europe
Liechtenstein,LIE,2008,219536.0,5081432924.0,143264.0594,35346.0,6.211056413738471,Europe
Liechtenstein,LIE,2009,205375.0,4504549214.0,126096.6104,35636.0,5.763132787069256,Europe
Liechtenstein,LIE,2010,190830.0,5082366478.0,141192.5347,35926.0,5.311751934532094,Europe
Liechtenstein,LIE,2011,176782.0,5739977477.0,158130.4575,36211.8,4.881889328892791,Europe
Liechtenstein,LIE,2012,185325.0,5456009385.0,149010.2249,36497.6,5.077731138485818,Europe
Liechtenstein,LIE,2013,192545.0,6391735894.0,173030.2083,36783.4,5.23456232974657,Europe
Liechtenstein,LIE,2014,161259.0,6657170923.0,178864.8519,37069.2,4.350215273056878,Europe
Liechtenstein,LIE,2015,159774.0,6268391521.0,167313.2663,37355.0,4.277178423236514,Europe
Liechtenstein,LIE,2016,149838.0,6237264055.0,165642.3863,37635.2,3.981325992687697,Europe
Liechtenstein,LIE,2017,155769.0,6474256119.0,171253.9643,37915.4,4.108330651925075,Europe
Liechtenstein,LIE,2018,142950.0,6692504346.0,176499.4026,38195.6,3.7425776791043996,Europe
Liechtenstein,LIE,2019,149022.0,6427248943.0,169049.1569,38475.8,3.8731358412300714,Europe
Lithuania,LTU,1995,15057343.0,7867140395.0,2167.792582,3692742.0,4.077550773923551,Europe
Lithuania,LTU,1996,15739963.0,8382519637.0,2327.434857,3674121.0,4.284007793973035,Europe
Lithuania,LTU,1997,15162846.0,10118631852.0,2830.278071,3655500.0,4.14795404185474,Europe
Lithuania,LTU,1998,15997053.0,11239547691.0,3166.666533,3636879.0,4.398566188206976,Europe
Lithuania,LTU,1999,13449596.0,10971583945.0,3113.17906,3618258.0,3.7171467595732532,Europe
Lithuania,LTU,2000,11843035.0,11524776867.0,3293.229979,3599637.0,3.2900636925334417,Europe
Lithuania,LTU,2001,12593737.0,12237388002.0,3525.793632,3553575.2,3.5439624297242953,Europe
Lithuania,LTU,2002,12666029.0,14259781159.0,4141.592702,3507513.4,3.611113502802299,Europe
Lithuania,LTU,2003,12659431.0,18781721376.0,5499.428989,3461451.6,3.6572607284181005,Europe
Lithuania,LTU,2004,13254169.0,22627507452.0,6700.327192,3415389.8,3.880719266655888,Europe
Lithuania,LTU,2005,13862650.0,26097677572.0,7854.765279,3369328.0,4.1143664255899095,Europe
Lithuania,LTU,2006,14195783.0,30183575104.0,9230.707981,3323266.2,4.271635838260564,Europe
Lithuania,LTU,2007,15475053.0,39697891352.0,12285.44705,3277204.4,4.722028629035162,Europe
Lithuania,LTU,2008,14918748.0,47797551588.0,14944.99665,3231142.6,4.617174122862916,Europe
Lithuania,LTU,2009,12830513.0,37388122046.0,11820.77616,3185080.8,4.028316330310993,Europe
Lithuania,LTU,2010,13803169.0,37128694028.0,11987.50841,3139019.0,4.3972874965076665,Europe
Lithuania,LTU,2011,13960951.0,43535051482.0,14376.94786,3103968.2,4.49777513828911,Europe
Lithuania,LTU,2012,14055952.0,42927454291.0,14367.70942,3068917.4,4.580101113180824,Europe
Lithuania,LTU,2013,13154249.0,46523420074.0,15729.65247,3033866.6,4.335803360635566,Europe
Lithuania,LTU,2014,12854897.0,48533659592.0,16551.0182,2998815.8,4.286657753370514,Europe
Lithuania,LTU,2015,13055458.0,41435533340.0,14263.96458,2963765.0,4.405024689879259,Europe
Lithuania,LTU,2016,13121737.0,43047309306.0,15008.31324,2935065.4,4.470679597122436,Europe
Lithuania,LTU,2017,13286188.0,47758736932.0,16885.40739,2906365.8,4.571409421346756,Europe
Lithuania,LTU,2018,13434746.0,53750911866.0,19186.18128,2877666.2,4.668625568872442,Europe
Lithuania,LTU,2019,13677775.0,54697379017.0,19575.76848,2848966.6,4.800960109535858,Europe
Lithuania,LTU,2020,13538674.0,56546957475.0,20232.30204,2820267.0,4.800493712120164,Europe
Luxembourg,LUX,1970,13735355.0,1457768455.0,4298.033897,339342.0,40.47643675112423,Europe
Luxembourg,LUX,1971,13194012.0,1518773421.0,4435.398008,341781.9,38.603600717299535,Europe
Luxembourg,LUX,1972,13493196.0,1901697370.0,5486.720628,344221.8,39.19913265226084,Europe
Luxembourg,LUX,1973,14175353.0,2609875802.0,7447.213018,346661.7,40.89102718875491,Europe
Luxembourg,LUX,1974,14424045.0,3183637117.0,8966.728959,349101.6,41.317613554334905,Europe
Luxembourg,LUX,1975,11863886.0,3123333333.0,8701.304731,351541.5,33.74818051353823,Europe
Luxembourg,LUX,1976,11861830.0,3423586207.0,9490.690312,353981.4,33.50975503232655,Europe
Luxembourg,LUX,1977,10953946.0,3789321328.0,10486.33579,356421.3,30.733140808363586,Europe
Luxembourg,LUX,1978,11880833.0,4718539772.0,13034.38821,358861.2,33.10704249999721,Europe
Luxembourg,LUX,1979,12162236.0,5516982664.0,15204.33082,361301.1,33.66232762645893,Europe
Luxembourg,LUX,1980,11073563.0,6019805490.0,16531.1149,363741.0,30.443538121905423,Europe
Luxembourg,LUX,1981,9485958.0,5053665797.0,13837.12998,365493.6,25.953827919285047,Europe
Luxembourg,LUX,1982,8924177.0,4602316793.0,12590.9768,367246.2,24.300256884890842,Europe
Luxembourg,LUX,1983,8364030.0,4524217751.0,12374.03042,368998.8,22.666821680720915,Europe
Luxembourg,LUX,1984,9004226.0,4438435493.0,12126.9392,370751.4,24.286424811882032,Europe
Luxembourg,LUX,1985,9236842.0,4577211767.0,12481.96584,372504.0,24.796625002684536,Europe
Luxembourg,LUX,1986,9111157.0,6685595088.0,18149.86925,374256.6,24.344679559425273,Europe
Luxembourg,LUX,1987,8812260.0,8320902215.0,22443.43146,376009.2,23.436288261031912,Europe
Luxembourg,LUX,1988,9099730.0,9418167855.0,25219.35428,377761.8,24.088539391754274,Europe
Luxembourg,LUX,1989,9846277.0,10037674038.0,26618.06958,379514.4,25.944409487492436,Europe
Luxembourg,LUX,1990,11815503.0,12778792854.0,33465.47821,381267.0,30.99010142498564,Europe
Luxembourg,LUX,1991,12434925.0,13834219728.0,35747.3378,386703.1,32.156258897329764,Europe
Luxembourg,LUX,1992,12202474.0,15518702635.0,39570.86157,392139.2,31.117710241669283,Europe
Luxembourg,LUX,1993,12351908.0,15925521222.0,40066.72425,397575.3,31.06809703721534,Europe
Luxembourg,LUX,1994,11542851.0,17701798891.0,43933.23544,403011.4,28.641499967494713,Europe
Luxembourg,LUX,1995,9155929.0,20853093870.0,51032.34964,408447.5,22.416415818434437,Europe
Luxembourg,LUX,1996,9207411.0,20895314658.0,50444.35912,413883.6,22.24637796713859,Europe
Luxembourg,LUX,1997,8563894.0,19563836265.0,46641.64088,419319.7,20.423304700446938,Europe
Luxembourg,LUX,1998,7663257.0,20150053345.0,47445.38108,424755.8,18.04155940895922,Europe
Luxembourg,LUX,1999,8117591.0,21899317599.0,50872.44927,430191.9,18.869697453624767,Europe
Luxembourg,LUX,2000,8703619.0,21230182989.0,48659.59888,435628.0,19.979475607628526,Europe
Luxembourg,LUX,2001,9205489.0,21387533703.0,48440.14202,442772.2,20.79057583109328,Europe
Luxembourg,LUX,2002,9980627.0,23649833332.0,53005.73392,449916.4,22.183292273853542,Europe
Luxembourg,LUX,2003,10452518.0,29667268248.0,65689.32145,457060.6,22.868998115348383,Europe
Luxembourg,LUX,2004,11821717.0,35064843793.0,76544.91709,464204.8,25.46659793263663,Europe
Luxembourg,LUX,2005,12079575.0,37672280120.0,80988.13762,471349.0,25.627666548565923,Europe
Luxembourg,LUX,2006,11910985.0,42910146296.0,90788.80049,478493.2,24.89269439983682,Europe
Luxembourg,LUX,2007,11306903.0,51587401416.0,107475.3203,485637.4,23.282603440344584,Europe
Luxembourg,LUX,2008,11172490.0,58844277702.0,120422.1379,492781.6,22.67229539414621,Europe
Luxembourg,LUX,2009,10630350.0,54467289898.0,109419.747,499925.8,21.263855556164536,Europe
Luxembourg,LUX,2010,11197591.0,56213985987.0,110885.9914,507070.0,22.082929378586783,Europe
Luxembourg,LUX,2011,11102366.0,61696281326.0,119025.0572,519537.6,21.36970644665564,Europe
Luxembourg,LUX,2012,10872003.0,59776383527.0,112584.6763,532005.2,20.43589611530113,Europe
Luxembourg,LUX,2013,10338725.0,65203276467.0,120000.1407,544472.8,18.988505945567894,Europe
Luxembourg,LUX,2014,9823495.0,68804811898.0,123678.7021,556940.4,17.63832359800079,Europe
Luxembourg,LUX,2015,9350996.0,60071584216.0,105462.0126,569408.0,16.422312296279646,Europe
Luxembourg,LUX,2016,9094195.0,62216885436.0,106899.2935,581606.2,15.636344660699972,Europe
Luxembourg,LUX,2017,9267992.0,65712180343.0,110193.2138,593804.4,15.60781967934222,Europe
Luxembourg,LUX,2018,9573905.0,71285019397.0,117254.7404,606002.6,15.798455320158693,Europe
Luxembourg,LUX,2019,9769623.0,70195715496.0,113218.7133,618200.8,15.803316656982648,Europe
Luxembourg,LUX,2020,8067690.0,73353132794.0,116356.158,630399.0,12.797751899987151,Europe
Macao,MAC,1982,483648.0,1142503775.0,4549.016837,266311.0,1.816102226344387,Asia
Macao,MAC,1983,681504.0,1133008226.0,4342.342034,276800.5,2.46207647746301,Asia
Macao,MAC,1984,604560.0,1304353237.0,4796.93299,287290.0,2.1043544850151417,Asia
Macao,MAC,1985,732800.0,1362079312.0,4804.682041,297779.5,2.4608812896791084,Asia
Macao,MAC,1986,875696.0,1532097040.0,5183.06018,308269.0,2.8406878408143537,Asia
Macao,MAC,1987,970960.0,1957726785.0,6352.522656,318758.5,3.046067791133413,Asia
Macao,MAC,1988,963632.0,2288759545.0,7135.115518,329248.0,2.926766449606376,Asia
Macao,MAC,1989,1029584.06,2705659767.0,8130.402595,339737.5,3.030528157768866,Asia
Macao,MAC,1990,1033247.94,3246477995.0,9442.486665,350227.0,2.9502235407321535,Asia
Macao,MAC,1991,1091872.0,3765226191.0,10647.57154,358393.9,3.0465697100313367,Asia
Macao,MAC,1992,1080880.0,4914391079.0,13564.12522,366560.8,2.948705917272114,Asia
Macao,MAC,1993,1179808.0,5665570561.0,15304.28709,374727.7,3.1484408545191616,Asia
Macao,MAC,1994,1271408.0,6311194302.0,16704.89883,382894.6,3.320516925545568,Asia
Macao,MAC,1995,1231104.0,7046110595.0,18277.0425,391061.5,3.1481084177296923,Asia
Macao,MAC,1996,1406976.0,7176892950.0,18244.35896,399228.4,3.5242382555950424,Asia
Macao,MAC,1997,1487584.0,7267563603.0,18107.65985,407395.3,3.6514510599410452,Asia
Macao,MAC,1998,1557200.0,6797764075.0,16595.29338,415562.2,3.747212811944878,Asia
Macao,MAC,1999,1516896.0,6547629475.0,15649.65887,423729.1,3.5798721400064335,Asia
Macao,MAC,2000,1630480.0,6774193548.0,15835.99101,431896.0,3.775168096023117,Asia
Macao,MAC,2001,1685440.0,6860272608.0,15665.29797,444436.1,3.7923112006427924,Asia
Macao,MAC,2002,1516896.0,7371723056.0,16424.93211,456976.2,3.319420136103368,Asia
Macao,MAC,2003,1531552.0,8246521717.0,17921.10457,469516.3,3.261978338132244,Asia
Macao,MAC,2004,1714752.0,10643215078.0,22568.31017,482056.4,3.557160531423294,Asia
Macao,MAC,2005,1828336.0,12160002996.0,25183.13268,494596.5,3.6966213873329066,Asia
Macao,MAC,2006,1619488.0,14874147024.0,30121.56043,507136.6,3.193396019928359,Asia
Macao,MAC,2007,1363008.0,18439876056.0,36550.50516,519676.7,2.6227999061724336,Asia
Macao,MAC,2008,1132176.0,21027044551.0,40810.82804,532216.8,2.1272834679401327,Asia
Macao,MAC,2009,1890624.0,21587740942.0,41010.06826,544756.9,3.4705829334148866,Asia
Macao,MAC,2010,1234768.0,28241858489.0,52473.19099,557297.0,2.2156372634340395,Asia
Macao,MAC,2011,1293392.0,36845925519.0,66891.28197,568885.4,2.273554568283876,Asia
Macao,MAC,2012,1132176.0,43189526778.0,76572.15179,580473.8,1.950434283166613,Asia
Macao,MAC,2013,989280.0,51536304808.0,89260.7571,592062.2,1.6709055231021337,Asia
Macao,MAC,2014,1293392.0,54903031138.0,93022.87514,603650.6,2.1426169376788495,Asia
Macao,MAC,2015,1769712.0,45047964934.0,74818.94813,615239.0,2.8764626429728937,Asia
Macao,MAC,2016,1780704.0,45070605746.0,73545.75824,627447.8,2.8380113851702085,Asia
Macao,MAC,2017,1927264.0,50440941939.0,81019.47377,639656.6,3.0129666449154127,Asia
Macao,MAC,2018,1242096.0,55284360483.0,87526.07999,651865.4,1.9054485788016973,Asia
Macao,MAC,2019,1212784.0,55204758070.0,86197.36569,664074.2,1.826277846662316,Asia
Macao,MAC,2020,1033247.94,25586111076.0,39403.13591,676283.0,1.5278336731811977,Asia
Madagascar,MDG,1970,970663.0,1111859570.0,169.0705601,6639751.0,0.1461896688595702,Africa
Madagascar,MDG,1971,1025624.06,1199507630.0,177.4983312,6870592.1,0.14927739051776923,Africa
Madagascar,MDG,1972,1285797.0,1341590682.0,193.1285826,7101433.2,0.1810616200684673,Africa
Madagascar,MDG,1973,1073256.0,1653062347.0,231.4359587,7332274.3,0.14637422934382038,Africa
Madagascar,MDG,1974,1186898.0,1917508190.0,261.0355901,7563115.4,0.15693241967456956,Africa
Madagascar,MDG,1975,1692530.0,2283049233.0,302.1492277,7793956.5,0.21715928232342585,Africa
Madagascar,MDG,1976,992234.0,2181844194.0,280.6789305,8024797.6,0.12364598454171605,Africa
Madagascar,MDG,1977,845601.0,2358930406.0,294.9342463,8255638.7,0.1024270841697566,Africa
Madagascar,MDG,1978,1017215.94,2669755116.0,324.3846534,8486479.8,0.11986311921699264,Africa
Madagascar,MDG,1979,1130237.0,3463565881.0,408.9371863,8717320.9,0.12965416932167773,Africa
Madagascar,MDG,1980,1613940.0,5201818349.0,596.7749793,8948162.0,0.18036553205004557,Africa
Madagascar,MDG,1981,1024539.94,4759333970.0,530.504306,9241622.0,0.11086148513756568,Africa
Madagascar,MDG,1982,1013337.0,4784977349.0,518.1834912,9535082.0,0.1062745973238615,Africa
Madagascar,MDG,1983,650391.0,4686457013.0,493.0889593,9828542.0,0.06617370104334905,Africa
Madagascar,MDG,1984,866372.0,3905938481.0,399.3447291,10122002.0,0.085592948904772,Africa
Madagascar,MDG,1985,1053031.0,3802557895.0,377.8566642,10415462.0,0.10110266832138604,Africa
Madagascar,MDG,1986,1137097.0,4347989799.0,420.0097235,10708922.0,0.10618220956320347,Africa
Madagascar,MDG,1987,1282418.0,3212900561.0,301.7444677,11002382.0,0.1165582143939376,Africa
Madagascar,MDG,1988,1285795.0,3189456961.0,291.2108877,11295842.0,0.11382905320382491,Africa
Madagascar,MDG,1989,925801.0,3175638333.0,281.8117066,11589302.0,0.0798841034602429,Africa
Madagascar,MDG,1990,944296.0,3931334871.0,338.9477127,11882762.0,0.07946771971028284,Africa
Madagascar,MDG,1991,1024866.0,3254713056.0,272.5249191,12316128.9,0.0832133220041242,Africa
Madagascar,MDG,1992,1002845.06,3714967007.0,301.9969866,12749495.8,0.0786576250332974,Africa
Madagascar,MDG,1993,1032120.0,4063298919.0,320.5639901,13182862.7,0.07829255477264434,Africa
Madagascar,MDG,1994,1152161.0,3522226903.0,269.5607119,13616229.6,0.08461674294916414,Africa
Madagascar,MDG,1995,1192441.0,3838101052.0,284.8227287,14049596.5,0.08487368302712466,Africa
Madagascar,MDG,1996,1245339.0,4931861239.0,354.7413311,14482963.4,0.08598647704930332,Africa
Madagascar,MDG,1997,1535182.0,4262965282.0,297.1150598,14916330.3,0.10291954985738012,Africa
Madagascar,MDG,1998,1619053.0,4401967499.0,297.2536718,15349697.2,0.10547784616884821,Africa
Madagascar,MDG,1999,1762736.0,4277903780.0,279.9212866,15783064.1,0.11168528422817468,Africa
Madagascar,MDG,2000,1947883.0,4629247091.0,293.6071574,16216431.0,0.12011786070560163,Africa
Madagascar,MDG,2001,1743020.0,5438332738.0,334.4416177,16767893.2,0.10394985101646521,Africa
Madagascar,MDG,2002,1235809.0,5351701534.0,319.2163788,17319355.4,0.07135421448768238,Africa
Madagascar,MDG,2003,1692058.0,6372498720.0,368.7972369,17870817.6,0.09468274132012851,Africa
Madagascar,MDG,2004,1804376.0,5064732716.0,284.4877263,18422279.8,0.09794531510698258,Africa
Madagascar,MDG,2005,1741080.0,5859269849.0,319.5374751,18973742.0,0.09176260539433918,Africa
Madagascar,MDG,2006,1674711.0,6395712392.0,338.7511983,19525204.2,0.08577175341397966,Africa
Madagascar,MDG,2007,1735019.0,8524620739.0,438.6555158,20076666.4,0.08641967572863592,Africa
Madagascar,MDG,2008,1779958.0,10725137931.0,536.3514017,20628128.6,0.08628790495323943,Africa
Madagascar,MDG,2009,1706379.0,9616879571.0,467.5397834,21179590.8,0.08056713730276602,Africa
Madagascar,MDG,2010,1871843.0,9982711338.0,471.9592116,21731053.0,0.0861367831554228,Africa
Madagascar,MDG,2011,2373945.0,11551819618.0,531.2654321,22355024.8,0.10619290388798852,Africa
Madagascar,MDG,2012,2744214.0,11578974888.0,518.1528127,22978996.6,0.1194227079523568,Africa
Madagascar,MDG,2013,3207590.0,12423555269.0,541.0659437,23602968.4,0.13589773733713936,Africa
Madagascar,MDG,2014,3157868.0,12522957228.0,530.8610389,24226940.2,0.13034530873197103,Africa
Madagascar,MDG,2015,3227484.0,11323020829.0,467.2354316,24850912.0,0.12987386539375295,Africa
Madagascar,MDG,2016,3267788.0,11848613735.0,475.9555568,25525765.0,0.1280191994245814,Africa
Madagascar,MDG,2017,4118890.8,13176313594.0,515.2933234,26200618.0,0.1572058643807562,Africa
Madagascar,MDG,2018,3791318.0,13614412551.0,518.401123,26875471.0,0.14106982534371212,Africa
Madagascar,MDG,2019,4256360.0,14191911512.0,526.2245722,27550324.0,0.15449400885448752,Africa
Madagascar,MDG,2020,3963948.0,13225591804.0,477.6130414,28225177.0,0.14044014675266694,Africa
Malawi,MWI,1970,454069.0,290531621.3,61.76552389,4625141.0,0.09817408809807096,Africa
Malawi,MWI,1971,501672.03,365386929.8,75.66369202,4789363.8,0.10474711275848371,Africa
Malawi,MWI,1972,545572.0,406062874.3,81.89135592,4953586.6,0.11013676433959993,Africa
Malawi,MWI,1973,571115.0,444281703.9,87.22748953,5117809.4,0.11159364395243011,Africa
Malawi,MWI,1974,549090.0,548621017.6,104.7971848,5282032.2,0.10395430758638692,Africa
Malawi,MWI,1975,578272.0,613220652.9,113.8799734,5446255.0,0.10617791491584584,Africa
Malawi,MWI,1976,581989.0,670317634.2,120.8726248,5610477.8,0.10373251989340374,Africa
Malawi,MWI,1977,636859.0,806290840.6,141.0103755,5774700.6,0.11028433231672652,Africa
Malawi,MWI,1978,669734.0,949034016.8,160.9387662,5938923.4,0.1127702707867894,Africa
Malawi,MWI,1979,636722.0,1058269066.0,174.186763,6103146.2,0.10432684702850474,Africa
Malawi,MWI,1980,710076.0,1237655461.0,198.0111239,6267369.0,0.11329730226511316,Africa
Malawi,MWI,1981,603851.0,1237685692.0,193.0150259,6594598.6,0.09156751405612466,Africa
Malawi,MWI,1982,593091.0,1180104216.0,179.7299592,6921828.2,0.08568415494623227,Africa
Malawi,MWI,1983,574535.0,1223186840.0,181.5376428,7249057.8,0.0792565069628773,Africa
Malawi,MWI,1984,556183.0,1208008985.0,173.4495492,7576287.4,0.07341102186804581,Africa
Malawi,MWI,1985,556311.0,1131347798.0,155.6556983,7903517.0,0.07038777799807351,Africa
Malawi,MWI,1986,552455.0,1183654828.0,154.3953318,8230746.6,0.06712088548564962,Africa
Malawi,MWI,1987,545095.0,1183094128.0,145.3229066,8557976.2,0.06369438138890829,Africa
Malawi,MWI,1988,541487.0,1379924257.0,159.7747397,8885205.8,0.06094253888863215,Africa
Malawi,MWI,1989,563351.0,1590215583.0,175.2194003,9212435.4,0.06115114793640778,Africa
Malawi,MWI,1990,740333.0,1880771556.0,199.9863636,9539665.0,0.07760576498231332,Africa
Malawi,MWI,1991,787610.0,2203545857.0,229.5273955,9708637.2,0.08112467113304019,Africa
Malawi,MWI,1992,787089.0,1799517082.0,185.7858674,9877609.4,0.07968415920556647,Africa
Malawi,MWI,1993,881995.0,2070636936.0,213.2405252,10046581.6,0.08779055753650575,Africa
Malawi,MWI,1994,901750.0,1181802596.0,121.2640654,10215553.8,0.08827225793671606,Africa
Malawi,MWI,1995,906502.0,1397457932.0,141.9543474,10384526.0,0.08729353655621835,Africa
Malawi,MWI,1996,919530.0,2281034131.0,227.5849064,10553498.2,0.08713035076843051,Africa
Malawi,MWI,1997,914855.0,2663234934.0,259.4504941,10722470.4,0.08532128939241464,Africa
Malawi,MWI,1998,901754.0,1750584265.0,165.8952835,10891442.6,0.08279472546639506,Africa
Malawi,MWI,1999,893264.0,1775921718.0,163.6142015,11060414.8,0.08076225133979605,Africa
Malawi,MWI,2000,857646.0,1743506531.0,156.3858168,11229387.0,0.0763751396224923,Africa
Malawi,MWI,2001,773253.0,1716502862.0,150.1489426,11578290.5,0.06678472957644309,Africa
Malawi,MWI,2002,856235.0,3495748398.0,298.4334104,11927194.0,0.07178846927449993,Africa
Malawi,MWI,2003,918499.0,3208837077.0,267.3990119,12276097.5,0.07482011282494294,Africa
Malawi,MWI,2004,901678.0,3476094499.0,282.5671076,12625001.0,0.071420033946928,Africa
Malawi,MWI,2005,848983.0,3655909664.0,289.5552148,12973904.5,0.06543774081272141,Africa
Malawi,MWI,2006,847983.0,3998020177.0,308.1636182,13322808.0,0.06364896949652055,Africa
Malawi,MWI,2007,919470.0,4432937046.0,332.2590946,13671711.5,0.06725346713174865,Africa
Malawi,MWI,2008,998373.0,5321012192.0,387.6057212,14020615.0,0.07120750409308008,Africa
Malawi,MWI,2009,1013307.0,6191127665.0,438.2118568,14369518.5,0.0705178117137328,Africa
Malawi,MWI,2010,968498.0,6959655571.0,478.6686885,14718422.0,0.0658017551066276,Africa
Malawi,MWI,2011,1056154.0,8004000737.0,534.9510502,15162526.0,0.06965554420154003,Africa
Malawi,MWI,2012,1066113.0,6028487929.0,391.5617052,15606630.0,0.06831154451665734,Africa
Malawi,MWI,2013,1145877.0,5518880769.0,348.4298737,16050734.0,0.07139094075074698,Africa
Malawi,MWI,2014,1040758.94,6047813437.0,371.2695217,16494838.0,0.06309603889410735,Africa
Malawi,MWI,2015,1082885.0,6373212641.0,380.5969877,16938942.0,0.06392872707161994,Africa
Malawi,MWI,2016,1205613.0,5433040160.0,315.7779871,17426565.8,0.06918247770883233,Africa
Malawi,MWI,2017,1229673.0,8943543677.0,506.1372944,17914189.6,0.06864240177518273,Africa
Malawi,MWI,2018,1723025.0,9880676219.0,544.5934593,18401813.4,0.09363343506135108,Africa
Malawi,MWI,2019,1636507.0,11025370769.0,591.8470837,18889437.2,0.08663609098951874,Africa
Malawi,MWI,2020,1870757.0,12172128470.0,636.2863096,19377061.0,0.09654493011091826,Africa
Malaysia,MYS,1970,14585889.0,3864170913.0,357.6567994,10306508.0,1.4152115343043443,Asia
Malaysia,MYS,1971,16662594.0,4244340334.0,383.6714717,10597427.9,1.5723243561770304,Asia
Malaysia,MYS,1972,17900626.0,5043268549.0,445.3501578,10888347.8,1.6440167350275126,Asia
Malaysia,MYS,1973,17505126.0,7662996767.0,661.022691,11179267.7,1.5658562322467688,Asia
Malaysia,MYS,1974,19044680.0,9496074114.0,799.9319789,11470187.6,1.6603634277088894,Asia
Malaysia,MYS,1975,19445158.0,9298800799.0,764.5663786,11761107.5,1.6533441259677288,Asia
Malaysia,MYS,1976,23897642.0,11050125905.0,886.2300432,12052027.4,1.9828731886221898,Asia
Malaysia,MYS,1977,22620840.0,13139397879.0,1027.292911,12342947.3,1.8326935577210153,Asia
Malaysia,MYS,1978,23260444.0,16358376511.0,1246.558309,12633867.2,1.841118291951019,Asia
Malaysia,MYS,1979,27305936.0,21213672089.0,1576.048806,12924787.1,2.112679751606895,Asia
Malaysia,MYS,1980,28032596.0,24488033442.0,1774.740297,13215707.0,2.121157498422143,Asia
Malaysia,MYS,1981,30877660.0,25004557094.0,1769.099402,13645841.7,2.2627889637617593,Asia
Malaysia,MYS,1982,30641940.0,26804401816.0,1852.256484,14075976.4,2.1768962329320187,Asia
Malaysia,MYS,1983,38048304.0,30346788438.0,2047.770288,14506111.1,2.622915524202762,Asia
Malaysia,MYS,1984,34794430.0,33943505718.0,2234.257204,14936245.8,2.3295298206728763,Asia
Malaysia,MYS,1985,36329770.0,31200161095.0,2000.148286,15366380.5,2.36423730363829,Asia
Malaysia,MYS,1986,40101890.0,27734562640.0,1728.684805,15796515.2,2.538654221660231,Asia
Malaysia,MYS,1987,40877684.0,32181695507.0,1947.808238,16226649.9,2.51916965312723,Asia
Malaysia,MYS,1988,42869204.0,35271880250.0,2072.077686,16656784.6,2.5736782355941616,Asia
Malaysia,MYS,1989,50083868.0,38848567631.0,2216.250446,17086919.3,2.931123341818557,Asia
Malaysia,MYS,1990,54269364.0,44024178343.0,2441.741991,17517054.0,3.09808738387174,Asia
Malaysia,MYS,1991,65785132.0,49143148094.0,2653.526169,18059863.6,3.6426151081229645,Asia
Malaysia,MYS,1992,72961016.0,59167550163.0,3113.645677,18602673.2,3.922071587001808,Asia
Malaysia,MYS,1993,86718630.0,66894837030.0,3433.162787,19145482.8,4.529456420916165,Asia
Malaysia,MYS,1994,88036030.0,74478356958.0,3728.110481,19688292.4,4.47149139251914,Asia
Malaysia,MYS,1995,110840970.0,88705342903.0,4329.707998,20231102.0,5.478741098730064,Asia
Malaysia,MYS,1996,110632800.0,100855000000.0,4798.61177,20773911.6,5.325564204287843,Asia
Malaysia,MYS,1997,119628820.0,100005000000.0,4637.865661,21316721.2,5.61197094419943,Asia
Malaysia,MYS,1998,109781690.0,72167498981.0,3263.334883,21859530.8,5.022143018733046,Asia
Malaysia,MYS,1999,103986550.0,79148421053.0,3492.670125,22402340.4,4.641771714173221,Asia
Malaysia,MYS,2000,122878050.0,93789736842.0,4043.662923,22945150.0,5.3552951277285175,Asia
Malaysia,MYS,2001,130890050.0,92783947368.0,3913.429386,23522408.1,5.564483425487376,Asia
Malaysia,MYS,2002,132035230.0,100846000000.0,4165.726104,24099666.2,5.478716132591082,Asia
Malaysia,MYS,2003,153384340.0,110202000000.0,4461.847325,24676924.3,6.215699255518646,Asia
Malaysia,MYS,2004,169678300.0,124749000000.0,4952.213958,25254182.4,6.71881977062144,Asia
Malaysia,MYS,2005,169967330.0,143534000000.0,5587.02478,25831440.5,6.579862629031471,Asia
Malaysia,MYS,2006,170166450.0,162691000000.0,6209.126167,26408698.6,6.4435757542403085,Asia
Malaysia,MYS,2007,175450780.0,193548000000.0,7243.456801,26985956.7,6.501558642165909,Asia
Malaysia,MYS,2008,192847060.0,230814000000.0,8474.587762,27563214.8,6.996537283452146,Asia
Malaysia,MYS,2009,192119070.0,202258000000.0,7292.494973,28140472.9,6.827144329902146,Asia
Malaysia,MYS,2010,199346100.0,255017000000.0,9040.568495,28717731.0,6.941568607909866,Asia
Malaysia,MYS,2011,203452350.0,297952000000.0,10399.37021,29187951.4,6.9704223914803425,Asia
Malaysia,MYS,2012,212989970.0,314443000000.0,10817.43171,29658171.8,7.18149356731422,Asia
Malaysia,MYS,2013,241671090.0,323277000000.0,10970.1043,30128392.2,8.021373606521227,Asia
Malaysia,MYS,2014,245049710.0,338062000000.0,11319.06194,30598612.6,8.008523562927817,Asia
Malaysia,MYS,2015,235505740.0,301355000000.0,9955.242722,31068833.0,7.5801282912686165,Asia
Malaysia,MYS,2016,236817360.0,301255000000.0,9817.78709,31495065.0,7.519189434916232,Asia
Malaysia,MYS,2017,244105580.0,319112000000.0,10259.30481,31921297.0,7.647107196176897,Asia
Malaysia,MYS,2018,262207180.0,358792000000.0,11380.07922,32347529.0,8.105941569756379,Asia
Malaysia,MYS,2019,267494290.0,365276000000.0,11432.82603,32773761.0,8.161842945031545,Asia
Malaysia,MYS,2020,269248670.0,337006000000.0,10412.34767,33199993.0,8.109901408714153,Asia
Maldives,MDV,1980,43968.0,42463576.16,268.2966315,164887.0,0.266655345782263,Asia
Maldives,MDV,1981,47632.0,44781456.95,273.3560224,170894.0,0.2787224829426428,Asia
Maldives,MDV,1982,47632.0,47911119.78,282.0806704,176901.0,0.2692579465350676,Asia
Maldives,MDV,1983,51296.0,57829787.23,328.1029601,182908.0,0.28044700067793643,Asia
Maldives,MDV,1984,58624.0,109503546.1,598.8774616,188915.0,0.310319455839928,Asia
Maldives,MDV,1985,65952.0,127190758.0,671.0496885,194922.0,0.33835072490534673,Asia
Maldives,MDV,1986,80608.0,141882254.2,722.9226963,200929.0,0.4011765349949485,Asia
Maldives,MDV,1987,80608.0,141223029.4,695.5977095,206936.0,0.3895310627440368,Asia
Maldives,MDV,1988,95264.0,168514513.4,803.2648037,212943.0,0.44736854463401005,Asia
Maldives,MDV,1989,124576.0,189514434.2,875.3472681,218950.0,0.5689700844941767,Asia
Maldives,MDV,1990,172208.0,215043969.8,963.6356582,224957.0,0.7655151873469151,Asia
Maldives,MDV,1991,153888.0,244396761.9,1063.783279,230712.0,0.6670134193279933,Asia
Maldives,MDV,1992,230832.0,284874919.6,1205.712591,236467.0,0.9761700364110003,Asia
Maldives,MDV,1993,197856.0,322417837.2,1329.031959,242222.0,0.8168374466398594,Asia
Maldives,MDV,1994,197856.0,356013395.7,1432.17689,247977.0,0.7978804485899902,Asia
Maldives,MDV,1995,249152.0,398988955.0,1569.932617,253732.0,0.9819494584837545,Asia
Maldives,MDV,1996,289456.0,450382328.0,1737.733635,259487.0,1.1154932617048252,Asia
Maldives,MDV,1997,329760.0,508223602.4,1926.286035,265242.0,1.2432420204944918,Asia
Maldives,MDV,1998,300448.0,540096397.6,2011.944337,270997.0,1.1086764798134296,Asia
Maldives,MDV,1999,421360.0,589239753.6,2154.268226,276752.0,1.52251835578424,Asia
Maldives,MDV,2000,450672.0,624337145.3,2234.595861,282507.0,1.5952595864881225,Asia
Maldives,MDV,2001,461664.0,870030468.6,3038.781417,290413.8,1.5896765236362735,Asia
Maldives,MDV,2002,593568.0,897031250.0,3049.207981,298320.6,1.9896983312583847,Asia
Maldives,MDV,2003,505631.97,1052121055.0,3476.006273,306227.4,1.6511650165857135,Asia
Maldives,MDV,2004,666848.0,1226829563.0,3941.431136,314134.2,2.122812479507166,Asia
Maldives,MDV,2005,600896.0,1163362438.0,3640.012132,322041.0,1.865899062541726,Asia
Maldives,MDV,2006,743792.0,1575200391.0,4809.93374,329947.8,2.254271736317078,Asia
Maldives,MDV,2007,780432.0,1868383461.0,5574.401981,337854.6,2.3099641088207767,Asia
Maldives,MDV,2008,842720.0,2271646188.0,6614.23618,345761.4,2.4372876787287416,Asia
Maldives,MDV,2009,883024.0,2345294875.0,6636.543871,353668.2,2.4967582609915167,Asia
Maldives,MDV,2010,934320.0,2588176055.0,7076.739821,361575.0,2.584028209914955,Asia
Maldives,MDV,2011,985616.0,2774351760.0,7291.465967,376376.4,2.6186976654221676,Asia
Maldives,MDV,2012,1110192.0,2886170572.0,7265.723399,391177.8,2.83807516684229,Asia
Maldives,MDV,2013,1091872.0,3295011382.0,7928.476443,405979.2,2.6894776875268485,Asia
Maldives,MDV,2014,1315376.0,3697351597.0,8499.307148,420780.6,3.126037654777811,Asia
Maldives,MDV,2015,1278736.0,4109424800.0,9033.41027,435582.0,2.9356952307487454,Asia
Maldives,MDV,2016,1436288.0,4379136462.0,9209.443564,451353.2,3.182181936452428,Asia
Maldives,MDV,2017,1513232.0,4754175869.0,9577.346946,467124.4,3.239462550018796,Asia
Maldives,MDV,2018,1740400.0,5300962660.0,10279.07998,482895.6,3.604091650451982,Asia
Maldives,MDV,2019,1952912.0,5607762625.0,10561.61351,498666.8,3.916266332549109,Asia
Maldives,MDV,2020,1648800.0,3742769967.0,6924.105745,514438.0,3.2050509488023824,Asia
Mali,MLI,1970,201520.0,359772315.1,60.4756724,6153587.0,0.03274837911611553,Africa
Mali,MLI,1971,227168.0,395218629.4,65.38457443,6275486.4,0.03619926576527996,Africa
Mali,MLI,1972,245488.0,486617279.4,79.15740204,6397385.8,0.03837317424251637,Africa
Mali,MLI,1973,267294.0,563683703.2,90.10014291,6519285.2,0.04100050723352309,Africa
Mali,MLI,1974,303934.0,538747340.8,84.59768687,6641184.6,0.045765028124651136,Africa
Mali,MLI,1975,340544.0,830710613.9,128.1509527,6763084.0,0.05035335950285402,Africa
Mali,MLI,1976,340257.0,939228016.2,142.3780112,6884983.4,0.04942016272689924,Africa
Mali,MLI,1977,413473.0,1049838550.0,156.4059579,7006882.8,0.059009549867167756,Africa
Mali,MLI,1978,394948.0,1222702572.0,178.990845,7128782.2,0.055401888979018044,Africa
Mali,MLI,1979,427912.0,1595422954.0,229.3457664,7250681.6,0.05901679643469657,Africa
Mali,MLI,1980,391343.0,1759691183.0,248.1890561,7372581.0,0.053080868151872455,Africa
Mali,MLI,1981,394884.0,1538972427.0,212.7202384,7529825.5,0.05244264956737709,Africa
Mali,MLI,1982,365132.0,1333754226.0,180.5134383,7687070.0,0.04749950241119178,Africa
Mali,MLI,1983,416621.0,1297765326.0,171.9996408,7844314.5,0.05311120557443229,Africa
Mali,MLI,1984,434818.0,1232932105.0,160.2280724,8001559.0,0.05434166016897457,Africa
Mali,MLI,1985,405383.0,1392196049.0,177.7599538,8158803.5,0.049686574753271116,Africa
Mali,MLI,1986,379612.0,1852163456.0,232.8926646,8316048.0,0.045648125167146704,Africa
Mali,MLI,1987,357505.0,2090629984.0,259.312078,8473292.5,0.042191981452310304,Africa
Mali,MLI,1988,383030.0,2169040605.0,265.4388997,8630537.0,0.04438078418527144,Africa
Mali,MLI,1989,415882.0,2181821906.0,262.967724,8787781.5,0.047325027368966786,Africa
Mali,MLI,1990,422243.0,2681912149.0,317.3892458,8945026.0,0.0472042227714039,Africa
Mali,MLI,1991,425894.0,2724131460.0,315.4562709,9174433.5,0.04642183084110861,Africa
Mali,MLI,1992,462522.0,2830673381.0,319.8380288,9403841.0,0.04918437051413353,Africa
Mali,MLI,1993,502812.97,2818281080.0,310.1383764,9633248.5,0.05219557763925637,Africa
Mali,MLI,1994,548393.0,2081846499.0,223.0177142,9862656.0,0.05560297347894928,Africa
Mali,MLI,1995,595200.0,2706425158.0,282.3410342,10092063.5,0.05897703675764624,Africa
Mali,MLI,1996,646081.0,2780422048.0,282.6328692,10321471.0,0.06259582573065409,Africa
Mali,MLI,1997,726665.0,2697105822.0,267.1893038,10550878.5,0.06887246403226044,Africa
Mali,MLI,1998,934320.0,2920358713.0,281.8725614,10780286.0,0.08666931471020342,Africa
Mali,MLI,1999,970960.0,3440724708.0,323.2871441,11009693.5,0.08819137426486941,Africa
Mali,MLI,2000,1066224.0,2961484954.0,270.5430066,11239101.0,0.09486737417877106,Africa
Mali,MLI,2001,1161488.0,3468337941.0,307.7058286,11668109.0,0.09954380782695808,Africa
Mali,MLI,2002,1209120.0,3908121310.0,336.4171745,12097117.0,0.09995108751944781,Africa
Mali,MLI,2003,1245760.0,4714071978.0,393.4067552,12526125.0,0.09945294334840184,Africa
Mali,MLI,2004,1406976.0,5454249123.0,440.9584225,12955133.0,0.10860374802790523,Africa
Mali,MLI,2005,1454608.0,6247515892.0,489.0228556,13384141.0,0.10868146114121183,Africa
Mali,MLI,2006,1535216.0,6905934219.0,523.0429833,13813149.0,0.11114163758025053,Africa
Mali,MLI,2007,1788032.0,8156468818.0,597.4798157,14242157.0,0.12554502804596243,Africa
Mali,MLI,2008,1956576.0,9838403091.0,697.0878037,14671165.0,0.13336200635736833,Africa
Mali,MLI,2009,1886960.0,10231962383.0,701.7120055,15100173.0,0.12496280671751245,Africa
Mali,MLI,2010,2088480.0,10689168011.0,710.2743036,15529181.0,0.13448745300862935,Africa
Mali,MLI,2011,2279008.0,12995112698.0,837.6057753,16045926.2,0.1420303179507332,Africa
Mali,MLI,2012,2436560.0,12442035328.0,778.6252109,16562671.4,0.14711153419369294,Africa
Mali,MLI,2013,2743394.0,13242690790.0,805.0339407,17079416.6,0.16062574409011135,Africa
Mali,MLI,2014,3135649.0,14364937128.0,848.2789916,17596161.8,0.1782007369357106,Africa
Mali,MLI,2015,3281577.0,13104764379.0,751.4728892,18112907.0,0.1811734030324343,Africa
Mali,MLI,2016,4234638.0,14026048334.0,780.7235497,18735133.6,0.2260265707419348,Africa
Mali,MLI,2017,4656420.0,15365713059.0,830.0214445,19357360.2,0.24055036182051312,Africa
Mali,MLI,2018,4908662.0,17070867578.0,894.8048435,19979586.8,0.24568385968822937,Africa
Mali,MLI,2019,5832595.0,17280250805.0,879.0431675,20601813.4,0.28311075761903565,Africa
Mali,MLI,2020,6418546.0,17465392779.0,862.453012,21224040.0,0.3024186724110961,Africa
Malta,MLT,1970,663184.0,250721821.6,828.4216803,315414.0,2.1025826374225622,Europe
Malta,MLT,1971,659520.0,264579879.8,874.0663356,317231.3,2.0789877921882236,Europe
Malta,MLT,1972,839056.0,295118249.3,975.7588009,319048.6,2.629868929059711,Europe
Malta,MLT,1973,806080.0,345602025.4,1143.620203,320865.9,2.512202138027132,Europe
Malta,MLT,1974,743792.0,376094108.5,1245.361225,322683.2,2.305022387282635,Europe
Malta,MLT,1975,666848.0,474620439.6,1560.112154,324500.5,2.054998374424693,Europe
Malta,MLT,1976,762112.0,527936988.8,1726.559448,326317.8,2.3354901264963175,Europe
Malta,MLT,1977,802416.0,625573345.5,2037.897337,328135.1,2.4453830144961635,Europe
Malta,MLT,1978,934320.0,793675169.9,2558.740255,329952.4,2.8316811758302105,Europe
Malta,MLT,1979,905008.0,1001300838.0,3195.552586,331769.7,2.7278199305120387,Europe
Malta,MLT,1980,1022256.0,1250242108.0,3948.403126,333587.0,3.06443596423122,Europe
Malta,MLT,1981,1143168.0,1243469361.0,3898.243037,336767.5,3.3945318357620615,Europe
Malta,MLT,1982,1311712.0,1234518125.0,3788.050632,339948.0,3.8585666043041877,Europe
Malta,MLT,1983,996608.0,1165771369.0,3527.04,343128.5,2.904474562736701,Europe
Malta,MLT,1984,1363008.0,1101828569.0,3332.885357,346309.0,3.9358145471241,Europe
Malta,MLT,1985,1198128.0,1117835286.0,3322.421283,349489.5,3.428223165502826,Europe
Malta,MLT,1986,1483920.0,1435079200.0,4194.653939,352670.0,4.207672895341254,Europe
Malta,MLT,1987,1853984.0,1751247763.0,5083.669139,355850.5,5.210008135438899,Europe
Malta,MLT,1988,2011535.9,2019474244.0,5814.364771,359031.0,5.602680269948834,Europe
Malta,MLT,1989,2169088.0,2118574772.0,6040.609862,362211.5,5.988457020276827,Europe
Malta,MLT,1990,2427397.0,2547163582.0,7191.923603,365392.0,6.643268051845689,Europe
Malta,MLT,1991,2271843.0,2750041434.0,7558.277383,368774.0,6.160529213013933,Europe
Malta,MLT,1992,2293597.0,3021910217.0,8220.245518,372156.0,6.162998849944647,Europe
Malta,MLT,1993,2885588.0,2709178327.0,7296.310144,375538.0,7.683877530369763,Europe
Malta,MLT,1994,2658345.0,2998570147.0,8000.518005,378920.0,7.015583764382983,Europe
Malta,MLT,1995,2452126.0,3720400535.0,9857.480771,382302.0,6.4141071718170455,Europe
Malta,MLT,1996,2533947.0,3822882801.0,10062.73358,385684.0,6.570008089524066,Europe
Malta,MLT,1997,2556249.0,3793418418.0,9909.894481,389066.0,6.5702194486282535,Europe
Malta,MLT,1998,2524936.0,4010571223.0,10409.30845,392448.0,6.433810339204175,Europe
Malta,MLT,1999,2572865.0,4121350732.0,10633.60338,395830.0,6.499924209888083,Europe
Malta,MLT,2000,2468153.0,4069515579.0,10432.32812,399212.0,6.1825621474304375,Europe
Malta,MLT,2001,2736559.0,4088368978.0,10402.23337,401166.3,6.8215076889559265,Europe
Malta,MLT,2002,2747227.0,4470446391.0,11289.88984,403120.6,6.814901049462618,Europe
Malta,MLT,2003,2960833.0,5448415500.0,13669.49712,405074.9,7.309346987433681,Europe
Malta,MLT,2004,2849056.0,6098092551.0,15197.05671,407029.2,6.999635406992914,Europe
Malta,MLT,2005,2656658.0,6416184181.0,15888.17232,408983.5,6.4957583863407695,Europe
Malta,MLT,2006,2667484.0,6778324050.0,16723.88418,410937.8,6.491211078659593,Europe
Malta,MLT,2007,2731439.0,7925371475.0,19485.87119,412892.1,6.6153820816624975,Europe
Malta,MLT,2008,2690432.0,9090406767.0,22205.35681,414846.4,6.485369042614327,Europe
Malta,MLT,2009,2526344.0,8696366907.0,21083.27715,416800.7,6.061275808797825,Europe
Malta,MLT,2010,2602794.0,9035932122.0,21799.17426,418755.0,6.215553247125407,Europe
Malta,MLT,2011,2583914.0,9638916481.0,23155.55479,426319.8,6.060975821437334,Europe
Malta,MLT,2012,2717043.0,9462238211.0,22527.63676,433884.6,6.262132834398824,Europe
Malta,MLT,2013,2379249.0,10551661177.0,24771.07658,441449.4,5.389630159198314,Europe
Malta,MLT,2014,2364416.0,11626281387.0,26754.26845,449014.2,5.265793375799696,Europe
Malta,MLT,2015,1665293.0,11091434484.0,24921.60368,456579.0,3.64732718762799,Europe
Malta,MLT,2016,1356298.0,11668286795.0,25624.53727,468334.6,2.896002131809181,Europe
Malta,MLT,2017,1530839.0,13505056442.0,28857.01987,480090.2,3.1886487164287045,Europe
Malta,MLT,2018,1546735.0,15301279478.0,31573.11656,491845.8,3.1447559377349568,Europe
Malta,MLT,2019,1648764.0,15719500921.0,31185.64962,503601.4,3.2739464187351346,Europe
Malta,MLT,2020,1597200.0,14917038504.0,28946.46268,515357.0,3.0992108383120827,Europe
Marshall Islands,MHL,1992,76944.0,91063000.0,1849.295317,47682.4,1.6136771639011458,Oceania
Marshall Islands,MHL,1993,84272.0,99461000.0,1996.086538,48500.1,1.7375634277042729,Oceania
Marshall Islands,MHL,1994,84272.0,108071000.0,2152.208547,49317.8,1.708754242889991,Oceania
Marshall Islands,MHL,1995,87936.0,120230000.0,2382.962699,50135.5,1.7539667501072094,Oceania
Marshall Islands,MHL,1996,87936.0,110858000.0,2194.208578,50953.2,1.725818986834978,Oceania
Marshall Islands,MHL,1997,87936.0,110705600.0,2194.232256,51770.9,1.6985603881717335,Oceania
Marshall Islands,MHL,1998,91600.0,112279400.0,2229.712447,52588.6,1.741822372149097,Oceania
Marshall Islands,MHL,1999,87936.0,114326300.0,2267.569122,53406.3,1.6465473174513119,Oceania
Marshall Islands,MHL,2000,98928.0,115347500.0,2272.678016,54224.0,1.8244319858365299,Oceania
Marshall Islands,MHL,2001,102592.0,122824000.0,2389.060707,54143.2,1.8948270512271164,Oceania
Marshall Islands,MHL,2002,109920.0,131738200.0,2515.624045,54062.4,2.0332060729823316,Oceania
Marshall Islands,MHL,2003,106256.0,131398500.0,2457.65454,53981.6,1.9683744090579012,Oceania
Marshall Islands,MHL,2004,117248.0,132440200.0,2431.166018,53900.8,2.1752552837805745,Oceania
Marshall Islands,MHL,2005,113584.0,136559500.0,2471.352046,53820.0,2.110442214790041,Oceania
Marshall Islands,MHL,2006,120912.0,141515800.0,2537.717206,53739.2,2.249977669931819,Oceania
Marshall Islands,MHL,2007,124576.0,148346700.0,2646.873996,53658.4,2.321649546017026,Oceania
Marshall Islands,MHL,2008,128240.01,151898900.0,2704.463554,53577.6,2.393537784447232,Oceania
Marshall Islands,MHL,2009,131904.0,149769600.0,2662.334015,53496.8,2.4656428048032777,Oceania
Marshall Islands,MHL,2010,135568.0,160407100.0,2846.065542,53416.0,2.537966152463681,Oceania
Marshall Islands,MHL,2011,139232.0,172188500.0,3046.290071,52614.8,2.6462516250180554,Oceania
Marshall Islands,MHL,2012,135568.0,180436300.0,3181.6247,51813.6,2.61645591118934,Oceania
Marshall Islands,MHL,2013,139232.0,184840400.0,3246.63025,51012.4,2.7293756027946148,Oceania
Marshall Islands,MHL,2014,142896.0,182142800.0,3185.261354,50211.2,2.845898922949462,Oceania
Marshall Islands,MHL,2015,142896.0,183814300.0,3199.886846,49410.0,2.892046144505161,Oceania
Marshall Islands,MHL,2016,142896.0,201510900.0,3490.998389,48210.6,2.9639954698759197,Oceania
Marshall Islands,MHL,2017,146560.0,213204100.0,3672.576783,47011.2,3.117554965625213,Oceania
Marshall Islands,MHL,2018,146560.0,221588900.0,3793.550983,45811.8,3.1991757582107665,Oceania
Marshall Islands,MHL,2019,146560.0,239462200.0,4073.10983,44612.4,3.285185284808708,Oceania
Marshall Islands,MHL,2020,146560.0,244462400.0,4129.850998,43413.0,3.375947296892636,Oceania
Mauritania,MRT,1970,428688.0,309405316.1,269.8044919,1122198.0,0.38200745323017865,Africa
Mauritania,MRT,1971,399376.0,335569088.7,283.9813252,1160647.6,0.3440975538139225,Africa
Mauritania,MRT,1972,447008.0,391669449.3,321.7148148,1199097.2,0.3727871268484323,Africa
Mauritania,MRT,1973,468992.0,493237544.4,393.28245,1237546.8,0.3789691024210155,Africa
Mauritania,MRT,1974,483648.0,613010958.1,474.5192062,1275996.4,0.3790355521379214,Africa
Mauritania,MRT,1975,509296.0,703378653.4,528.6200399,1314446.0,0.38746057274319373,Africa
Mauritania,MRT,1976,516623.97,775046377.6,565.5770128,1352895.6,0.38186536344711297,Africa
Mauritania,MRT,1977,556928.0,799029666.6,566.2303052,1391345.2,0.4002802467712542,Africa
Mauritania,MRT,1978,582576.0,804629876.8,553.7607512,1429794.8,0.4074542724592368,Africa
Mauritania,MRT,1979,604560.0,951900945.2,636.223424,1468244.4,0.4117570616989924,Africa
Mauritania,MRT,1980,630208.0,1047924649.0,680.1861099,1506694.0,0.4182720578962948,Africa
Mauritania,MRT,1981,633709.0,1105495368.0,696.81573,1556627.3,0.4071038712991864,Africa
Mauritania,MRT,1982,883024.0,1108776010.0,678.7087912,1606560.6,0.5496362851174117,Africa
Mauritania,MRT,1983,937984.0,1165170626.0,692.7873417,1656493.9,0.5662465765796059,Africa
Mauritania,MRT,1984,872032.0,1074373735.0,620.7608293,1706427.2,0.5110279536097408,Africa
Mauritania,MRT,1985,655856.0,1009723326.0,567.2497793,1756360.5,0.3734176440428944,Africa
Mauritania,MRT,1986,373728.0,1186628779.0,648.5451421,1806293.8,0.20690321807006146,Africa
Mauritania,MRT,1987,3242640.0,1344665271.0,715.3403265,1856227.1,1.7468983186378433,Africa
Mauritania,MRT,1988,3184016.0,1414951854.0,732.9735101,1906160.4,1.6703819888399738,Africa
Mauritania,MRT,1989,2802960.0,1450647019.0,731.9468971,1956093.7,1.4329374916958222,Africa
Mauritania,MRT,1990,853712.0,1506914408.0,740.7361713,2006027.0,0.42557353415482446,Africa
Mauritania,MRT,1991,868368.0,2133688270.0,1021.923446,2074924.6,0.4185058098014742,Africa
Mauritania,MRT,1992,905008.0,2164292208.0,1010.103031,2143822.2,0.42214694856691004,Africa
Mauritania,MRT,1993,926992.0,1847350612.0,840.2632166,2212719.8,0.41893781580478473,Africa
Mauritania,MRT,1994,956304.0,1944876755.0,862.2742228,2281617.4,0.4191342509923005,Africa
Mauritania,MRT,1995,1014928.0,2091731421.0,904.0907235,2350515.0,0.43178962908128643,Africa
Mauritania,MRT,1996,1062560.0,2132081882.0,898.5131619,2419412.6,0.4391809813671302,Africa
Mauritania,MRT,1997,1077216.0,2072001067.0,851.4255276,2488310.2,0.432910655592699,Africa
Mauritania,MRT,1998,1069888.0,2032345832.0,814.1703353,2557207.8,0.4183813298238806,Africa
Mauritania,MRT,1999,1095536.0,1985924387.0,775.2720141,2626105.4,0.41717137476660304,Africa
Mauritania,MRT,2000,1113856.0,1779523344.0,676.5690224,2695003.0,0.41330417814006143,Africa
Mauritania,MRT,2001,1172480.0,1746064719.0,646.1151155,2767448.8,0.4236681813228126,Africa
Mauritania,MRT,2002,1249424.0,1777058593.0,639.6675829,2839894.6,0.4399543560525098,Africa
Mauritania,MRT,2003,1289728.0,2051147607.0,717.8998676,2912340.4,0.44284933176080654,Africa
Mauritania,MRT,2004,1384992.0,2362501023.0,803.7779156,2984786.2,0.4640171547295414,Africa
Mauritania,MRT,2005,1437338.0,2936019526.0,970.8423607,3057232.0,0.47014358086007213,Africa
Mauritania,MRT,2006,1550078.0,3919577286.0,1259.541505,3129677.8,0.49528357200220424,Africa
Mauritania,MRT,2007,1757602.0,4346206809.0,1357.124285,3202123.6,0.5488863702825213,Africa
Mauritania,MRT,2008,1834436.0,5206444407.0,1579.511548,3274569.4,0.560206786272418,Africa
Mauritania,MRT,2009,2012298.1,4714592493.0,1389.338533,3347015.2,0.6012216795430149,Africa
Mauritania,MRT,2010,2093519.9,5628878866.0,1610.92063,3419461.0,0.6122368115910665,Africa
Mauritania,MRT,2011,2230241.0,6764627666.0,1879.770243,3524812.8,0.6327260840632445,Africa
Mauritania,MRT,2012,2447571.0,6728208836.0,1815.218939,3630164.6,0.6742314108842337,Africa
Mauritania,MRT,2013,2168855.0,7223071177.0,1892.096098,3735516.4,0.5806037955020088,Africa
Mauritania,MRT,2014,2566410.0,6592537782.0,1677.109019,3840868.2,0.6681848650781612,Africa
Mauritania,MRT,2015,3002486.0,6166863960.0,1524.073317,3946220.0,0.7608511436260522,Africa
Mauritania,MRT,2016,2627103.0,6398747532.0,1536.855615,4056696.8,0.64759658646414,Africa
Mauritania,MRT,2017,3419921.0,6800135962.0,1587.858904,4167173.6,0.8206811926433782,Africa
Mauritania,MRT,2018,3664324.0,7352533586.0,1669.773476,4277650.4,0.8566207280520165,Africa
Mauritania,MRT,2019,3773920.0,7889655284.0,1743.301317,4388127.2,0.8600297639503248,Africa
Mauritania,MRT,2020,4118336.2,7915985514.0,1702.486959,4498604.0,0.9154698213045648,Africa
Mauritius,MUS,1976,619216.0,704033525.4,776.6443341,904965.0,0.6842430370235313,Africa
Mauritius,MUS,1977,641200.0,823634464.9,893.9149524,917440.0,0.6989012905476107,Africa
Mauritius,MUS,1978,630208.0,1015365145.0,1087.698161,929915.0,0.6777049515278278,Africa
Mauritius,MUS,1979,659520.0,1211141231.0,1275.035826,942390.0,0.6998376468341133,Africa
Mauritius,MUS,1980,589904.0,1131788192.0,1171.576087,954865.0,0.6177878548276458,Africa
Mauritius,MUS,1981,542272.0,1142393555.0,1165.15842,968407.5,0.5599626190420871,Africa
Mauritius,MUS,1982,501968.03,1078408830.0,1086.535025,981950.0,0.5111951015835837,Africa
Mauritius,MUS,1983,597232.0,1090276947.0,1088.436401,995492.5,0.5999362124777434,Africa
Mauritius,MUS,1984,626544.0,1040557089.0,1027.993975,1009035.0,0.6209338625518441,Africa
Mauritius,MUS,1985,707152.0,1076121094.0,1054.474835,1022577.5,0.6915387831240175,Africa
Mauritius,MUS,1986,798752.0,1462900255.0,1422.556552,1036120.0,0.7709068447670154,Africa
Mauritius,MUS,1987,930656.0,1880852914.0,1815.351405,1049662.5,0.8866240339156634,Africa
Mauritius,MUS,1988,853712.0,2134517068.0,2046.047998,1063205.0,0.8029608589124393,Africa
Mauritius,MUS,1989,1051568.0,2181930255.0,2075.538168,1076747.5,0.9766152231604903,Africa
Mauritius,MUS,1990,1461936.0,2653480001.0,2506.179312,1090290.0,1.3408689431252236,Africa
Mauritius,MUS,1991,1520560.0,2856890681.0,2669.3277,1102854.0,1.378750043070071,Africa
Mauritius,MUS,1992,1707424.0,3224267548.0,2973.206977,1115418.0,1.5307481141598933,Africa
Mauritius,MUS,1993,1773376.0,3263368410.0,2973.797821,1127982.0,1.5721669317418185,Africa
Mauritius,MUS,1994,1623152.0,3558137040.0,3197.331024,1140546.0,1.4231359366478862,Africa
Mauritius,MUS,1995,1828336.0,4040345933.0,3599.555202,1153110.0,1.5855694599821353,Africa
Mauritius,MUS,1996,1949248.0,4421943910.0,3899.435192,1165674.0,1.6722068091078637,Africa
Mauritius,MUS,1997,1996880.0,4187367602.0,3646.630626,1178238.0,1.6948018991069715,Africa
Mauritius,MUS,1998,2169088.0,4169664285.0,3593.234081,1190802.0,1.8215354021911283,Africa
Mauritius,MUS,1999,2425568.0,4343710333.0,3695.934909,1203366.0,2.015652760672979,Africa
Mauritius,MUS,2000,2689376.0,4663313620.0,3929.075495,1215930.0,2.211785217899057,Africa
Mauritius,MUS,2001,2861584.0,4613630623.0,3856.625227,1222670.0,2.340438548422714,Africa
Mauritius,MUS,2002,2883568.0,4841310240.0,4018.948897,1229410.0,2.3454892997454064,Africa
Mauritius,MUS,2003,3059440.0,5816553827.0,4793.718179,1236150.0,2.4749747198964527,Africa
Mauritius,MUS,2004,3088752.0,6578844486.0,5388.065784,1242890.0,2.4851370595949764,Africa
Mauritius,MUS,2005,3293936.0,6488750453.0,5282.906022,1249630.0,2.6359290349943585,Africa
Mauritius,MUS,2006,3627360.0,7028803366.0,5695.969327,1256370.0,2.887174956422073,Africa
Mauritius,MUS,2007,3685984.0,8150138757.0,6574.654338,1263110.0,2.9181813143748365,Africa
Mauritius,MUS,2008,3766592.0,9990370016.0,8030.063005,1269850.0,2.966170807575698,Africa
Mauritius,MUS,2009,3707968.0,9128843109.0,7318.12641,1276590.0,2.904588003979351,Africa
Mauritius,MUS,2010,3913152.0,10003670690.0,8000.376432,1283330.0,3.04921727069421,Africa
Mauritius,MUS,2011,3916816.0,11518393367.0,9197.026972,1285294.6,3.047407185870072,Africa
Mauritius,MUS,2012,3964448.0,11668685524.0,9291.227619,1287259.2,3.0797589172405995,Africa
Mauritius,MUS,2013,4067040.0,12129642296.0,9637.00265,1289223.8,3.154642351467604,Africa
Mauritius,MUS,2014,4206272.0,12803445934.0,10153.93822,1291188.4,3.2576748675871006,Africa
Mauritius,MUS,2015,4209936.0,11692287066.0,9260.447303,1293153.0,3.255559086975787,Africa
Mauritius,MUS,2016,4345504.0,12232463656.0,9681.618567,1294088.0,3.357966382502581,Africa
Mauritius,MUS,2017,4536032.0,13259351418.0,10484.90836,1295023.0,3.502665203629588,Africa
Mauritius,MUS,2018,4459088.0,14181951059.0,11208.34382,1295958.0,3.440765827287613,Africa
Mauritius,MUS,2019,4521376.0,14045808843.0,11097.16898,1296893.0,3.4863138285116815,Africa
Mauritius,MUS,2020,3806896.0,10926820603.0,8632.752859,1297828.0,2.9332823764011873,Africa
Mexico,MEX,1970,113950680.0,35520000000.0,689.7949287,50289306.0,2.2659028144075006,North America
Mexico,MEX,1971,126186810.0,39200000000.0,738.5584763,52030894.0,2.425228557479716,North America
Mexico,MEX,1972,132271256.0,45200000000.0,826.4773502,53772482.0,2.459831703509613,North America
Mexico,MEX,1973,144058430.0,55280000000.0,981.4589828,55514070.0,2.5949895224760136,North America
Mexico,MEX,1974,154727330.0,72000000000.0,1242.090043,57255658.0,2.7023937092819716,North America
Mexico,MEX,1975,164139040.0,88000000000.0,1476.313217,58997246.0,2.7821474921049703,North America
Mexico,MEX,1976,183739580.0,89025974026.0,1453.670672,60738834.0,3.0250758518018306,North America
Mexico,MEX,1977,192394240.0,81814159292.0,1301.324622,62480422.0,3.079272415925744,North America
Mexico,MEX,1978,222116240.0,102500000000.0,1589.27364,64222010.0,3.4585687990768275,North America
Mexico,MEX,1979,240258750.0,134561000000.0,2034.988669,65963598.0,3.6422929810469102,North America
Mexico,MEX,1980,267743840.0,205139000000.0,3027.375274,67705186.0,3.9545543822891203,North America
Mexico,MEX,1981,283707420.0,263959000000.0,3803.030926,69106710.2,4.10535271001802,North America
Mexico,MEX,1982,303905060.0,184609000000.0,2597.982903,70508234.4,4.310206638786576,North America
Mexico,MEX,1983,277565860.0,156159000000.0,2147.719559,71909758.6,3.859919229377027,North America
Mexico,MEX,1984,276648580.0,184261000000.0,2478.210836,73311282.8,3.773615321324046,North America
Mexico,MEX,1985,287370530.0,195220000000.0,2569.239714,74712807.0,3.846335608833436,North America
Mexico,MEX,1986,293412200.0,134550000000.0,1733.912993,76114331.2,3.8548877113433795,North America
Mexico,MEX,1987,306022080.0,147541000000.0,1862.886204,77515855.4,3.9478643229937185,North America
Mexico,MEX,1988,305665570.0,181612000000.0,2247.981386,78917379.6,3.8732351675802477,North America
Mexico,MEX,1989,323480320.0,221401000000.0,2687.914845,80318903.8,4.027449388570963,North America
Mexico,MEX,1990,317042370.0,261254000000.0,3112.268595,81720428.0,3.879597522421199,North America
Mexico,MEX,1991,330133150.0,313143000000.0,3661.947965,83335729.4,3.9614838962458276,North America
Mexico,MEX,1992,332780160.0,363158000000.0,4170.623383,84951030.8,3.9173175047571056,North America
Mexico,MEX,1993,338067200.0,500736000000.0,5650.026286,86566332.2,3.905296567480076,North America
Mexico,MEX,1994,351843100.0,527813000000.0,5854.418117,88181633.6,3.98998165078221,North America
Mexico,MEX,1995,331142700.0,360074000000.0,3928.223711,89796935.0,3.687683772280201,North America
Mexico,MEX,1996,341764670.0,410976000000.0,4412.116298,91412236.4,3.7387190540280884,North America
Mexico,MEX,1997,362680030.0,500413000000.0,5289.167653,93027537.8,3.8986308632582127,North America
Mexico,MEX,1998,381307650.0,526502000000.0,5481.181954,94642839.2,4.028911782688785,North America
Mexico,MEX,1999,386270270.0,600233000000.0,6157.193044,96258140.6,4.012858212222729,North America
Mexico,MEX,2000,391725000.0,707907000000.0,7157.8145,97873442.0,4.002362561234946,North America
Mexico,MEX,2001,407730600.0,756706000000.0,7544.568723,99339337.9,4.104422362976107,North America
Mexico,MEX,2002,410506050.0,772106000000.0,7593.137345,100805233.8,4.072269211878957,North America
Mexico,MEX,2003,436179740.0,729336000000.0,7075.369643,102271129.7,4.264935190209402,North America
Mexico,MEX,2004,438799520.0,782241000000.0,7484.486399,103737025.6,4.229921934449603,North America
Mexico,MEX,2005,463643940.0,877476000000.0,8277.671564,105202921.5,4.4071393967894705,North America
Mexico,MEX,2006,474744220.0,975387000000.0,9068.294218,106668817.4,4.450637323743312,North America
Mexico,MEX,2007,473747900.0,1052700000000.0,9642.680517,108134713.3,4.381089897428895,North America
Mexico,MEX,2008,473107260.0,1109990000000.0,10016.57121,109600609.2,4.316648086660453,North America
Mexico,MEX,2009,460417340.0,900045000000.0,8002.972178,111066505.1,4.145420255957978,North America
Mexico,MEX,2010,456597400.0,1057800000000.0,9271.398396,112532401.0,4.0574749666987024,North America
Mexico,MEX,2011,483404740.0,1180490000000.0,10203.4213,114055900.2,4.23831418762499,North America
Mexico,MEX,2012,501568830.0,1201090000000.0,10241.72783,115579399.4,4.339604052311765,North America
Mexico,MEX,2013,495485200.0,1274440000000.0,10725.18359,117102898.6,4.231195008182317,North America
Mexico,MEX,2014,484113700.0,1315350000000.0,10928.91601,118626397.8,4.0809946940831745,North America
Mexico,MEX,2015,479519780.0,1171870000000.0,9616.645558,120149897.0,3.9910128262531925,North America
Mexico,MEX,2016,479789760.0,1078490000000.0,8744.515559,121319578.0,3.9547595524936625,North America
Mexico,MEX,2017,465620930.0,1158910000000.0,9287.849587,122489259.0,3.8013204896602404,North America
Mexico,MEX,2018,470285860.0,1222410000000.0,9686.984927,123658940.0,3.803088236079009,North America
Mexico,MEX,2019,468322140.0,1269400000000.0,9950.217622,124828621.0,3.7517208493395118,North America
Mexico,MEX,2020,442289100.0,1087120000000.0,8431.665017,125998302.0,3.5102782575593756,North America
Micronesia (country),FSM,1992,135568.0,178100000.0,1756.652792,101224.2,1.3392844794031467,Oceania
Micronesia (country),FSM,1993,142896.0,198400000.0,1909.510014,102534.8,1.3936341612798777,Oceania
Micronesia (country),FSM,1994,153888.0,202500000.0,1909.836839,103845.4,1.4818952019059102,Oceania
Micronesia (country),FSM,1995,179536.0,221575300.0,2060.494723,105156.0,1.707330062003119,Oceania
Micronesia (country),FSM,1996,183200.0,218534700.0,2017.659333,106466.6,1.7207274394035312,Oceania
Micronesia (country),FSM,1997,194192.0,206626300.0,1904.863883,107777.2,1.8017911023852913,Oceania
Micronesia (country),FSM,1998,201520.0,218873100.0,2022.74458,109087.8,1.8473193152671517,Oceania
Micronesia (country),FSM,1999,190528.0,220140500.0,2042.707086,110398.4,1.725822113363962,Oceania
Micronesia (country),FSM,2000,179536.0,233271800.0,2171.889577,111709.0,1.6071757870896706,Oceania
Micronesia (country),FSM,2001,164880.0,240970900.0,2248.492115,111296.9,1.4814428793614198,Oceania
Micronesia (country),FSM,2002,150224.0,242517200.0,2265.944108,110884.8,1.354775406548057,Oceania
Micronesia (country),FSM,2003,161216.0,245432900.0,2295.868178,110472.7,1.4593288658645982,Oceania
Micronesia (country),FSM,2004,142896.0,240236000.0,2253.113745,110060.6,1.2983392785429118,Oceania
Micronesia (country),FSM,2005,117248.0,250281900.0,2358.1467,109648.5,1.0693078336684951,Oceania
Micronesia (country),FSM,2006,113584.0,253541900.0,2406.114412,109236.4,1.0397999201731292,Oceania
Micronesia (country),FSM,2007,131904.0,256787200.0,2458.658394,108824.3,1.2120822279582777,Oceania
Micronesia (country),FSM,2008,109920.0,263145100.0,2541.261625,108412.2,1.0139080288011866,Oceania
Micronesia (country),FSM,2009,146560.0,280284600.0,2721.97609,108000.1,1.3570357805224254,Oceania
Micronesia (country),FSM,2010,102592.0,296944100.0,2885.305492,107588.0,0.9535635944529129,Oceania
Micronesia (country),FSM,2011,117248.0,311301600.0,3009.256825,107962.8,1.0860036975699037,Oceania
Micronesia (country),FSM,2012,124576.0,327248700.0,3131.386715,108337.6,1.1498870198342956,Oceania
Micronesia (country),FSM,2013,135568.0,317214400.0,2994.792394,108712.4,1.2470334570849324,Oceania
Micronesia (country),FSM,2014,135568.0,319271200.0,2971.512602,109087.2,1.242748920129951,Oceania
Micronesia (country),FSM,2015,142896.0,316489900.0,2906.617012,109462.0,1.3054393305439331,Oceania
Micronesia (country),FSM,2016,142896.0,332265200.0,3014.700358,109990.8,1.2991632027405928,Oceania
Micronesia (country),FSM,2017,142896.0,366666800.0,3289.642117,110519.6,1.2929471333591507,Oceania
Micronesia (country),FSM,2018,142896.0,401932300.0,3568.291016,111048.4,1.2867902644252416,Oceania
Micronesia (country),FSM,2019,146560.0,412479413.4,3624.249092,111577.2,1.3135300043378038,Oceania
Micronesia (country),FSM,2020,146560.0,407515928.0,3542.969788,112106.0,1.3073341301982053,Oceania
Moldova,MDA,1995,11405406.0,1752979926.0,593.7661383,4365886.0,2.6123920780341034,Europe
Moldova,MDA,1996,11687090.0,1695122174.0,575.319576,4343023.4,2.691003230606586,Europe
Moldova,MDA,1997,7301343.0,1930081169.0,657.4911903,4320160.8,1.690062786551834,Europe
Moldova,MDA,1998,6443838.0,1698717505.0,578.9097663,4297298.2,1.4995091567068815,Europe
Moldova,MDA,1999,4684538.0,1170782957.0,399.6207703,4274435.6,1.0959430526921496,Europe
Moldova,MDA,2000,3572952.0,1288429392.0,440.6720307,4251573.0,0.8403835474540835,Europe
Moldova,MDA,2001,3786589.0,1480673594.0,507.5576584,4194234.3,0.9028081716846387,Europe
Moldova,MDA,2002,4051736.0,1661818168.0,570.9726454,4136895.6,0.9794146122517571,Europe
Moldova,MDA,2003,4404268.0,1980907435.0,682.5255088,4079556.9,1.0795946981398887,Europe
Moldova,MDA,2004,4613424.0,2598249556.0,897.4499588,4022218.2,1.1469850143883293,Europe
Moldova,MDA,2005,4937548.0,2988348836.0,1034.707058,3964879.5,1.2453210747010093,Europe
Moldova,MDA,2006,5029747.0,3408244549.0,1183.379211,3907540.8,1.287189886795296,Europe
Moldova,MDA,2007,4978554.0,4401189466.0,1531.685476,3850202.1,1.2930630316782592,Europe
Moldova,MDA,2008,5190380.0,6054849885.0,2111.201495,3792863.4,1.3684595126731958,Europe
Moldova,MDA,2009,4539512.0,5439422031.0,1899.010117,3735524.7,1.2152274083477483,Europe
Moldova,MDA,2010,4830905.0,6974982393.0,2437.537683,3678186.0,1.313393341174155,Europe
Moldova,MDA,2011,4944974.0,8414351672.0,2942.252807,3598026.4,1.3743573421251163,Europe
Moldova,MDA,2012,4765682.0,8709138765.0,3045.730612,3517866.8,1.3547079156038542,Europe
Moldova,MDA,2013,4899358.0,9496717702.0,3322.04998,3437707.2,1.4251818770371134,Europe
Moldova,MDA,2014,4758816.0,9510198962.0,3328.79433,3357547.6,1.4173487815928507,Europe
Moldova,MDA,2015,4781760.0,7745241913.0,2732.46073,3277388.0,1.45901553310136,Europe
Moldova,MDA,2016,4903671.0,8071469355.0,2880.43529,3238879.8,1.5140021559305783,Europe
Moldova,MDA,2017,5220511.0,9669741744.0,3509.686829,3200371.6,1.6312202620470697,Europe
Moldova,MDA,2018,5445450.0,11457443185.0,4230.626969,3161863.4,1.7222281013151928,Europe
Moldova,MDA,2019,5495003.0,11971345003.0,4492.10574,3123355.2,1.759326957113299,Europe
Moldova,MDA,2020,5241230.0,11859730544.0,4525.759654,3084847.0,1.6990242952081578,Europe
Mongolia,MNG,1981,6614668.0,2310099100.0,1332.640563,1744145.3,3.7924982511491443,Asia
Mongolia,MNG,1982,6712307.0,2552401933.0,1435.767097,1790510.6,3.7488228218252377,Asia
Mongolia,MNG,1983,6969065.0,2725736633.0,1495.017389,1836875.9,3.793977045482496,Asia
Mongolia,MNG,1984,6424712.0,2098734600.0,1121.664763,1883241.2,3.4115183971123826,Asia
Mongolia,MNG,1985,8997952.0,2186505475.0,1137.685618,1929606.5,4.663102036606945,Asia
Mongolia,MNG,1986,9595142.0,2896178867.0,1465.445436,1975971.8,4.85591039305318,Asia
Mongolia,MNG,1987,10482516.0,3020611600.0,1485.533781,2022337.1,5.183367303106885,Asia
Mongolia,MNG,1988,11492876.0,3204461567.0,1533.448708,2068702.4,5.555596590403724,Asia
Mongolia,MNG,1989,10459013.0,3576966800.0,1670.695211,2115067.7,4.94500152406469,Asia
Mongolia,MNG,1990,9791058.0,2560785660.0,1172.446287,2161433.0,4.529891974444732,Asia
Mongolia,MNG,1991,11959794.0,2379018326.0,1072.635835,2190387.6,5.46012678304059,Asia
Mongolia,MNG,1992,10942613.0,1317611864.0,587.3032317,2219342.2,4.930565912728555,Asia
Mongolia,MNG,1993,9193024.0,768401634.2,339.5205869,2248296.8,4.088883638494704,Asia
Mongolia,MNG,1994,7864772.0,925817092.2,405.9755499,2277251.4,3.453624839137216,Asia
Mongolia,MNG,1995,7837062.0,1452165005.0,631.920915,2306206.0,3.39824889884078,Asia
Mongolia,MNG,1996,7935414.0,1345719472.0,580.9100918,2335160.6,3.3982305114260662,Asia
Mongolia,MNG,1997,7615103.0,1180934203.0,505.5923093,2364115.2,3.2211217964336085,Asia
Mongolia,MNG,1998,7621516.0,1124440249.0,477.3341262,2393069.8,3.184828123274967,Asia
Mongolia,MNG,1999,7487592.0,1057408589.0,444.9945833,2422024.4,3.091460185124477,Asia
Mongolia,MNG,2000,7431864.0,1136896124.0,474.2170943,2450979.0,3.032202234290869,Asia
Mongolia,MNG,2001,7803958.0,1267997934.0,524.0540084,2476133.1,3.1516714509409853,Asia
Mongolia,MNG,2002,8196567.5,1396555720.0,571.594979,2501287.2,3.2769397692516073,Asia
Mongolia,MNG,2003,7930966.0,1595297356.0,646.192471,2526441.3,3.139184749710987,Asia
Mongolia,MNG,2004,8501100.0,1992066808.0,797.9777263,2551595.4,3.331680249933042,Asia
Mongolia,MNG,2005,8515106.0,2523471532.0,998.829388,2576749.5,3.304592083941415,Asia
Mongolia,MNG,2006,9281176.0,3414055566.0,1334.212724,2601903.6,3.567071431854739,Asia
Mongolia,MNG,2007,11957832.0,4234999823.0,1632.727582,2627057.7,4.551796483191062,Asia
Mongolia,MNG,2008,11917791.0,5623216449.0,2136.562402,2652211.8,4.493529136700169,Asia
Mongolia,MNG,2009,13026382.0,4583850368.0,1714.361827,2677365.9,4.865372342271185,Asia
Mongolia,MNG,2010,13772318.0,7189481824.0,2643.287083,2702520.0,5.09610215650578,Asia
Mongolia,MNG,2011,21367866.0,10409797649.0,3757.565415,2754965.8,7.756127498933018,Asia
Mongolia,MNG,2012,34999856.0,12292770631.0,4351.888461,2807411.6,12.466948558593973,Asia
Mongolia,MNG,2013,43478036.0,12582122604.0,4366.089537,2859857.4,15.202868506660508,Asia
Mongolia,MNG,2014,29626122.0,12226514722.0,4158.521471,2912303.2,10.172746436566083,Asia
Mongolia,MNG,2015,23282274.0,11619892396.0,3875.321675,2964749.0,7.853033764409735,Asia
Mongolia,MNG,2016,25629140.0,11181350461.0,3658.3903,3030666.2,8.456602709991618,Asia
Mongolia,MNG,2017,34135348.0,11480847745.0,3687.100003,3096583.4,11.023551957295902,Asia
Mongolia,MNG,2018,45315650.0,13178094459.0,4156.84697,3162500.6,14.329056569981361,Asia
Mongolia,MNG,2019,47254524.0,14206359007.0,4404.84583,3228417.8,14.63705348173957,Asia
Mongolia,MNG,2020,37076764.0,13312981595.0,4060.950518,3294335.0,11.254703604824646,Asia
Montenegro,MNE,2000,1520843.0,984297589.4,1627.072633,633324.0,2.40136644118966,Europe
Montenegro,MNE,2001,1667268.0,1159869246.0,1909.598702,633096.0,2.633515296258387,Europe
Montenegro,MNE,2002,1766249.0,1284685051.0,2106.635068,632868.0,2.7908647616880615,Europe
Montenegro,MNE,2003,1889193.0,1707710053.0,2789.159065,632640.0,2.986205424886191,Europe
Montenegro,MNE,2004,2041277.9,2073234418.0,3380.165121,632412.0,3.2277659184202703,Europe
Montenegro,MNE,2005,1750836.0,2257174481.0,3674.617924,632184.0,2.7695038153448994,Europe
Montenegro,MNE,2006,2062832.1,2721903149.0,4425.678873,631956.0,3.26420209634848,Europe
Montenegro,MNE,2007,2055504.1,3680711744.0,5976.394145,631728.0,3.2537802661905126,Europe
Montenegro,MNE,2008,2605104.0,4545674528.0,7367.751909,631500.0,4.125263657957245,Europe
Montenegro,MNE,2009,1681776.0,4159330370.0,6727.107767,631272.0,2.6641067558833593,Europe
Montenegro,MNE,2010,2421904.0,4143033276.0,6688.4824,631044.0,3.8379320617896693,Europe
Montenegro,MNE,2011,2407248.0,4544516982.0,7328.932252,631628.4,3.8111775847951104,Europe
Montenegro,MNE,2012,2213056.0,4087725813.0,6586.721279,632212.8,3.5004922393219498,Europe
Montenegro,MNE,2013,2150768.0,4465771673.0,7188.862445,632797.2,3.398826669903091,Europe
Montenegro,MNE,2014,2106800.0,4593852089.0,7387.871036,633381.6,3.326272818787284,Europe
Montenegro,MNE,2015,2238704.0,4054728173.0,6517.189614,633966.0,3.531268238359786,Europe
Montenegro,MNE,2016,2015199.9,4376929572.0,7033.438006,632982.4,3.1836586609675086,Europe
Montenegro,MNE,2017,2103136.0,4856602179.0,7803.362579,631998.8,3.3277531539616847,Europe
Montenegro,MNE,2018,2399920.0,5506944403.0,8850.378404,631015.2,3.8032681304665883,Europe
Montenegro,MNE,2019,2476864.0,5542201151.0,8909.890151,630031.6,3.9313329680606497,Europe
Montenegro,MNE,2020,2407248.0,4780722122.0,7694.633759,629048.0,3.826811308516997,Europe
Morocco,MAR,1970,7282020.0,3956328426.0,246.0156555,15274351.0,0.4767482428549665,Africa
Morocco,MAR,1971,8186280.5,4356633663.0,265.2076721,15714760.3,0.520929390186117,Africa
Morocco,MAR,1972,8027626.0,5074117545.0,302.5644836,16155169.6,0.4969075657367286,Africa
Morocco,MAR,1973,9612593.0,6242177798.0,364.6361084,16595578.9,0.5792261335336726,Africa
Morocco,MAR,1974,11098529.0,7675408486.0,439.0123596,17035988.2,0.6514755040743689,Africa
Morocco,MAR,1975,11065450.0,8984824183.0,502.7565308,17476397.5,0.6331653877751408,Africa
Morocco,MAR,1976,11489691.0,9584323309.0,524.1791382,17916806.8,0.6412800633648625,Africa
Morocco,MAR,1977,12624541.0,11049896742.0,590.2322388,18357216.1,0.687715442866089,Africa
Morocco,MAR,1978,12991673.0,13236854105.0,690.1707764,18797625.4,0.6911337322425842,Africa
Morocco,MAR,1979,15850193.0,15912133569.0,809.6276245,19238034.7,0.8238987634220246,Africa
Morocco,MAR,1980,15817737.0,21728770055.0,1078.839966,19678444.0,0.8038103520786501,Africa
Morocco,MAR,1981,15718117.0,17788171722.0,861.7979736,20167681.0,0.7793715598734431,Africa
Morocco,MAR,1982,16904630.0,17692341358.0,836.4350586,20656918.0,0.818351992296237,Africa
Morocco,MAR,1983,17626518.0,16251460689.0,750.0216064,21146155.0,0.833556644222082,Africa
Morocco,MAR,1984,17645234.0,14824728528.0,668.385437,21635392.0,0.815572650590292,Africa
Morocco,MAR,1985,17681776.0,14991283216.0,660.9467163,22124629.0,0.7991897174863362,Africa
Morocco,MAR,1986,18683950.0,19462175322.0,840.0116577,22613866.0,0.8262165345810398,Africa
Morocco,MAR,1987,19904884.0,21765261042.0,920.5913696,23103103.0,0.861567556531259,Africa
Morocco,MAR,1988,20930808.0,25705296184.0,1066.330688,23592340.0,0.8871866037875005,Africa
Morocco,MAR,1989,22660664.0,26314220188.0,1071.17749,24081577.0,0.9409958492336279,Africa
Morocco,MAR,1990,22297998.0,30180108562.0,1206.011841,24570814.0,0.9074993608270365,Africa
Morocco,MAR,1991,23688164.0,32285388165.0,1266.848877,24969174.1,0.9486963367362639,Africa
Morocco,MAR,1992,24736784.0,33711069431.0,1299.421265,25367534.2,0.9751355336696461,Africa
Morocco,MAR,1993,26778886.0,31655473664.0,1199.319092,25765894.3,1.0393152160063002,Africa
Morocco,MAR,1994,28123800.0,35604137423.0,1326.941406,26164254.4,1.0748939973615301,Africa
Morocco,MAR,1995,28750270.0,39030285468.0,1432.309814,26562614.5,1.082358440280794,Africa
Morocco,MAR,1996,29524522.0,43161452678.0,1561.129639,26960974.6,1.095083632473731,Africa
Morocco,MAR,1997,29977578.0,39147844526.0,1396.769653,27359334.7,1.0956983540977698,Africa
Morocco,MAR,1998,30881156.0,41806219379.0,1472.385986,27757694.8,1.1125259580273215,Africa
Morocco,MAR,1999,31985668.0,41632027600.0,1447.969238,28156054.9,1.1360138383591518,Africa
Morocco,MAR,2000,33199036.0,38857251336.0,1334.943481,28554415.0,1.1626585941263374,Africa
Morocco,MAR,2001,36805700.0,39459581217.0,1339.294067,28945460.0,1.2715534664158041,Africa
Morocco,MAR,2002,37306284.0,42236836821.0,1416.488403,29336505.0,1.2716676373003533,Africa
Morocco,MAR,2003,36570124.0,52064058834.0,1725.45752,29727550.0,1.23017618337199,Africa
Morocco,MAR,2004,42225556.0,59626020162.0,1952.902588,30118595.0,1.401976287406501,Africa
Morocco,MAR,2005,44660772.0,62343022651.0,2018.025513,30509640.0,1.46382494188722,Africa
Morocco,MAR,2006,46249416.0,68640825481.0,2196.01123,30900685.0,1.4967116748382763,Africa
Morocco,MAR,2007,48912716.0,79041294874.0,2499.26001,31291730.0,1.5631195846314665,Africa
Morocco,MAR,2008,51369080.0,92507257784.0,2890.360596,31682775.0,1.6213567151235964,Africa
Morocco,MAR,2009,50859732.0,92897320376.0,2866.924072,32073820.0,1.5857085934883965,Africa
Morocco,MAR,2010,54365200.0,93216746662.0,2839.926025,32464865.0,1.6745857406152775,Africa
Morocco,MAR,2011,54867636.0,101370000000.0,3046.947754,32907983.6,1.6673047083930113,Africa
Morocco,MAR,2012,56953540.0,98266306615.0,2912.658203,33351102.2,1.7076958853851614,Africa
Morocco,MAR,2013,56606420.0,106826000000.0,3121.680176,33794220.8,1.6750325546786984,Africa
Morocco,MAR,2014,57174916.0,110081000000.0,3171.699219,34237339.4,1.6699579173491501,Africa
Morocco,MAR,2015,58495180.0,101180000000.0,2875.258057,34680458.0,1.686689950865124,Africa
Morocco,MAR,2016,58457476.0,103312000000.0,2896.722168,35082120.8,1.6663039367905035,Africa
Morocco,MAR,2017,61107120.0,109683000000.0,3035.454346,35483783.6,1.7221139856122896,Africa
Morocco,MAR,2018,62309240.0,118096000000.0,3226.98291,35885446.4,1.7363373247601568,Africa
Morocco,MAR,2019,68743120.0,119870000000.0,3235.000732,36287109.2,1.8944226066925165,Africa
Morocco,MAR,2020,64560784.0,114725000000.0,3058.69165,36688772.0,1.7596877867702958,Africa
Mozambique,MOZ,1991,941464.0,3633406065.0,272.6139075,13749963.6,0.06847029035044136,Africa
Mozambique,MOZ,1992,1027205.94,2639953231.0,191.2178344,14196468.2,0.07235644285104657,Africa
Mozambique,MOZ,1993,1140326.0,2729550591.0,189.9352925,14642972.8,0.07787530685025926,Africa
Mozambique,MOZ,1994,1098034.0,2796549978.0,187.0846016,15089477.4,0.07276819275397835,Africa
Mozambique,MOZ,1995,1130973.0,2899922842.0,187.2938682,15535982.0,0.07279700761754229,Africa
Mozambique,MOZ,1996,1091814.0,3856799844.0,241.6473879,15982486.6,0.06831314971976889,Africa
Mozambique,MOZ,1997,1170237.0,4648832184.0,283.5142141,16428991.2,0.07122999737196281,Africa
Mozambique,MOZ,1998,1111895.0,5263877520.0,313.0661607,16875495.8,0.0658881382317668,Africa
Mozambique,MOZ,1999,1168343.0,5976408044.0,346.5754492,17322000.4,0.06744850323407221,Africa
Mozambique,MOZ,2000,1321945.0,5656473652.0,319.3596208,17768505.0,0.07439821189233421,Africa
Mozambique,MOZ,2001,1553994.0,5398568544.0,296.2684069,18299026.8,0.08492222110959474,Africa
Mozambique,MOZ,2002,1537057.0,5677003239.0,302.5452337,18829548.6,0.0816300503348232,Africa
Mozambique,MOZ,2003,1855517.0,6303391144.0,326.0751909,19360070.4,0.09584247172985487,Africa
Mozambique,MOZ,2004,1863973.0,7631120533.0,383.2702219,19890592.2,0.09371128728887218,Africa
Mozambique,MOZ,2005,1769698.0,8542070110.0,416.8098242,20421114.0,0.08666020864483691,Africa
Mozambique,MOZ,2006,1915622.0,9176889070.0,435.3340633,20951635.8,0.0914306652848557,Africa
Mozambique,MOZ,2007,2188865.0,10450843291.0,482.1985636,21482157.6,0.10189223264985263,Africa
Mozambique,MOZ,2008,2179933.0,12556195189.0,563.6496343,22012679.4,0.09903078859177862,Africa
Mozambique,MOZ,2009,2439006.0,11914471497.0,520.4026316,22543201.2,0.1081925312364244,Africa
Mozambique,MOZ,2010,2634548.0,11104649065.0,471.90436,23073723.0,0.1141795799490182,Africa
Mozambique,MOZ,2011,3106628.0,14381552467.0,594.5861485,23827627.6,0.1303792409446587,Africa
Mozambique,MOZ,2012,3054738.0,16350813487.0,657.6450363,24581532.2,0.12426963360729809,Africa
Mozambique,MOZ,2013,3581790.0,16974314296.0,664.0772657,25335436.8,0.1413747088031259,Africa
Mozambique,MOZ,2014,8122090.5,17716091057.0,673.9694763,26089341.4,0.3113183416734315,Africa
Mozambique,MOZ,2015,6730608.0,15950979333.0,589.8594314,26843246.0,0.2507374853249864,Africa
Mozambique,MOZ,2016,8547341.0,11936993087.0,428.9264503,27710244.6,0.3084541880947525,Africa
Mozambique,MOZ,2017,6905362.0,13219079498.0,461.4149278,28577243.2,0.24163849366687687,Africa
Mozambique,MOZ,2018,7010169.0,14845400593.0,503.3020092,29444241.8,0.23808284986981731,Africa
Mozambique,MOZ,2019,7101099.0,15390031040.0,506.8171391,30311240.4,0.23427279472205303,Africa
Mozambique,MOZ,2020,6376114.0,14028811072.0,448.8438914,31178239.0,0.20450526407216263,Africa
Myanmar,MMR,1970,4612293.0,578992638.8,21.23258283,27284112.0,0.16904684308582227,Asia
Myanmar,MMR,1971,5099486.0,559378375.7,20.03952875,27902278.9,0.18276234777367953,Asia
Myanmar,MMR,1972,4894302.0,634525053.1,22.20941504,28520445.8,0.17160678463167642,Asia
Myanmar,MMR,1973,4106571.2,667038769.1,22.81397279,29138612.7,0.14093228261344098,Asia
Myanmar,MMR,1974,4670917.0,1000557950.0,33.4428192,29756779.6,0.15696984226075322,Asia
Myanmar,MMR,1975,4582922.0,1128484859.0,36.86522592,30374946.5,0.15087835627957402,Asia
Myanmar,MMR,1976,4892791.0,1155595925.0,36.90308232,30993113.4,0.15786703764972512,Asia
Myanmar,MMR,1977,5165654.0,1000350727.0,31.23485178,31611280.3,0.1634117299576759,Asia
Myanmar,MMR,1978,5146074.0,916914661.3,27.99843553,32229447.2,0.15966994308236226,Asia
Myanmar,MMR,1979,5086024.0,919525191.6,27.46376418,32847614.1,0.15483693836990126,Asia
Myanmar,MMR,1980,5508783.0,1010596805.0,29.52861952,33465781.0,0.1646094259685737,Asia
Myanmar,MMR,1981,5622979.0,1064867669.0,30.44526282,34129158.2,0.16475586555779742,Asia
Myanmar,MMR,1982,5579515.0,1302701537.0,36.45524107,34792535.4,0.16036528915912235,Asia
Myanmar,MMR,1983,5753767.0,1427209836.0,39.1104215,35455912.6,0.16227947831753173,Asia
Myanmar,MMR,1984,6548548.0,1354699245.0,36.37603624,36119289.8,0.18130334334536113,Asia
Myanmar,MMR,1985,6675517.0,1310837294.0,34.51653083,36782667.0,0.1814853990875648,Asia
Myanmar,MMR,1986,6756346.0,1590096759.0,41.08938115,37446044.2,0.18042883151860403,Asia
Myanmar,MMR,1987,4943397.0,1448003804.0,36.74730845,38109421.4,0.12971587650501565,Asia
Myanmar,MMR,1988,4086656.0,1392547743.0,34.73930543,38772798.6,0.10540007808463947,Asia
Myanmar,MMR,1989,4425299.0,1674823311.0,41.11868748,39436175.8,0.11221420206773701,Asia
Myanmar,MMR,1990,4235719.0,2036373523.0,49.26489079,40099553.0,0.1056300802156074,Asia
Myanmar,MMR,1991,4137416.0,2137184858.0,51.01874105,40643430.9,0.10179790210574964,Asia
Myanmar,MMR,1992,4841915.0,2216072577.0,52.26378444,41187308.8,0.11755842129699914,Asia
Myanmar,MMR,1993,5303029.0,2809748387.0,65.51058315,41731186.7,0.12707592137560755,Asia
Myanmar,MMR,1994,6173965.0,3821535780.0,88.08746963,42275064.6,0.14604271000924737,Asia
Myanmar,MMR,1995,6892622.0,4879257848.0,111.1407801,42818942.5,0.16097132711766526,Asia
Myanmar,MMR,1996,7187982.0,5759624742.0,129.5689382,43362820.4,0.16576371033282697,Asia
Myanmar,MMR,1997,7419640.0,5633070603.0,125.1036646,43906698.3,0.16898651657439703,Asia
Myanmar,MMR,1998,8046166.5,4613071495.0,101.1389631,44450576.2,0.18101377277534592,Asia
Myanmar,MMR,1999,8933607.0,5643818689.0,122.2106391,44994454.1,0.19854906962856117,Asia
Myanmar,MMR,2000,10219368.0,6849321646.0,146.6045788,45538332.0,0.22441243565969873,Asia
Myanmar,MMR,2001,8855704.0,6220270632.0,131.7152982,45923597.6,0.1928355891699565,Asia
Myanmar,MMR,2002,9328067.0,6110632858.0,128.0997018,46308863.2,0.20143156958342262,Asia
Myanmar,MMR,2003,9997118.0,7754647428.0,161.0555236,46694128.8,0.21409796599524522,Asia
Myanmar,MMR,2004,12565488.0,9390855298.0,193.3687658,47079394.4,0.2668999497580623,Asia
Myanmar,MMR,2005,11555010.0,10588433069.0,216.3115014,47464660.0,0.24344449112244773,Asia
Myanmar,MMR,2006,12813455.0,11863016315.0,240.6240142,47849925.6,0.26778421991945583,Asia
Myanmar,MMR,2007,12841137.0,15591182545.0,314.2022942,48235191.2,0.2662192619234398,Asia
Myanmar,MMR,2008,9772056.0,23013015832.0,460.9088892,48620456.8,0.20098651150476235,Asia
Myanmar,MMR,2009,10207303.0,29455165595.0,586.1681802,49005722.4,0.20828798148683142,Asia
Myanmar,MMR,2010,13121587.0,37796052939.0,746.94536,49390988.0,0.26566763556137,Asia
Myanmar,MMR,2011,15121961.0,54118601975.0,1061.344429,49809580.2,0.30359543162742814,Asia
Myanmar,MMR,2012,11818522.0,58318677645.0,1134.302224,50228172.4,0.23529667585516212,Asia
Myanmar,MMR,2013,12722151.0,60572257122.0,1168.165453,50646764.6,0.251193755425001,Asia
Myanmar,MMR,2014,15849346.0,63264892768.0,1210.097654,51065356.8,0.3103737444168803,Asia
Myanmar,MMR,2015,21887144.0,63045305229.0,1196.743333,51483949.0,0.4251255862288264,Asia
Myanmar,MMR,2016,21140418.0,60291736894.0,1136.610627,51871798.8,0.40755128006087193,Asia
Myanmar,MMR,2017,23630088.0,61449392056.0,1151.114464,52259648.6,0.45216698988672493,Asia
Myanmar,MMR,2018,34016840.0,67144725831.0,1250.173685,52647498.4,0.6461245269727763,Asia
Myanmar,MMR,2019,33616924.0,68697759361.0,1271.111536,53035348.2,0.6338588345498973,Asia
Myanmar,MMR,2020,34609780.0,78930257227.0,1450.662673,53423198.0,0.647841785884851,Asia
Namibia,NAM,1990,0.0,2789944498.0,1947.062911,1369011.0,0.0,Africa
Namibia,NAM,1991,1055232.0,2996885561.0,2029.861549,1414024.0,0.7462617324741305,Africa
Namibia,NAM,1992,1150496.0,3429538534.0,2260.810359,1459037.0,0.7885310653533804,Africa
Namibia,NAM,1993,1388656.0,3251230621.0,2090.69179,1504050.0,0.9232778165619494,Africa
Namibia,NAM,1994,1571856.0,3666501464.0,2303.330555,1549063.0,1.0147140561746035,Africa
Namibia,NAM,1995,1619488.0,3978497753.0,2443.995853,1594076.0,1.0159415234907243,Africa
Namibia,NAM,1996,1722080.0,3989208662.0,2398.257439,1639089.0,1.050632393970065,Africa
Namibia,NAM,1997,1769712.0,4154955686.0,2446.928578,1684102.0,1.0508342131296085,Africa
Namibia,NAM,1998,1817344.0,3873098656.0,2236.671502,1729115.0,1.051025524618085,Africa
Namibia,NAM,1999,1663456.0,3868541599.0,2193.223615,1774128.0,0.9376189316667117,Africa
Namibia,NAM,2000,1604832.0,3922247990.0,2185.604115,1819141.0,0.882192199505151,Africa
Namibia,NAM,2001,2011535.9,3557333364.0,1950.648536,1847154.0,1.0889919844257707,Africa
Namibia,NAM,2002,1788032.0,3349184760.0,1808.884899,1875167.0,0.9535321387375097,Africa
Namibia,NAM,2003,1883296.0,4926471294.0,2621.700395,1903180.0,0.9895522231213022,Africa
Namibia,NAM,2004,1971232.0,6609198833.0,3464.418226,1931193.0,1.0207327802037394,Africa
Namibia,NAM,2005,2311984.0,7248394160.0,3739.531717,1959206.0,1.1800617188799953,Africa
Namibia,NAM,2006,2337632.0,8001779551.0,4059.101348,1987219.0,1.1763333583263849,Africa
Namibia,NAM,2007,2264352.0,8839526452.0,4405.410399,2015232.0,1.1236185213414633,Africa
Namibia,NAM,2008,2704032.0,8607475308.0,4212.367197,2043245.0,1.32340076691733,Africa
Namibia,NAM,2009,2762656.0,8938868165.0,4295.387143,2071258.0,1.3338058320112705,Africa
Namibia,NAM,2010,2839600.0,11431334447.0,5394.996712,2099271.0,1.3526600424623596,Africa
Namibia,NAM,2011,2782096.0,12523402329.0,5806.748246,2135957.6,1.3025052557223045,Africa
Namibia,NAM,2012,3355055.0,13042007432.0,5942.29274,2172644.2,1.544226615660309,Africa
Namibia,NAM,2013,2567728.0,12043276397.0,5392.094938,2209330.8,1.1622197997692334,Africa
Namibia,NAM,2014,3677997.0,12435416060.0,5469.9014,2246017.4,1.6375638942066968,Africa
Namibia,NAM,2015,3851304.0,11335179562.0,4896.61526,2282704.0,1.6871674995969692,Africa
Namibia,NAM,2016,4051196.0,10721994677.0,4546.986688,2323982.8,1.7432125573390649,Africa
Namibia,NAM,2017,4216153.0,12895153160.0,5367.114674,2365261.6,1.782531369891601,Africa
Namibia,NAM,2018,4154920.0,13682062249.0,5588.392864,2406540.4,1.7265116347101426,Africa
Namibia,NAM,2019,4111065.0,12543203411.0,5028.295342,2447819.2,1.6794806577217793,Africa
Namibia,NAM,2020,3681840.0,10562637376.0,4157.019506,2489098.0,1.479186436211029,Africa
Nauru,NRU,2010,43968.0,47564520.39,4752.175082,10241.0,4.293330729420955,Oceania
Nauru,NRU,2011,40304.0,66055407.67,6560.27487,10429.8,3.86431187558726,Oceania
Nauru,NRU,2012,43968.0,96927201.48,9562.667866,10618.6,4.140658843915394,Oceania
Nauru,NRU,2013,47632.0,98491843.64,9648.495655,10807.4,4.407350519088773,Oceania
Nauru,NRU,2014,51296.0,104654365.2,10171.48073,10996.2,4.664884232734945,Oceania
Nauru,NRU,2015,54960.0,86529661.37,8341.012278,11185.0,4.913723737147966,Oceania
Nauru,NRU,2016,51296.0,99723394.96,9521.042101,11411.0,4.495311541495049,Oceania
Nauru,NRU,2017,54960.0,109359680.2,10339.38548,11637.0,4.722866718226347,Oceania
Nauru,NRU,2018,54960.0,124021393.7,11614.66508,11863.0,4.632892185787743,Oceania
Nauru,NRU,2019,54960.0,118724073.8,11029.73558,12089.0,4.546281743733973,Oceania
Nauru,NRU,2020,51296.0,114626625.6,10580.26819,12315.0,4.165326837190419,Oceania
Nepal,NPL,1970,227168.0,865975308.6,71.71859114,12501285.0,0.018171571962402266,Asia
Nepal,NPL,1971,197856.0,882765471.6,71.6298781,12811200.7,0.015443985667947581,Asia
Nepal,NPL,1972,267472.0,1024098805.0,81.386573,13121116.4,0.02038485078906853,Asia
Nepal,NPL,1973,421360.0,972101725.0,75.63696074,13431032.1,0.03137212366576058,Asia
Nepal,NPL,1974,424875.0,1217953547.0,92.75222233,13740947.8,0.030920356163495505,Asia
Nepal,NPL,1975,351714.0,1575789254.0,117.4177468,14050863.5,0.025031486499032606,Asia
Nepal,NPL,1976,281839.0,1452792989.0,105.8928233,14360779.2,0.0196256063877091,Asia
Nepal,NPL,1977,336399.0,1382400000.0,98.54200742,14670694.9,0.022929997678569403,Asia
Nepal,NPL,1978,328981.0,1604162497.0,111.8066138,14980610.6,0.02196045333425862,Asia
Nepal,NPL,1979,512359.97,1851250008.0,126.1333096,15290526.3,0.03350832796383209,Asia
Nepal,NPL,1980,541295.0,1945916583.0,129.5860224,15600442.0,0.034697414342491066,Asia
Nepal,NPL,1981,453186.0,2275583317.0,148.0802633,16002050.8,0.02832049502055074,Asia
Nepal,NPL,1982,442361.0,2395429852.0,152.2896698,16403659.6,0.026967214072157412,Asia
Nepal,NPL,1983,492418.0,2447174803.0,151.9925535,16805268.4,0.02930140645656097,Asia
Nepal,NPL,1984,701424.0,2581207388.0,156.6505397,17206877.2,0.04076416608587176,Asia
Nepal,NPL,1985,676018.0,2619913956.0,155.4078184,17608486.0,0.03839160277607059,Asia
Nepal,NPL,1986,697014.0,2850784523.0,165.3618292,18010094.8,0.038701295453480895,Asia
Nepal,NPL,1987,860680.0,2957255380.0,167.7999446,18411703.6,0.04674635322719403,Asia
Nepal,NPL,1988,975970.0,3487009748.0,193.499648,18813312.4,0.05187656374642458,Asia
Nepal,NPL,1989,893564.0,3525228153.0,191.1208533,19214921.2,0.04650365154763164,Asia
Nepal,NPL,1990,721436.0,3627562403.0,191.8788839,19616530.0,0.036776942711070716,Asia
Nepal,NPL,1991,1026311.06,3921476085.0,202.0805891,20110827.0,0.051032762600961165,Asia
Nepal,NPL,1992,1232929.0,3401211581.0,170.5866512,20605124.0,0.05983603884160076,Asia
Nepal,NPL,1993,1397333.0,3660041667.0,178.6259878,21099421.0,0.0662261300914371,Asia
Nepal,NPL,1994,1619432.0,4066775510.0,193.2795509,21593718.0,0.07499551489928691,Asia
Nepal,NPL,1995,2308915.0,4401104418.0,203.9807806,22088015.0,0.10453248062354177,Asia
Nepal,NPL,1996,2352779.0,4521580381.0,204.6857552,22582312.0,0.10418680779895345,Asia
Nepal,NPL,1997,2641111.0,4918691917.0,217.7879819,23076609.0,0.11444970099376386,Asia
Nepal,NPL,1998,2223327.0,4856255044.0,210.6115609,23570906.0,0.09432505479424508,Asia
Nepal,NPL,1999,3191083.0,5033642384.0,214.1067032,24065203.0,0.13260154090534787,Asia
Nepal,NPL,2000,3037431.0,5494252208.0,229.4903926,24559500.0,0.12367641849386185,Asia
Nepal,NPL,2001,3236078.0,6007055042.0,246.7255581,24819706.7,0.1303834102116928,Asia
Nepal,NPL,2002,2596383.0,6050875807.0,244.7208435,25079913.4,0.10352440052683755,Asia
Nepal,NPL,2003,2810383.0,6330473097.0,252.4023518,25340120.1,0.11090645935809909,Asia
Nepal,NPL,2004,2582410.0,7273938315.0,286.1576726,25600326.8,0.10087410290403011,Asia
Nepal,NPL,2005,2986772.0,8130258041.0,315.80563,25860533.5,0.11549537444770813,Asia
Nepal,NPL,2006,2456469.0,9043715356.0,346.9453313,26120740.2,0.09404285564618112,Asia
Nepal,NPL,2007,2570341.0,10325618017.0,391.3800572,26380946.9,0.09743171879853942,Asia
Nepal,NPL,2008,3351788.0,12545438605.0,470.455459,26641153.6,0.12581241977449503,Asia
Nepal,NPL,2009,4129352.0,12854985464.0,478.1732528,26901360.3,0.15349974699978275,Asia
Nepal,NPL,2010,4824304.0,16002656434.0,592.4012071,27161567.0,0.17761508384254857,Asia
Nepal,NPL,2011,5220429.0,21573862467.0,797.8139473,27251318.6,0.19156610645622116,Asia
Nepal,NPL,2012,5470253.0,21703106502.0,804.1416073,27341070.2,0.20007457498865572,Asia
Nepal,NPL,2013,6217840.0,22162208956.0,823.3598746,27430821.8,0.22667348595440184,Asia
Nepal,NPL,2014,7591334.0,22731602970.0,844.8531249,27520573.4,0.2758421450622828,Asia
Nepal,NPL,2015,6904657.0,24360795411.0,901.7496077,27610325.0,0.25007518020885305,Asia
Nepal,NPL,2016,10085127.0,24524098185.0,899.523581,27957985.4,0.3607243818075676,Asia
Nepal,NPL,2017,12429835.0,28971589213.0,1048.453755,28305645.8,0.4391291789569415,Asia
Nepal,NPL,2018,14798718.0,33111525872.0,1178.525957,28653306.2,0.5164750586443668,Asia
Nepal,NPL,2019,13574890.0,34186190996.0,1194.957236,29000966.6,0.4680840534466875,Asia
Nepal,NPL,2020,14902414.0,33433670512.0,1147.471971,29348627.0,0.5077721012298122,Asia
Netherlands,NLD,1970,141803300.0,38164716625.0,2927.072939,13037686.0,10.876416259756525,Europe
Netherlands,NLD,1971,140666140.0,44579122807.0,3378.614797,13146956.1,10.699521541720216,Europe
Netherlands,NLD,1972,157495360.0,54706557264.0,4104.45103,13256226.2,11.880859425890003,Europe
Netherlands,NLD,1973,165259840.0,71840909664.0,5345.575444,13365496.3,12.364661684878847,Europe
Netherlands,NLD,1974,159985140.0,87243413395.0,6440.97842,13474766.4,11.87294348939511,Europe
Netherlands,NLD,1975,152525440.0,100250000000.0,7335.508997,13584036.5,11.228285495257614,Europe
Netherlands,NLD,1976,169130820.0,109169000000.0,7925.688062,13693306.6,12.351349819334361,Europe
Netherlands,NLD,1977,163605650.0,127017000000.0,9166.808195,13802576.7,11.853268672652984,Europe
Netherlands,NLD,1978,169793040.0,155860000000.0,11179.38956,13911846.8,12.20492451081333,Europe
Netherlands,NLD,1979,187007060.0,179669000000.0,12798.54325,14021116.9,13.337529480265584,Europe
Netherlands,NLD,1980,176631780.0,195152000000.0,13791.86226,14130387.0,12.500137469695629,Europe
Netherlands,NLD,1981,164109810.0,164134000000.0,11520.44787,14211803.1,11.547430600132646,Europe
Netherlands,NLD,1982,133487120.0,158480000000.0,11072.65845,14293219.2,9.339192111459399,Europe
Netherlands,NLD,1983,137357330.0,153445000000.0,10680.35904,14374635.3,9.555534949815387,Europe
Netherlands,NLD,1984,144072860.0,143913000000.0,9977.160217,14456051.4,9.96626644534482,Europe
Netherlands,NLD,1985,146980000.0,143846000000.0,9926.129971,14537467.5,10.11042673010275,Europe
Netherlands,NLD,1986,144014380.0,200862000000.0,13783.85011,14618883.6,9.851257041269553,Europe
Netherlands,NLD,1987,151480370.0,245046000000.0,16709.55968,14700299.7,10.304576987637878,Europe
Netherlands,NLD,1988,145602740.0,261911000000.0,17744.50138,14781715.8,9.850192086631782,Europe
Netherlands,NLD,1989,161664220.0,258337000000.0,17397.69168,14863131.9,10.876861020119184,Europe
Netherlands,NLD,1990,162665120.0,318331000000.0,21290.86038,14944548.0,10.88457944663164,Europe
Netherlands,NLD,1991,171110620.0,327500000000.0,21732.23076,15040006.7,11.377030836030146,Europe
Netherlands,NLD,1992,170918110.0,362963000000.0,23904.03742,15135465.4,11.292557280729538,Europe
Netherlands,NLD,1993,170863250.0,353550000000.0,23122.41077,15230924.1,11.218180123424029,Europe
Netherlands,NLD,1994,171648180.0,379130000000.0,24646.31431,15326382.8,11.199523216919781,Europe
Netherlands,NLD,1995,173201140.0,452302000000.0,29258.13435,15421841.5,11.230898722438562,Europe
Netherlands,NLD,1996,182296540.0,450490000000.0,29006.80945,15517300.2,11.747954711864118,Europe
Netherlands,NLD,1997,175285360.0,416813000000.0,26700.53713,15612758.9,11.227058659056087,Europe
Netherlands,NLD,1998,176237580.0,438008000000.0,27885.80838,15708217.6,11.219451148932391,Europe
Netherlands,NLD,1999,170854260.0,447050000000.0,28272.64325,15803676.3,10.811045275585656,Europe
Netherlands,NLD,2000,172016290.0,417479000000.0,26214.49855,15899135.0,10.819223184154358,Europe
Netherlands,NLD,2001,177146200.0,431587000000.0,26896.54811,15970933.1,11.091787742821364,Europe
Netherlands,NLD,2002,176466080.0,473862000000.0,29343.245,16042731.2,10.999752959770342,Europe
Netherlands,NLD,2003,179896910.0,580070000000.0,35750.97466,16114529.3,11.163646585693321,Europe
Netherlands,NLD,2004,181780450.0,658380000000.0,40436.61823,16186327.4,11.230493830243418,Europe
Netherlands,NLD,2005,177859120.0,685348000000.0,41994.71353,16258125.5,10.93970642556548,Europe
Netherlands,NLD,2006,172991330.0,733955000000.0,44900.93814,16329923.6,10.593517412414593,Europe
Netherlands,NLD,2007,172746750.0,848559000000.0,51799.20855,16401721.7,10.53223272286104,Europe
Netherlands,NLD,2008,175710980.0,951870000000.0,57879.94376,16473519.8,10.66626817664067,Europe
Netherlands,NLD,2009,170336240.0,871519000000.0,52722.21306,16545317.9,10.295132497877239,Europe
Netherlands,NLD,2010,182358960.0,847381000000.0,50999.74512,16617116.0,10.97416422922004,Europe
Netherlands,NLD,2011,169123820.0,905271000000.0,54230.3129,16701914.2,10.126014178662228,Europe
Netherlands,NLD,2012,165481760.0,838923000000.0,50070.1416,16786712.4,9.857901657980392,Europe
Netherlands,NLD,2013,164874200.0,877173000000.0,52198.89756,16871510.6,9.772343680950536,Europe
Netherlands,NLD,2014,157467570.0,892168000000.0,52900.53742,16956308.8,9.286665621470634,Europe
Netherlands,NLD,2015,163802240.0,765573000000.0,45193.40322,17041107.0,9.61218305829545,Europe
Netherlands,NLD,2016,164691310.0,784060000000.0,46039.10593,17119797.0,9.619933577483424,Europe
Netherlands,NLD,2017,162202580.0,833870000000.0,48675.22234,17198487.0,9.431212175815233,Europe
Netherlands,NLD,2018,158133890.0,914043000000.0,53044.53244,17277177.0,9.152762051346699,Europe
Netherlands,NLD,2019,152509390.0,910194000000.0,52476.27325,17355867.0,8.787195131191083,Europe
Netherlands,NLD,2020,136684620.0,913865000000.0,52396.03221,17434557.0,7.839867683474837,Europe
New Caledonia,NCL,1970,2392592.0,358815683.7,3203.711462,110982.0,21.558378836207673,Oceania
New Caledonia,NCL,1971,2418240.0,413985777.7,3449.881481,114743.7,21.075143994833702,Oceania
New Caledonia,NCL,1972,1703760.0,506808997.0,4038.318701,118505.4,14.377066361532894,Oceania
New Caledonia,NCL,1973,2597568.0,542293400.0,4220.182101,122267.1,21.245028302789546,Oceania
New Caledonia,NCL,1974,2780709.0,637403479.7,4865.675418,126028.8,22.06407583028641,Oceania
New Caledonia,NCL,1975,2527922.0,816652167.3,6163.412583,129790.5,19.476941686795257,Oceania
New Caledonia,NCL,1976,2388422.0,798313524.7,5957.563617,133552.2,17.88380872797303,Oceania
New Caledonia,NCL,1977,2138972.0,837620127.3,6158.971525,137313.9,15.577243090466443,Oceania
New Caledonia,NCL,1978,1541285.0,846004692.3,6152.761398,141075.6,10.925241501719645,Oceania
New Caledonia,NCL,1979,1639872.0,1047225724.0,7561.196566,144837.3,11.322166320416082,Oceania
New Caledonia,NCL,1980,1998603.0,1182463959.0,8443.155721,148599.0,13.449639634183272,Oceania
New Caledonia,NCL,1981,1390324.0,972564157.0,6817.834959,151465.5,9.179146406277336,Oceania
New Caledonia,NCL,1982,1261786.0,904599871.5,6208.647025,154332.0,8.175789855635902,Oceania
New Caledonia,NCL,1983,1151198.0,823857894.3,5540.402786,157198.5,7.323212371619322,Oceania
New Caledonia,NCL,1984,1202153.0,796066192.9,5249.364938,160065.0,7.510405147908662,Oceania
New Caledonia,NCL,1985,1450955.0,854820894.1,5534.612458,162931.5,8.905306831398471,Oceania
New Caledonia,NCL,1986,1400822.0,1201321509.0,7634.709306,165798.0,8.448968021327158,Oceania
New Caledonia,NCL,1987,1454488.0,1488093104.0,9271.608128,168664.5,8.62355741723955,Oceania
New Caledonia,NCL,1988,1501239.0,2072775508.0,12665.90595,171531.0,8.751998181086801,Oceania
New Caledonia,NCL,1989,1639517.0,2185082943.0,13092.32551,174397.5,9.401034991900687,Oceania
New Caledonia,NCL,1990,1576355.0,2529440424.0,14800.79125,177264.0,8.892696768661432,Oceania
New Caledonia,NCL,1991,1758618.0,2653781629.0,15133.16243,181691.3,9.679153597337903,Oceania
New Caledonia,NCL,1992,1575469.0,2923883311.0,16261.95536,186118.6,8.46486595106561,Oceania
New Caledonia,NCL,1993,1828244.0,2822244192.0,15297.04813,190545.9,9.594769554212398,Oceania
New Caledonia,NCL,1994,1971181.0,3038727542.0,16037.02485,194973.2,10.110009991116728,Oceania
New Caledonia,NCL,1995,2063132.0,3628441984.0,18721.06526,199400.5,10.346674155781956,Oceania
New Caledonia,NCL,1996,2183915.0,3606968707.0,18257.21643,203827.8,10.714509993239393,Oceania
New Caledonia,NCL,1997,1817470.0,3291130072.0,16339.80117,208255.1,8.72713321306417,Oceania
New Caledonia,NCL,1998,1810016.0,3556305297.0,17324.25283,212682.4,8.510417411125697,Oceania
New Caledonia,NCL,1999,2055504.1,3647802506.0,17435.74764,217109.7,9.467582977637573,Oceania
New Caledonia,NCL,2000,2220454.0,3420033047.0,16039.17388,221537.0,10.022948762509197,Oceania
New Caledonia,NCL,2001,1876642.0,3297734668.0,15174.27743,225525.9,8.321181735667611,Oceania
New Caledonia,NCL,2002,2392238.0,3740057133.0,16885.89613,229514.8,10.423022829028891,Oceania
New Caledonia,NCL,2003,2725557.0,4915355784.0,21817.32381,233503.7,11.672436025638994,Oceania
New Caledonia,NCL,2004,2514913.0,5895011252.0,25770.54099,237492.6,10.589437312994173,Oceania
New Caledonia,NCL,2005,2809699.0,6238632284.0,26861.71059,241481.5,11.635255702817814,Oceania
New Caledonia,NCL,2006,2706642.0,6979153332.0,29604.04382,245470.4,11.026347779610088,Oceania
New Caledonia,NCL,2007,2926788.0,8819922042.0,36864.87792,249459.3,11.732527109632715,Oceania
New Caledonia,NCL,2008,2848035.0,9067623001.0,37353.75078,253448.2,11.237148261459343,Oceania
New Caledonia,NCL,2009,3035808.0,8704436169.0,35391.08018,257437.1,11.79242618876611,Oceania
New Caledonia,NCL,2010,3657625.0,9364347372.0,37494.88437,261426.0,13.99105291746039,Oceania
New Caledonia,NCL,2011,3694428.0,10351442209.0,40697.63007,265747.2,13.902039231269416,Oceania
New Caledonia,NCL,2012,3705562.0,9659153061.0,37294.02726,270068.4,13.720827760671,Oceania
New Caledonia,NCL,2013,3970129.0,10151385306.0,38503.26306,274389.6,14.468948531577,Oceania
New Caledonia,NCL,2014,5009068.0,10635039739.0,39675.58194,278710.8,17.972278074620718,Oceania
New Caledonia,NCL,2015,4876909.0,8738205837.0,32520.30457,283032.0,17.230945617456683,Oceania
New Caledonia,NCL,2016,5481737.0,8724570250.0,32391.20197,283706.2,19.321879465447,Oceania
New Caledonia,NCL,2017,5583765.0,9173668102.0,33976.54853,284380.4,19.63484473613512,Oceania
New Caledonia,NCL,2018,5913008.0,9846922416.0,36382.49553,285054.6,20.74342248818297,Oceania
New Caledonia,NCL,2019,5672867.0,9438130987.0,34788.54031,285728.8,19.854025915483493,Oceania
New Caledonia,NCL,2020,5109173.0,9435529927.0,34694.5504,286403.0,17.83910433899086,Oceania
New Zealand,NZL,1971,15049003.0,7911136757.0,2772.918597,2856371.7,5.268573064212896,Oceania
New Zealand,NZL,1972,16189594.0,9567331065.0,3294.648943,2888682.4,5.604490822528638,Oceania
New Zealand,NZL,1973,18200338.0,12802281898.0,4323.196535,2920993.1,6.23087332866346,Oceania
New Zealand,NZL,1974,18759972.0,13940981798.0,4610.570426,2953303.8,6.352198510698425,Oceania
New Zealand,NZL,1975,18270304.0,12861983284.0,4171.76974,2985614.5,6.11944509245919,Oceania
New Zealand,NZL,1976,19248512.0,13604832424.0,4373.840998,3017925.2,6.378061325045431,Oceania
New Zealand,NZL,1977,20313414.0,15446825318.0,4950.588205,3050235.9,6.65962065425825,Oceania
New Zealand,NZL,1978,18024024.0,18530518395.0,5936.98526,3082546.6,5.847121337922353,Oceania
New Zealand,NZL,1979,16494432.0,20731243113.0,6668.138666,3114857.3,5.295405346498538,Oceania
New Zealand,NZL,1980,17478874.0,23244547385.0,7467.168038,3147168.0,5.553842057367131,Oceania
New Zealand,NZL,1981,16560961.0,24417617184.0,7813.887543,3172190.1,5.220671043642687,Oceania
New Zealand,NZL,1982,18270238.0,24164603059.0,7656.475732,3197212.2,5.714427712993213,Oceania
New Zealand,NZL,1983,17998090.0,24309279706.0,7598.312039,3222234.3,5.585593201586862,Oceania
New Zealand,NZL,1984,19336614.0,21665975319.0,6713.760131,3247256.4,5.954754296580954,Oceania
New Zealand,NZL,1985,21857954.0,24679795396.0,7600.565242,3272278.5,6.679735236472079,Oceania
New Zealand,NZL,1986,22945982.0,30604668357.0,9427.55394,3297300.6,6.959020357440265,Oceania
New Zealand,NZL,1987,24165260.0,40376354070.0,12330.91683,3322322.7,7.273604096314906,Oceania
New Zealand,NZL,1988,25449338.0,45176811594.0,13759.15563,3347344.8,7.602843304340802,Oceania
New Zealand,NZL,1989,25453206.0,43920222525.0,13312.38559,3372366.9,7.547579120172244,Oceania
New Zealand,NZL,1990,25502508.0,45495129385.0,13663.02162,3397389.0,7.506502199188848,Oceania
New Zealand,NZL,1991,26182470.0,42745329732.0,12230.07345,3443176.7,7.604161006317218,Oceania
New Zealand,NZL,1992,28166716.0,41649829860.0,11793.13924,3488964.4,8.073087819411398,Oceania
New Zealand,NZL,1993,27760956.0,46775620817.0,13094.34545,3534752.1,7.853720774364912,Oceania
New Zealand,NZL,1994,27899822.0,55314732279.0,15280.31278,3580539.8,7.792071463637969,Oceania
New Zealand,NZL,1995,28003232.0,63918703507.0,17400.42018,3626327.5,7.722201593761182,Oceania
New Zealand,NZL,1996,29304160.0,70140835299.0,18794.43604,3672115.2,7.980185371090754,Oceania
New Zealand,NZL,1997,31278306.0,66075143415.0,17474.18703,3717902.9,8.41288942753185,Oceania
New Zealand,NZL,1998,29858208.0,56227169851.0,14738.44557,3763690.6,7.933225967086667,Oceania
New Zealand,NZL,1999,31465164.0,58762260626.0,15322.22383,3809478.3,8.259704222491568,Oceania
New Zealand,NZL,2000,32245506.0,52623281957.0,13641.10272,3855266.0,8.364015868165776,Oceania
New Zealand,NZL,2001,34378540.0,53872425917.0,13882.85683,3904373.2,8.805136763053286,Oceania
New Zealand,NZL,2002,34541610.0,66627729311.0,16874.18749,3953480.4,8.737013088518157,Oceania
New Zealand,NZL,2003,36240990.0,88250885550.0,21913.70817,4002587.6,9.054390214969935,Oceania
New Zealand,NZL,2004,35835680.0,103905000000.0,25420.23488,4051694.8,8.844614851049492,Oceania
New Zealand,NZL,2005,37423410.0,114720000000.0,27751.06547,4100802.0,9.125875865257576,Oceania
New Zealand,NZL,2006,37329520.0,111539000000.0,26654.5932,4149909.2,8.995261872235663,Oceania
New Zealand,NZL,2007,36409844.0,137189000000.0,32479.98174,4199016.4,8.6710411514468,Oceania
New Zealand,NZL,2008,37508388.0,133131000000.0,31252.96256,4248123.6,8.829401291431353,Oceania
New Zealand,NZL,2009,34619916.0,121374000000.0,28209.36233,4297230.8,8.056331533321412,Oceania
New Zealand,NZL,2010,34810384.0,146518000000.0,33676.77412,4346338.0,8.009129524671113,Oceania
New Zealand,NZL,2011,34265070.0,168291000000.0,38387.62708,4395188.4,7.796041234546395,Oceania
New Zealand,NZL,2012,35944244.0,176207000000.0,39973.38076,4444038.8,8.088193109385093,Oceania
New Zealand,NZL,2013,35240228.0,190907000000.0,42976.64959,4492889.2,7.843555990652963,Oceania
New Zealand,NZL,2014,35438010.0,201313000000.0,44572.89875,4541739.6,7.802739285184911,Oceania
New Zealand,NZL,2015,35812136.0,178064000000.0,38630.72659,4590590.0,7.801205509531455,Oceania
New Zealand,NZL,2016,34153004.0,188838000000.0,40058.19616,4684698.6,7.290331121835672,Oceania
New Zealand,NZL,2017,35687180.0,206624000000.0,42924.9956,4778807.2,7.467800751618521,Oceania
New Zealand,NZL,2018,35704196.0,211953000000.0,43250.44097,4872915.8,7.327070170184348,Oceania
New Zealand,NZL,2019,36878936.0,213435000000.0,42865.23364,4967024.4,7.4247543458816105,Oceania
New Zealand,NZL,2020,34237324.0,211735000000.0,41596.5055,5061133.0,6.764754848370909,Oceania
Nicaragua,NIC,1970,1402807.0,776585681.1,322.7002946,2444767.0,0.5737998754073497,North America
Nicaragua,NIC,1971,1505429.0,826571413.4,333.114264,2530621.2,0.594885161003156,North America
Nicaragua,NIC,1972,1604357.0,880842890.1,344.2533977,2616475.4,0.6131748840443905,North America
Nicaragua,NIC,1973,1827563.0,1093571442.0,414.4358419,2702329.6,0.6762916707125585,North America
Nicaragua,NIC,1974,1948297.0,1520900045.0,558.8632852,2788183.8,0.6987692131343709,North America
Nicaragua,NIC,1975,1926551.0,1590428523.0,566.6221647,2874038.0,0.6703289935623676,North America
Nicaragua,NIC,1976,2222175.0,1847871372.0,638.3048137,2959892.2,0.7507621392427737,North America
Nicaragua,NIC,1977,2833110.0,2239857061.0,750.2502313,3045746.4,0.9301857830317062,North America
Nicaragua,NIC,1978,2627462.0,2142128604.0,695.9796442,3131600.6,0.8390156777974815,North America
Nicaragua,NIC,1979,1709257.0,1527852636.0,481.7590681,3217454.8,0.5312450698608105,North America
Nicaragua,NIC,1980,2022342.9,2189347368.0,670.4437172,3303309.0,0.6122172948398106,North America
Nicaragua,NIC,1981,2134854.0,2448290110.0,728.6269776,3395760.1,0.6286822205137518,North America
Nicaragua,NIC,1982,2110702.0,2465165180.0,713.479925,3488211.2,0.605095815299257,North America
Nicaragua,NIC,1983,1996688.0,2743341724.0,772.835232,3580662.3,0.5576309164927393,North America
Nicaragua,NIC,1984,1846034.0,3105517091.0,852.466606,3673113.4,0.5025801817063421,North America
Nicaragua,NIC,1985,1984836.0,2683816289.0,718.6849973,3765564.5,0.5271018462172139,North America
Nicaragua,NIC,1986,2255542.0,2885710609.0,754.8025687,3858015.6,0.5846378640874339,North America
Nicaragua,NIC,1987,2430984.0,3851213728.0,985.0477809,3950466.7,0.6153662806472967,North America
Nicaragua,NIC,1988,2240026.0,2631096767.0,658.5102416,4042917.8,0.554061722452037,North America
Nicaragua,NIC,1989,1468317.0,1013184746.0,248.149686,4135368.9,0.35506312387269734,North America
Nicaragua,NIC,1990,2043946.0,1009455484.0,241.8764121,4227820.0,0.4834515187496156,North America
Nicaragua,NIC,1991,1986324.0,1488804124.0,348.8646053,4317360.2,0.46007835992002705,North America
Nicaragua,NIC,1992,2372617.0,1792800000.0,410.7673844,4406900.4,0.5383867990299939,North America
Nicaragua,NIC,1993,2282398.0,1756454248.0,393.6035457,4496440.6,0.5076010567113908,North America
Nicaragua,NIC,1994,2517961.0,3863185119.0,847.3736884,4585980.8,0.549056158281343,North America
Nicaragua,NIC,1995,2755058.0,4140470000.0,890.0054491,4675521.0,0.5892515507897409,North America
Nicaragua,NIC,1996,2847245.0,4308351903.0,908.6338479,4765061.2,0.5975253791074079,North America
Nicaragua,NIC,1997,3114466.0,4389965591.0,909.3364921,4854601.4,0.6415492732317837,North America
Nicaragua,NIC,1998,3392724.0,4635267225.0,943.9228567,4944141.6,0.6862109289102886,North America
Nicaragua,NIC,1999,3597173.0,4855717875.0,972.8867935,5033681.8,0.7146206579843803,North America
Nicaragua,NIC,2000,3721323.0,5107329007.0,1007.499839,5123222.0,0.726363799968067,North America
Nicaragua,NIC,2001,3921750.0,5323146566.0,1034.551387,5196473.2,0.7546945493724474,North America
Nicaragua,NIC,2002,3989804.0,5224213018.0,1000.936715,5269724.4,0.7571181521371402,North America
Nicaragua,NIC,2003,4335245.0,5322454926.0,1005.733044,5342975.6,0.8113915025178106,North America
Nicaragua,NIC,2004,4377836.0,5795568205.0,1080.269119,5416226.8,0.8082815143560828,North America
Nicaragua,NIC,2005,4270109.0,6321335612.0,1162.289685,5489478.0,0.7778715936196483,North America
Nicaragua,NIC,2006,4418076.0,6763361733.0,1226.633987,5562729.2,0.7942281281641392,North America
Nicaragua,NIC,2007,4550682.0,7423313549.0,1327.947389,5635980.4,0.8074339648164851,North America
Nicaragua,NIC,2008,4365500.0,8496946608.0,1499.25762,5709231.6,0.7646388000795064,North America
Nicaragua,NIC,2009,4445091.0,8298679909.0,1444.36951,5782482.8,0.768716683428786,North America
Nicaragua,NIC,2010,4467845.0,8758639096.0,1503.872231,5855734.0,0.7629863310047895,North America
Nicaragua,NIC,2011,4805903.0,9774307336.0,1655.8105,5944306.8,0.8084883842132778,North America
Nicaragua,NIC,2012,4549767.0,10532006608.0,1760.460308,6032879.6,0.7541617439207638,North America
Nicaragua,NIC,2013,4605408.0,10982979274.0,1811.636803,6121452.4,0.7523391017465071,North America
Nicaragua,NIC,2014,4745122.0,11880434071.0,1934.062922,6210025.2,0.7641067221434141,North America
Nicaragua,NIC,2015,5430953.0,12756706583.0,2049.851666,6298598.0,0.8622479161235563,North America
Nicaragua,NIC,2016,5406146.0,13286083645.0,2107.57406,6390057.4,0.846024638213735,North America
Nicaragua,NIC,2017,5461305.0,13785909906.0,2159.161926,6481516.8,0.8425967514270734,North America
Nicaragua,NIC,2018,5199214.0,13025239912.0,2014.575189,6572976.2,0.7909984521167138,North America
Nicaragua,NIC,2019,5222552.0,12596636042.0,1924.471816,6664435.6,0.7836450546539906,North America
Nicaragua,NIC,2020,4748407.0,12586941393.0,1900.043594,6755895.0,0.702853877983598,North America
Niger,NER,1970,216057.0,649916708.2,144.0850939,4669708.0,0.046267775201361626,Africa
Niger,NER,1971,230371.0,693573595.3,149.5420414,4820054.9,0.04779426889930237,Africa
Niger,NER,1972,252013.0,742779740.4,155.7769905,4970401.8,0.050702741979531715,Africa
Niger,NER,1973,326897.0,946385033.0,193.0550554,5120748.7,0.06383773529054453,Africa
Niger,NER,1974,288341.0,1026136974.0,203.5664959,5271095.6,0.05470228997554133,Africa
Niger,NER,1975,332509.0,1048690933.0,202.257101,5421442.5,0.061332200793423525,Africa
Niger,NER,1976,330710.0,1064517575.0,199.5315864,5571789.4,0.05935436109627546,Africa
Niger,NER,1977,363259.0,1291457973.0,235.1886384,5722136.3,0.06348310857257979,Africa
Niger,NER,1978,413413.0,1774365275.0,313.8994464,5872483.2,0.07039832825745675,Africa
Niger,NER,1979,475987.0,2109278102.0,362.4959638,6022830.1,0.0790304544702332,Africa
Niger,NER,1980,566275.0,2508524186.0,418.8552657,6173177.0,0.09173153467007344,Africa
Niger,NER,1981,680342.0,2170893039.0,352.2055202,6392924.0,0.10642109932794445,Africa
Niger,NER,1982,742202.0,2017611927.0,318.0582306,6612671.0,0.11223936590826913,Africa
Niger,NER,1983,957925.0,1803099732.0,276.1827999,6832418.0,0.14020292669447332,Africa
Niger,NER,1984,986810.0,1461243212.0,217.469236,7052165.0,0.13993007821002487,Africa
Niger,NER,1985,990022.0,1440581534.0,208.2971058,7271912.0,0.13614328666243486,Africa
Niger,NER,1986,894383.0,1904097020.0,267.4712431,7491659.0,0.11938383741171348,Africa
Niger,NER,1987,992855.0,2233005823.0,304.6835764,7711406.0,0.1287514883796807,Africa
Niger,NER,1988,983004.0,2280356338.0,302.0968122,7931153.0,0.12394213048216318,Africa
Niger,NER,1989,1033957.94,2179567108.0,280.1412999,8150900.0,0.12685199671201952,Africa
Niger,NER,1990,598802.0,3512356353.0,437.589995,8370647.0,0.07153592786794138,Africa
Niger,NER,1991,566218.0,3285796980.0,396.4169918,8695848.8,0.0651135976513299,Africa
Niger,NER,1992,524607.0,3386232592.0,395.2751628,9021050.6,0.058153647868907865,Africa
Niger,NER,1993,598499.0,3052673623.0,344.5340063,9346252.4,0.06403625478806885,Africa
Niger,NER,1994,577016.0,1938058161.0,211.3864925,9671454.2,0.05966176213707346,Africa
Niger,NER,1995,558136.0,2302537682.0,242.6203967,9996656.0,0.05583227031119206,Africa
Niger,NER,1996,638780.0,2405687081.0,244.813779,10321857.8,0.061886146116060615,Africa
Niger,NER,1997,644277.0,2290318800.0,225.0220766,10647059.6,0.06051220000684508,Africa
Niger,NER,1998,696173.0,2643363407.0,250.6574617,10972261.4,0.06344845192988202,Africa
Niger,NER,1999,681558.0,2537790023.0,232.1873864,11297463.2,0.06032841071790347,Africa
Niger,NER,2000,686970.0,2241753120.0,197.8326834,11622665.0,0.05910606560543559,Africa
Niger,NER,2001,646045.0,2448714681.0,208.3770599,12125152.8,0.05328139040029252,Africa
Niger,NER,2002,684661.0,2782192987.0,228.2359086,12627640.6,0.05421923395570824,Africa
Niger,NER,2003,743704.0,3394084885.0,268.349893,13130128.4,0.05664103025831796,Africa
Niger,NER,2004,791815.0,3760443966.0,286.4900658,13632616.2,0.058082395072488,Africa
Niger,NER,2005,691187.0,4383315657.0,321.7236612,14135104.0,0.04889861440000724,Africa
Niger,NER,2006,671102.0,4756361480.0,336.2819503,14637591.8,0.04584784226596618,Africa
Niger,NER,2007,709546.0,5731485267.0,390.2844802,15140079.6,0.04686540749759334,Africa
Niger,NER,2008,792146.0,7297600897.0,478.502559,15642567.4,0.050640408300238485,Africa
Niger,NER,2009,952182.0,7352131669.0,464.057999,16145055.2,0.058976695229880666,Africa
Niger,NER,2010,1159981.0,7851191899.0,476.8695322,16647543.0,0.0696788108611583,Africa
Niger,NER,2011,1316691.0,8772951262.0,512.595335,17343659.2,0.07591771637210215,Africa
Niger,NER,2012,1844486.0,9426913349.0,529.7444581,18039775.4,0.10224550800116947,Africa
Niger,NER,2013,2078361.0,10224897935.0,552.569139,18735891.6,0.11092938859659073,Africa
Niger,NER,2014,2256260.0,10862944204.0,564.5967488,19432007.8,0.11611049270986809,Africa
Niger,NER,2015,2206060.0,9683867894.0,484.1531374,20128124.0,0.10960087487537339,Africa
Niger,NER,2016,2145222.0,10398862245.0,500.2149113,20969227.0,0.10230334194007247,Africa
Niger,NER,2017,2249800.0,11185102400.0,517.7715723,21810330.0,0.10315295550319505,Africa
Niger,NER,2018,1803409.0,12808660528.0,570.723922,22651433.0,0.07961566934860148,Africa
Niger,NER,2019,2513365.0,12916455161.0,554.0993893,23492536.0,0.1069856826014867,Africa
Niger,NER,2020,2816703.0,13741378450.0,567.6698923,24333639.0,0.11575346375443475,Africa
Nigeria,NGA,1970,21519958.0,12545849083.0,224.1044847,55569264.0,0.3872636859109741,Africa
Nigeria,NGA,1971,32251518.0,9181769912.0,160.2487361,57307481.5,0.5627802366432731,Africa
Nigeria,NGA,1972,41387604.0,12274416018.0,209.2260448,59045699.0,0.7009418924822958,Africa
Nigeria,NGA,1973,49532348.0,15162871287.0,252.2326939,60783916.5,0.8148923408053181,Africa
Nigeria,NGA,1974,62235496.0,24846641318.0,402.8499123,62522134.0,0.9954154156030567,Africa
Nigeria,NGA,1975,47351670.0,27778934625.0,438.3313022,64260351.5,0.7368722531808747,Africa
Nigeria,NGA,1976,55189580.0,36308883249.0,556.7021704,65998569.0,0.8362238884300658,Africa
Nigeria,NGA,1977,50504644.0,36035407725.0,536.2161789,67736786.5,0.7456014170379931,Africa
Nigeria,NGA,1978,48222930.0,36527862209.0,527.3112806,69475004.0,0.6941047459313568,Africa
Nigeria,NGA,1979,70185580.0,47259911894.0,662.2639609,71213221.5,0.9855695125377807,Africa
Nigeria,NGA,1980,68035180.0,64201788123.0,874.402071,72951439.0,0.9326091566199263,Africa
Nigeria,NGA,1981,65810500.0,164475000000.0,2180.197621,75177720.8,0.8753989785761103,Africa
Nigeria,NGA,1982,65393570.0,142769000000.0,1843.909353,77404002.6,0.8448344762987748,Africa
Nigeria,NGA,1983,59705244.0,97094911792.0,1222.629304,79630284.4,0.7497806198969195,Africa
Nigeria,NGA,1984,69405880.0,73484359521.0,902.2158499,81856566.2,0.8478963047438459,Africa
Nigeria,NGA,1985,69635960.0,73745821158.0,882.520001,84082848.0,0.8281826990446375,Africa
Nigeria,NGA,1986,73192180.0,54805852581.0,639.0131233,86309129.8,0.8480236119817767,Africa
Nigeria,NGA,1987,59024428.0,52676041931.0,598.2648621,88535411.6,0.6666759315094211,Africa
Nigeria,NGA,1988,70421350.0,49648470440.0,549.237433,90761693.4,0.7758928614260517,Africa
Nigeria,NGA,1989,42119388.0,44003061108.0,474.2320409,92987975.2,0.45295521178312526,Africa
Nigeria,NGA,1990,38857280.0,54035795388.0,567.528649,95214257.0,0.40810358894046717,Africa
Nigeria,NGA,1991,41929196.0,49118433048.0,502.9141389,97978029.7,0.4279448783404143,Africa
Nigeria,NGA,1992,46265316.0,47794925815.0,477.1776238,100741802.4,0.45924645874709896,Africa
Nigeria,NGA,1993,44814164.0,27752204320.0,270.2239667,103505575.1,0.4329637698906907,Africa
Nigeria,NGA,1994,80462200.0,33833042988.0,321.3206741,106269347.8,0.757153418796083,Africa
Nigeria,NGA,1995,84343390.0,44062465800.0,408.1810448,109033120.5,0.7735575173233715,Africa
Nigeria,NGA,1996,97889660.0,51075815093.0,461.5196196,111796893.2,0.8756026862470987,Africa
Nigeria,NGA,1997,95781510.0,54457835193.0,479.9837641,114560665.9,0.8360767567779998,Africa
Nigeria,NGA,1998,86492640.0,54604050168.0,469.4305487,117324438.6,0.7372090677108086,Africa
Nigeria,NGA,1999,84992160.0,59372613486.0,497.8415739,120088211.3,0.7077477387657618,Africa
Nigeria,NGA,2000,96846750.0,69448756933.0,567.9307221,122851984.0,0.7883206021320747,Africa
Nigeria,NGA,2001,100192216.0,74030364472.0,590.381815,126662070.9,0.7910198790220474,Africa
Nigeria,NGA,2002,89918616.0,95385819321.0,741.7474939,130472157.8,0.6891785766112316,Africa
Nigeria,NGA,2003,100087690.0,104912000000.0,795.3862287,134282244.7,0.7453531196444172,Africa
Nigeria,NGA,2004,94836950.0,136386000000.0,1007.874342,138092331.6,0.6867647819482542,Africa
Nigeria,NGA,2005,101474230.0,176134000000.0,1268.383462,141902418.5,0.7150986647912558,Africa
Nigeria,NGA,2006,89950140.0,236104000000.0,1656.424794,145712505.4,0.6173124245793113,Africa
Nigeria,NGA,2007,81940540.0,275626000000.0,1883.461388,149522592.3,0.5480144420957849,Africa
Nigeria,NGA,2008,87273660.0,339476000000.0,2259.114059,153332679.2,0.5691784716431147,Africa
Nigeria,NGA,2009,77229230.0,295009000000.0,1911.607866,157142766.1,0.491459021097122,Africa
Nigeria,NGA,2010,111426824.0,361457000000.0,2280.437337,160952853.0,0.6922948051128985,Africa
Nigeria,NGA,2011,125429280.0,404994000000.0,2487.598017,165561439.4,0.7575995984002057,Africa
Nigeria,NGA,2012,109065940.0,455502000000.0,2723.822191,170170025.8,0.6409233323392961,Africa
Nigeria,NGA,2013,116344830.0,508693000000.0,2961.549422,174778612.2,0.665669720885906,Africa
Nigeria,NGA,2014,122980450.0,546676000000.0,3098.985791,179387198.6,0.6855586739732944,Africa
Nigeria,NGA,2015,109217160.0,486803000000.0,2687.480056,183995785.0,0.5935851193547722,Africa
Nigeria,NGA,2016,116932580.0,404650000000.0,2176.002772,188862109.0,0.6191426147846311,Africa
Nigeria,NGA,2017,112759180.0,375746000000.0,1968.565398,193728433.0,0.5820476543058603,Africa
Nigeria,NGA,2018,105599590.0,397190000000.0,2027.778549,198594757.0,0.5317340276007387,Africa
Nigeria,NGA,2019,127337630.0,448120000000.0,2229.858652,203461081.0,0.625857433638623,Africa
Nigeria,NGA,2020,123822170.0,432294000000.0,2097.092473,208327405.0,0.5943633292028958,Africa
North Macedonia,MKD,1990,11106583.0,4699646643.0,2354.275256,2044174.0,5.43328650105128,Europe
North Macedonia,MKD,1991,7794488.0,4938775510.0,2477.683038,2043550.2,3.8141896391877235,Europe
North Macedonia,MKD,1992,8394224.0,2436849342.0,1225.373149,2042926.4,4.108921398245184,Europe
North Macedonia,MKD,1993,7599232.0,2682456897.0,1352.028452,2042302.6,3.7209138351975852,Europe
North Macedonia,MKD,1994,7903248.0,3559607241.0,1796.227426,2041678.8,3.870955607708715,Europe
North Macedonia,MKD,1995,7925232.0,4707036096.0,2373.384463,2041055.0,3.8829095737253527,Europe
North Macedonia,MKD,1996,9416555.0,4642018354.0,2333.327982,2040431.2,4.614982852644088,Europe
North Macedonia,MKD,1997,8445520.0,3912986091.0,1959.560738,2039807.4,4.140351682222548,Europe
North Macedonia,MKD,1998,9647312.0,3765747305.0,1875.817764,2039183.6,4.730967824574501,Europe
North Macedonia,MKD,1999,8782695.0,3863621186.0,1915.393753,2038559.8,4.308284211235795,Europe
North Macedonia,MKD,2000,8467603.0,3772857145.0,1861.898065,2037936.0,4.154989656201176,Europe
North Macedonia,MKD,2001,8287967.5,3709637830.0,1823.023561,2043525.2,4.055720722210815,Europe
North Macedonia,MKD,2002,7833742.0,4018365247.0,1989.135125,2049114.4,3.8229890922634677,Europe
North Macedonia,MKD,2003,8529792.0,4946292775.0,2440.476943,2054703.6,4.151349128896255,Europe
North Macedonia,MKD,2004,8225808.0,5682788267.0,2795.899261,2060292.8,3.9925431958020723,Europe
North Macedonia,MKD,2005,8595744.0,6258600714.0,3072.678573,2065882.0,4.160810733623702,Europe
North Macedonia,MKD,2006,8650704.0,6861222332.0,3362.968419,2071471.2,4.1761159894475,Europe
North Macedonia,MKD,2007,9013440.0,8336478142.0,4079.391954,2077060.4,4.339517521974806,Europe
North Macedonia,MKD,2008,8936496.0,9909548411.0,4841.251694,2082649.6,4.290926327693338,Europe
North Macedonia,MKD,2009,8236520.0,9401731496.0,4584.709832,2088238.8,3.9442423922015046,Europe
North Macedonia,MKD,2010,8185511.5,9407168702.0,4577.688755,2093828.0,3.909352391887013,Europe
North Macedonia,MKD,2011,8837568.0,10494632699.0,5098.097583,2096654.8,4.215080136224619,Europe
North Macedonia,MKD,2012,8485824.0,9745251126.0,4728.308142,2099481.6,4.04186633500384,Europe
North Macedonia,MKD,2013,7489216.0,10817712139.0,5241.058345,2102308.4,3.5623774323500776,Europe
North Macedonia,MKD,2014,7203424.0,11362272838.0,5495.735049,2105135.2,3.421834379093561,Europe
North Macedonia,MKD,2015,6756554.0,10064515432.0,4861.553971,2107962.0,3.2052541744111136,Europe
North Macedonia,MKD,2016,6653824.0,10672471861.0,5149.589074,2108584.0,3.1555887742674704,Europe
North Macedonia,MKD,2017,7152128.0,11307058382.0,5450.492881,2109206.0,3.390910133955621,Europe
North Macedonia,MKD,2018,6671957.0,12683070061.0,6108.740108,2109828.0,3.1623227106664618,Europe
North Macedonia,MKD,2019,7646768.0,12606338449.0,6070.388054,2110450.0,3.6232879243763176,Europe
North Macedonia,MKD,2020,6954272.0,12116981815.0,5846.465899,2111072.0,3.2941898713070894,Europe
Norway,NOR,1970,27978744.0,12814123115.0,3306.219476,3875546.0,7.219303809063291,Europe
Norway,NOR,1971,27166050.0,14583114840.0,3736.348737,3896569.0,6.97178723127962,Europe
Norway,NOR,1972,29395056.0,17358610850.0,4413.575692,3917592.0,7.503347974980549,Europe
Norway,NOR,1973,30491832.0,22534253703.0,5689.588807,3938615.0,7.741765062084006,Europe
Norway,NOR,1974,27690220.0,27145693810.0,6811.527337,3959638.0,6.9931190679552016,Europe
Norway,NOR,1975,30602088.0,32877805200.0,8204.451512,3980661.0,7.6876900595152415,Europe
Norway,NOR,1976,33332158.0,35942270686.0,8927.201627,4001684.0,8.329532766705217,Europe
Norway,NOR,1977,33309498.0,41508030431.0,10266.12067,4022707.0,8.280368915757474,Europe
Norway,NOR,1978,32624622.0,46523091010.0,11462.64159,4043730.0,8.067952608111817,Europe
Norway,NOR,1979,34625172.0,53132244624.0,13046.53722,4064753.0,8.518395090673407,Europe
Norway,NOR,1980,31777006.0,64439382896.0,15772.24091,4085776.0,7.777471403229154,Europe
Norway,NOR,1981,31804670.0,63596654761.0,15512.5067,4101362.0,7.754660524967072,Europe
Norway,NOR,1982,30912102.0,62647195538.0,15224.89391,4116948.0,7.508499500115134,Europe
Norway,NOR,1983,31947258.0,61627240831.0,14927.51748,4132534.0,7.730670334472747,Europe
Norway,NOR,1984,33810250.0,62057955033.0,14989.48577,4148120.0,8.150740576453911,Europe
Norway,NOR,1985,32285598.0,65416879914.0,15753.55277,4163706.0,7.754053240070264,Europe
Norway,NOR,1986,34785340.0,78693253276.0,18883.2658,4179292.0,8.323261451939706,Europe
Norway,NOR,1987,33207004.0,94230055659.0,22505.89771,4194878.0,7.916083375964688,Europe
Norway,NOR,1988,35591656.0,101900000000.0,24207.28147,4210464.0,8.453143406522416,Europe
Norway,NOR,1989,34147852.0,102634000000.0,24281.09614,4226050.0,8.08032370653447,Europe
Norway,NOR,1990,35003000.0,119792000000.0,28242.94374,4241636.0,8.252240409125159,Europe
Norway,NOR,1991,33458000.0,121872000000.0,28596.933,4266592.6,7.841854879699553,Europe
Norway,NOR,1992,34394000.0,130838000000.0,30523.98506,4291549.2,8.014355282237005,Europe
Norway,NOR,1993,35938000.0,120579000000.0,27963.66522,4316505.8,8.325715674933184,Europe
Norway,NOR,1994,37853000.0,127131000000.0,29315.84191,4341462.4,8.718951475889783,Europe
Norway,NOR,1995,38458000.0,152030000000.0,34875.70433,4366419.0,8.807675122337091,Europe
Norway,NOR,1996,41524000.0,163520000000.0,37321.9742,4391375.6,9.4558069685499,Europe
Norway,NOR,1997,41625000.0,161357000000.0,36629.0309,4416332.2,9.425242059462827,Europe
Norway,NOR,1998,41818000.0,154163000000.0,34788.35985,4441288.8,9.415735360420607,Europe
Norway,NOR,1999,42591000.0,162284000000.0,36371.05095,4466245.4,9.536197899022744,Europe
Norway,NOR,2000,42110000.0,171247000000.0,38131.46061,4491202.0,9.376109112883366,Europe
Norway,NOR,2001,43498000.0,173972000000.0,38542.7151,4531055.9,9.599969843673744,Europe
Norway,NOR,2002,42553000.0,195524000000.0,43084.47247,4570909.8,9.309525206557346,Europe
Norway,NOR,2003,43900000.0,228859000000.0,50134.89077,4610763.7,9.521199275512645,Europe
Norway,NOR,2004,44236000.0,264512000000.0,57603.83602,4650617.6,9.511854941588833,Europe
Norway,NOR,2005,43263000.0,308884000000.0,66810.47852,4690471.5,9.223592979938157,Europe
Norway,NOR,2006,43842000.0,345581000000.0,74148.32008,4730325.4,9.268284164975205,Europe
Norway,NOR,2007,45588000.0,400937000000.0,85139.96045,4770179.3,9.556873470143984,Europe
Norway,NOR,2008,44675000.0,462250000000.0,96944.09561,4810033.2,9.287877680345325,Europe
Norway,NOR,2009,43081000.0,386190000000.0,79977.69708,4849887.1,8.882887191332763,Europe
Norway,NOR,2010,45621000.0,428757000000.0,87693.79007,4889741.0,9.329942015333737,Europe
Norway,NOR,2011,44747000.0,498283000000.0,100600.5624,4949864.0,9.040046352788682,Europe
Norway,NOR,2012,44228000.0,509506000000.0,101524.1419,5009987.0,8.827967018676894,Europe
Norway,NOR,2013,44516000.0,522762000000.0,102913.4508,5070110.0,8.780085639167591,Europe
Norway,NOR,2014,44958000.0,498410000000.0,97019.18275,5130233.0,8.763344666801684,Europe
Norway,NOR,2015,45494000.0,385802000000.0,74355.51586,5190356.0,8.765102046950151,Europe
Norway,NOR,2016,44678000.0,368827000000.0,70460.56053,5228252.6,8.545493765928601,Europe
Norway,NOR,2017,44165000.0,398394000000.0,75496.75406,5266149.2,8.386583502039782,Europe
Norway,NOR,2018,44405000.0,437000000000.0,82267.80932,5304045.8,8.371911117358753,Europe
Norway,NOR,2019,42793000.0,404941000000.0,75719.7529,5341942.4,8.010756536798299,Europe
Norway,NOR,2020,41231000.0,362198000000.0,67329.67779,5379839.0,7.663983996547109,Europe
Oman,OMN,1970,234496.0,256299496.0,354.0821008,670693.0,0.3496323951494946,Asia
Oman,OMN,1971,2092144.0,301010587.1,401.9004645,705369.9,2.9660239258862617,Asia
Oman,OMN,1972,2088480.0,366857738.4,472.5203841,740046.8,2.822091792032612,Asia
Oman,OMN,1973,2110464.0,483033932.1,598.5661842,774723.7,2.72415055845071,Asia
Oman,OMN,1974,2333968.0,1645917776.0,1954.883148,809400.6,2.8835758214164904,Asia
Oman,OMN,1975,7251056.0,2096699189.0,2377.10755,844077.5,8.59050975769405,Asia
Oman,OMN,1976,8320944.0,2560220035.0,2760.541488,878754.4,9.469021150847153,Asia
Oman,OMN,1977,8500480.0,2741169948.0,2803.394083,913431.3,9.30609669276715,Asia
Oman,OMN,1978,7789664.0,2740301390.0,2653.281709,948108.2,8.216007413499852,Asia
Oman,OMN,1979,7716384.0,3733352635.0,3419.265724,982785.1000000001,7.851547606897987,Asia
Oman,OMN,1980,6041936.0,5981760278.0,5181.826219,1017462.0,5.9382424110187895,Asia
Oman,OMN,1981,6012624.0,7259120151.0,5947.280838,1096168.2,5.485129015784256,Asia
Oman,OMN,1982,5730496.0,7554719456.0,5855.822404,1174874.4,4.877539250153038,Asia
Oman,OMN,1983,7525856.0,7932541691.0,5828.101618,1253580.6,6.003487928897432,Asia
Oman,OMN,1984,8053471.5,8821366532.0,6164.192659,1332286.8,6.0448482263728796,Asia
Oman,OMN,1985,8618546.0,10005500579.0,6677.398407,1410993.0,6.108142279940439,Asia
Oman,OMN,1986,9824880.0,7323822251.0,4691.209375,1489699.2,6.595210630441367,Asia
Oman,OMN,1987,9401796.0,7811183095.0,4822.101942,1568405.4,5.994493515515823,Asia
Oman,OMN,1988,10516576.0,8386215865.0,4997.39045,1647111.6,6.3848594108620205,Asia
Oman,OMN,1989,9985697.0,9372171651.0,5382.732526,1725817.8,5.7860667562937405,Asia
Oman,OMN,1990,11222441.0,11685045514.0,6448.13836,1804524.0,6.219058876468254,Asia
Oman,OMN,1991,11594826.0,11341482445.0,5988.866834,1858496.9,6.238819123131171,Asia
Oman,OMN,1992,11892658.0,12452275683.0,6278.652491,1912469.8,6.2184814630798355,Asia
Oman,OMN,1993,13224754.0,12493107932.0,6029.183803,1966442.7,6.725217063278783,Asia
Oman,OMN,1994,17384390.0,12918855657.0,6013.200263,2020415.6,8.604363379494792,Asia
Oman,OMN,1995,18734758.0,13802600780.0,6261.764469,2074388.5,9.031460596701148,Asia
Oman,OMN,1996,18108174.0,15277763329.0,6830.639424,2128361.4,8.50803533647998,Asia
Oman,OMN,1997,18053502.0,15837451235.0,7039.621237,2182334.3,8.272564840318003,Asia
Oman,OMN,1998,18445326.0,13996914694.0,6215.715413,2236307.2,8.248118147631953,Asia
Oman,OMN,1999,21985242.0,15593456177.0,6915.370973,2290280.1,9.599368217014154,Asia
Oman,OMN,2000,23890246.0,19507452536.0,8601.271944,2344253.0,10.19098450551199,Asia
Oman,OMN,2001,22404480.0,19452000520.0,8475.968643,2398019.1,9.342911405501315,Asia
Oman,OMN,2002,26841720.0,20142756047.0,8626.965234,2451785.2,10.947826914037982,Asia
Oman,OMN,2003,34355936.0,21633708192.0,9066.312371,2505551.3,13.71192679231912,Asia
Oman,OMN,2004,29023122.0,24763712874.0,10126.13774,2559317.4,11.340180784141896,Asia
Oman,OMN,2005,31596678.0,31081991678.0,12377.08001,2613083.5,12.091721523632904,Asia
Oman,OMN,2006,40166880.0,37215779714.0,14420.51204,2666849.6,15.061546777891037,Asia
Oman,OMN,2007,45068388.0,42085379454.0,15838.46956,2720615.7,16.565510520284064,Asia
Oman,OMN,2008,47181390.0,60905452536.0,22139.74071,2774381.8,17.006091230846454,Asia
Oman,OMN,2009,44252450.0,48388363589.0,16823.79498,2828147.9,15.647148439443354,Asia
Oman,OMN,2010,51149068.0,64993498049.0,21369.35297,2881914.0,17.74829783262096,Asia
Oman,OMN,2011,56983532.0,77497529259.0,23837.31094,3143886.4,18.125187983891532,Asia
Oman,OMN,2012,62713524.0,87408842653.0,24988.01259,3405858.8,18.413424537740674,Asia
Oman,OMN,2013,65251404.0,89936020806.0,23888.62658,3667831.2,17.790187291061812,Asia
Oman,OMN,2014,65896628.0,92699089727.0,23017.93398,3929803.6,16.76842781659623,Asia
Oman,OMN,2015,67376190.0,78710793238.0,18444.927,4191776.0,16.07342329361111,Asia
Oman,OMN,2016,65739244.0,75128738622.0,16772.73921,4262100.6,15.424141795245285,Asia
Oman,OMN,2017,69230730.0,80856697009.0,17329.18546,4332425.2,15.979671155084223,Asia
Oman,OMN,2018,66135436.0,91505851756.0,18947.3665,4402749.8,15.021393221118311,Asia
Oman,OMN,2019,59221740.0,88060858257.0,17700.70349,4473074.4,13.239605404283013,Asia
Oman,OMN,2020,65428856.0,73971391417.0,14485.38612,4543399.0,14.40086067721545,Asia
Pakistan,PAK,1970,20504408.0,10027509450.0,172.4656661,59290872.0,0.3458273981870262,Asia
Pakistan,PAK,1971,19440704.0,10665896682.0,178.5551136,61424190.5,0.31649914865381906,Asia
Pakistan,PAK,1972,18903050.0,9415016360.0,153.3840396,63557509.0,0.2974164704913152,Asia
Pakistan,PAK,1973,20008478.0,6383429490.0,101.1646559,65690827.5,0.30458556790139385,Asia
Pakistan,PAK,1974,21387398.0,8899191919.0,137.108934,67824146.0,0.31533604566137846,Asia
Pakistan,PAK,1975,23187848.0,11230606061.0,168.0803848,69957464.5,0.33145638089842433,Asia
Pakistan,PAK,1976,22788524.0,13168080808.0,191.3010842,72090783.0,0.31610870421535026,Asia
Pakistan,PAK,1977,24319874.0,15126060606.0,213.1687025,74224101.5,0.3276546769650017,Asia
Pakistan,PAK,1978,26050556.0,17811515152.0,243.3358381,76357420.0,0.34116600587081125,Asia
Pakistan,PAK,1979,28134454.0,19688383838.0,260.5623336,78490738.5,0.3584429773201841,Asia
Pakistan,PAK,1980,31931550.0,23654444444.0,303.0509594,80624057.0,0.39605486486496205,Asia
Pakistan,PAK,1981,34232830.0,28100606061.0,348.2950607,84103058.2,0.407034306868998,Asia
Pakistan,PAK,1982,37189620.0,30725971564.0,368.2773993,87582059.4,0.4246260050834109,Asia
Pakistan,PAK,1983,40022190.0,28691889764.0,332.5210468,91061060.6,0.43950937685432584,Asia
Pakistan,PAK,1984,42557330.0,31151825467.0,349.1820502,94540061.8,0.45015128179237135,Asia
Pakistan,PAK,1985,46813544.0,31144920844.0,337.8285325,98019063.0,0.477596322258253,Asia
Pakistan,PAK,1986,49058620.0,31899070056.0,335.0201588,101498064.2,0.4833453759603821,Asia
Pakistan,PAK,1987,52988504.0,33351529275.0,339.3322552,104977065.4,0.5047626717140066,Asia
Pakistan,PAK,1988,57607376.0,38472742808.0,379.4545167,108456066.6,0.53115863230098,Asia
Pakistan,PAK,1989,60316616.0,40171018229.0,384.3643055,111935067.8,0.5388536156316154,Asia
Pakistan,PAK,1990,67827370.0,40010423970.0,371.6785676,115414069.0,0.5876871908917795,Asia
Pakistan,PAK,1991,67477100.0,45625234698.0,411.859439,119309654.5,0.5655627810069637,Asia
Pakistan,PAK,1992,72014920.0,48884606848.0,429.1469022,123205240.0,0.5845118275813593,Asia
Pakistan,PAK,1993,77175720.0,51809949334.0,442.4922573,127100825.5,0.6072007769925932,Asia
Pakistan,PAK,1994,84018296.0,52293456906.0,434.4654042,130996411.0,0.6413786099834445,Asia
Pakistan,PAK,1995,83614360.0,60636022423.0,489.8818298,134891996.5,0.6198615349280563,Asia
Pakistan,PAK,1996,93538960.0,63320122807.0,497.2161314,138787582.0,0.6739721137298869,Asia
Pakistan,PAK,1997,93788160.0,62433300338.0,476.3812276,142683167.5,0.6573176194732291,Asia
Pakistan,PAK,1998,96740740.0,62191955814.0,461.2167361,146578753.0,0.6599915609870143,Asia
Pakistan,PAK,1999,99389330.0,62973855719.0,454.2761123,150474338.5,0.66050684117146,Asia
Pakistan,PAK,2000,103939510.0,82017743416.0,576.1955804,154369924.0,0.6733145117050132,Asia
Pakistan,PAK,2001,105400680.0,79484403985.0,544.4942514,158378381.4,0.6654991613647088,Asia
Pakistan,PAK,2002,112903880.0,79904985385.0,534.3039007,162386838.8,0.6952772825330719,Asia
Pakistan,PAK,2003,117490990.0,91760542940.0,599.3763305,166395296.2,0.7060956209890746,Asia
Pakistan,PAK,2004,129623540.0,107760000000.0,687.8364127,170403753.6,0.760684769328931,Asia
Pakistan,PAK,2005,134692300.0,120055000000.0,748.9225893,174412211.0,0.7722641621692417,Asia
Pakistan,PAK,2006,143550720.0,137264000000.0,836.8605262,178420668.4,0.804563290157476,Asia
Pakistan,PAK,2007,155402220.0,152386000000.0,908.0950852,182429125.8,0.8518498310975297,Asia
Pakistan,PAK,2008,153921700.0,170078000000.0,990.8466112,186437583.2,0.8255937314681947,Asia
Pakistan,PAK,2009,155418860.0,168153000000.0,957.9956753,190446040.6,0.8160781894459611,Asia
Pakistan,PAK,2010,153908660.0,177166000000.0,987.409712,194454498.0,0.7914893282643428,Asia
Pakistan,PAK,2011,154650900.0,213587000000.0,1164.978823,197757458.0,0.7820230982135703,Asia
Pakistan,PAK,2012,154885580.0,224384000000.0,1198.117637,201060418.0,0.770343469593304,Asia
Pakistan,PAK,2013,151524600.0,231219000000.0,1208.91771,204363378.0,0.7414469338043531,Asia
Pakistan,PAK,2014,156529340.0,244361000000.0,1251.175719,207666338.0,0.7537540340312642,Asia
Pakistan,PAK,2015,166432900.0,270556000000.0,1356.667831,210969298.0,0.7888963066085568,Asia
Pakistan,PAK,2016,195791500.0,313630000000.0,1540.184503,214214786.6,0.9139961956295691,Asia
Pakistan,PAK,2017,216158430.0,339206000000.0,1631.531909,217460275.2,0.9940134114205333,Asia
Pakistan,PAK,2018,205060930.0,356128000000.0,1678.04315,220705763.8,0.9291145209321443,Asia
Pakistan,PAK,2019,206061230.0,320909000000.0,1481.813864,223951252.4,0.9201164440552153,Asia
Pakistan,PAK,2020,200602800.0,300306000000.0,1359.514522,227196741.0,0.8829475243221029,Asia
Palau,PLW,2000,208848.0,146297500.0,7657.951214,19726.0,10.587448038122275,Oceania
Palau,PLW,2001,216176.0,156907900.0,8092.207323,19607.4,11.025225170088843,Oceania
Palau,PLW,2002,212512.0,163184900.0,8307.957438,19488.8,10.904314272813103,Oceania
Palau,PLW,2003,212512.0,153963200.0,7771.209368,19370.2,10.971079286739425,Oceania
Palau,PLW,2004,216176.0,165186200.0,8317.113942,19251.6,11.228988759375845,Oceania
Palau,PLW,2005,219840.0,190452900.0,9626.612414,19133.0,11.490095646265614,Oceania
Palau,PLW,2006,227168.0,192382400.0,9843.049373,19014.4,11.947155839784584,Oceania
Palau,PLW,2007,252815.98,198897700.0,10381.42387,18895.8,13.379480096106015,Oceania
Palau,PLW,2008,205184.0,198283900.0,10598.88283,18777.2,10.927294804337174,Oceania
Palau,PLW,2009,197856.0,187522800.0,10252.75014,18658.6,10.604011019047517,Oceania
Palau,PLW,2010,208848.0,185943000.0,10356.63362,18540.0,11.264724919093851,Oceania
Palau,PLW,2011,216176.0,196911100.0,11094.83322,18390.8,11.754572938643236,Oceania
Palau,PLW,2012,223504.0,212397800.0,12044.10547,18241.6,12.252433997017807,Oceania
Palau,PLW,2013,227168.0,221117200.0,12561.33614,18092.4,12.555990360593396,Oceania
Palau,PLW,2014,219840.0,241669800.0,13711.7617,17943.2,12.251995184805386,Oceania
Palau,PLW,2015,205184.0,280457700.0,15876.46193,17794.0,11.531077891424076,Oceania
Palau,PLW,2016,212512.0,298300000.0,16835.986,17829.6,11.919055951900212,Oceania
Palau,PLW,2017,216176.0,285300000.0,16019.98989,17865.2,12.100396301188903,Oceania
Palau,PLW,2018,212512.0,284700000.0,15895.2599,17900.8,11.871648194494101,Oceania
Palau,PLW,2019,219840.0,274200000.0,15232.48708,17936.4,12.256640128453869,Oceania
Palau,PLW,2020,212512.0,257700000.0,14243.86469,17972.0,11.824616069441353,Oceania
Palestine,PSE,1994,967296.0,2843300000.0,1201.581542,2530747.0,0.3822175823976083,Asia
Palestine,PSE,1995,945312.0,3282800000.0,1326.562857,2632281.5,0.3591226850167811,Asia
Palestine,PSE,1996,1036911.94,3409600000.0,1317.466751,2733816.0,0.3792910495805131,Asia
Palestine,PSE,1997,864704.0,3759800000.0,1389.164971,2835350.5,0.30497252456089646,Asia
Palestine,PSE,1998,1461936.0,4067800000.0,1465.046057,2936885.0,0.49778455744777206,Asia
Palestine,PSE,1999,1366672.0,4271200000.0,1499.492177,3038419.5,0.44979700795100874,Asia
Palestine,PSE,2000,1659792.0,4313600000.0,1476.17185,3139954.0,0.5286039222230644,Asia
Palestine,PSE,2001,1348352.0,4003700000.0,1335.553195,3225186.4,0.4180694796430991,Asia
Palestine,PSE,2002,1154160.0,3555800000.0,1156.217473,3310418.8,0.3486447092434347,Asia
Palestine,PSE,2003,1278736.0,3968000000.0,1257.69857,3395651.2,0.3765804921306405,Asia
Palestine,PSE,2004,2194736.0,4603100000.0,1422.190886,3480883.6,0.6305111725080379,Asia
Palestine,PSE,2005,2740672.0,5125700000.0,1543.701414,3566116.0,0.7685313657772209,Asia
Palestine,PSE,2006,2264352.0,5348300000.0,1570.1044,3651348.4,0.6201413154658153,Asia
Palestine,PSE,2007,2322976.0,5815700000.0,1664.245717,3736580.8,0.6216849372024821,Asia
Palestine,PSE,2008,2051840.1,7310400000.0,2035.202341,3821813.2,0.5368760827975579,Asia
Palestine,PSE,2009,2088480.0,8085700000.0,2191.781787,3907045.6,0.5345420079048988,Asia
Palestine,PSE,2010,2033520.0,9681500000.0,2557.075624,3992278.0,0.5093633259006513,Asia
Palestine,PSE,2011,2246032.0,11186100000.0,2880.798437,4090745.2,0.5490520406893101,Asia
Palestine,PSE,2012,2201692.0,12208400000.0,3067.438727,4189212.4,0.5255622751426975,Asia
Palestine,PSE,2013,2437297.0,13515500000.0,3315.297539,4287679.6,0.5684419610084672,Asia
Palestine,PSE,2014,2836635.0,13989700000.0,3352.112595,4386146.8,0.6467259600157478,Asia
Palestine,PSE,2015,3005733.0,13972400000.0,3272.154324,4484614.0,0.6702322652518143,Asia
Palestine,PSE,2016,3233556.0,15405400000.0,3527.613824,4591571.4,0.7042373336500876,Asia
Palestine,PSE,2017,3268288.0,16128000000.0,3620.360487,4698528.8,0.6955981625567561,Asia
Palestine,PSE,2018,2959135.0,16276600000.0,3562.330943,4805486.2,0.6157826444283618,Asia
Palestine,PSE,2019,3265402.0,17133500000.0,3656.858271,4912443.6,0.6647205069183899,Asia
Palestine,PSE,2020,3326912.0,15531700000.0,3233.568638,5019401.0,0.6628105624555599,Asia
Panama,PAN,1970,2201083.0,1351006400.0,889.2377077,1516188.0,1.4517216862288846,North America
Panama,PAN,1971,2600311.0,1523917200.0,974.9369999,1560267.9,1.666579822606105,North America
Panama,PAN,1972,2798197.0,1673411700.0,1040.810314,1604347.8,1.7441336597962112,North America
Panama,PAN,1973,3237223.0,1913793400.0,1157.624086,1648427.7,1.9638246797235936,North America
Panama,PAN,1974,3017531.0,2188307600.0,1287.954959,1692507.6,1.782875893733062,North America
Panama,PAN,1975,3659207.0,2435304100.0,1395.476185,1736587.5,2.1071250368898773,North America
Panama,PAN,1976,3606744.0,2588106000.0,1444.748181,1780667.4,2.0255012249901356,North America
Panama,PAN,1977,3455443.0,2738261900.0,1489.964055,1824747.3,1.893655631111223,North America
Panama,PAN,1978,2834604.0,3244558600.0,1721.77463,1868827.2,1.516782289983793,North America
Panama,PAN,1979,3180816.0,3704551600.0,1918.162773,1912907.1,1.6628178127416642,North America
Panama,PAN,1980,3107614.0,4614086400.0,2332.126385,1956987.0,1.5879584279302825,North America
Panama,PAN,1981,3322709.0,5222421500.0,2577.745173,2006285.1,1.6561499659245835,North America
Panama,PAN,1982,3278525.0,5769767900.0,2782.289796,2055583.2,1.594936658365373,North America
Panama,PAN,1983,3479672.0,5923755900.0,2791.771146,2104881.3,1.6531440514009035,North America
Panama,PAN,1984,2867351.0,6183387100.0,2849.053877,2154179.4,1.3310641629940385,North America
Panama,PAN,1985,2726860.0,6541517100.0,2947.691556,2203477.5,1.237525683833849,North America
Panama,PAN,1986,2734755.0,6797834200.0,2996.620763,2252775.6,1.2139491390087853,North America
Panama,PAN,1987,3179553.0,6827665300.0,2945.169327,2302073.7,1.3811690737790019,North America
Panama,PAN,1988,2914665.0,5902783400.0,2492.144328,2351371.8,1.239559392521421,North America
Panama,PAN,1989,2510273.0,5918469800.0,2446.230921,2400669.9,1.0456552148214964,North America
Panama,PAN,1990,2631999.0,6433967000.0,2603.847676,2449968.0,1.0742993377872692,North America
Panama,PAN,1991,3104491.0,7074675500.0,2803.944925,2505144.3,1.2392463779431788,North America
Panama,PAN,1992,4112287.0,8042337700.0,3122.087316,2560320.6,1.606160962810673,North America
Panama,PAN,1993,3784946.0,8782585400.0,3339.914374,2615496.9,1.4471231068941433,North America
Panama,PAN,1994,4177258.0,9365289800.0,3489.151106,2670673.2,1.5641217352988002,North America
Panama,PAN,1995,3652970.0,9573813700.0,3494.51729,2725849.5,1.340121675829865,North America
Panama,PAN,1996,4446773.0,9870494000.0,3529.852222,2781025.8,1.5989686251742075,North America
Panama,PAN,1997,4630072.0,10677286100.0,3741.28733,2836202.1,1.6324901529407936,North America
Panama,PAN,1998,5900714.0,11575486400.0,3974.664305,2891378.4,2.040796182194624,North America
Panama,PAN,1999,5622234.0,12130252200.0,4082.614583,2946554.7,1.9080704661617176,North America
Panama,PAN,2000,5728391.0,12304115000.0,4060.317793,3001731.0,1.9083625414802325,North America
Panama,PAN,2001,6953090.0,12502013400.0,4046.429148,3063919.6,2.26934479612324,North America
Panama,PAN,2002,5821097.0,12994310400.0,4126.232386,3126108.2,1.8620906979483307,North America
Panama,PAN,2003,6090004.0,13693981200.0,4267.292687,3188296.8,1.910112007138106,North America
Panama,PAN,2004,5710970.0,15013381700.0,4592.152614,3250485.4,1.7569591298579592,North America
Panama,PAN,2005,6971338.0,16374393900.0,4916.907612,3312674.0,2.104444325037719,North America
Panama,PAN,2006,7524040.0,18141666300.0,5348.884253,3374862.6,2.229435947999779,North America
Panama,PAN,2007,7349627.0,21295984200.0,6166.187862,3437051.2,2.1383524923923156,North America
Panama,PAN,2008,7334595.0,25155888600.0,7154.274496,3499239.8,2.096053834321386,North America
Panama,PAN,2009,8460693.0,27116635600.0,7576.140467,3561428.4,2.375645962726641,North America
Panama,PAN,2010,9072099.0,29440287600.0,8082.01618,3623617.0,2.5036031677740778,North America
Panama,PAN,2011,9952930.0,34686224300.0,9358.26813,3690313.4,2.6970419368718117,North America
Panama,PAN,2012,9768100.0,40429734400.0,10722.26148,3757009.8,2.5999666010985654,North America
Panama,PAN,2013,10513283.0,45599994000.0,11889.09507,3823706.2,2.7495007330845658,North America
Panama,PAN,2014,10855411.0,49921464400.0,12796.07404,3890402.6,2.790305301564419,North America
Panama,PAN,2015,10788440.0,54091713800.0,13630.30115,3957099.0,2.7263507938517586,North America
Panama,PAN,2016,10438870.0,57907695400.0,14343.98026,4024558.4,2.5937926506421176,North America
Panama,PAN,2017,11223156.0,62202725200.0,15146.40851,4092017.8,2.742694814279645,North America
Panama,PAN,2018,10755982.0,64929409200.0,15544.99908,4159477.2,2.585897573858561,North America
Panama,PAN,2019,13380774.0,66984427200.0,15774.25495,4226936.6,3.165596096236693,North America
Panama,PAN,2020,10324345.0,53977037000.0,12509.83529,4294396.0,2.4041436793439637,North America
Papua New Guinea,PNG,1970,692496.0,645537126.2,231.9462843,2489059.0,0.2782159844342782,Oceania
Papua New Guinea,PNG,1971,824400.0,717716130.5,251.8724651,2550631.9,0.32321402394441945,Oceania
Papua New Guinea,PNG,1972,1267744.0,858802035.9,294.2979516,2612204.8,0.48531569959598886,Oceania
Papua New Guinea,PNG,1973,1344688.0,1299105241.0,434.5994936,2673777.7,0.5029169029272702,Oceania
Papua New Guinea,PNG,1974,1586512.0,1467346060.0,479.047218,2735350.6,0.5800031630314593,Oceania
Papua New Guinea,PNG,1975,1531552.0,1356591177.0,432.0431119,2796923.5,0.5475845156294049,Oceania
Papua New Guinea,PNG,1976,1571856.0,1511856584.0,469.5461972,2858496.4,0.549889095539879,Oceania
Papua New Guinea,PNG,1977,1579184.0,1640763204.0,496.8041299,2920069.3,0.5408036035309163,Oceania
Papua New Guinea,PNG,1978,1674448.0,1947947524.0,574.8479325,2981642.2,0.5615858267635198,Oceania
Papua New Guinea,PNG,1979,1795360.0,2293621944.0,659.4481356,3043215.1,0.589955011724278,Oceania
Papua New Guinea,PNG,1980,1828336.0,2545983008.0,712.9190725,3104788.0,0.5888762775429434,Oceania
Papua New Guinea,PNG,1981,1930928.0,2498068351.0,681.0247781,3180806.4,0.6070561226234957,Oceania
Papua New Guinea,PNG,1982,1945584.0,2368584970.0,628.5237849,3256824.8,0.5973867553452676,Oceania
Papua New Guinea,PNG,1983,2007872.1,2562492525.0,661.8879359,3332843.2,0.6024502142795076,Oceania
Papua New Guinea,PNG,1984,2044512.0,2552526263.0,641.9915399,3408861.6,0.5997638625164483,Oceania
Papua New Guinea,PNG,1985,2125120.0,2423373088.0,593.8152473,3484880.0,0.6098115286609582,Oceania
Papua New Guinea,PNG,1986,2062832.1,2648033766.0,632.5174724,3560898.4,0.5793010269543215,Oceania
Papua New Guinea,PNG,1987,2333968.0,3143848331.0,732.3921728,3636916.8,0.6417435779669197,Oceania
Papua New Guinea,PNG,1988,2198400.0,3655979702.0,831.0329102,3712935.2,0.5920922078036804,Oceania
Papua New Guinea,PNG,1989,2033520.0,3546460177.0,786.8789271,3788953.6,0.5366969920138372,Oceania
Papua New Guinea,PNG,1990,2154432.0,3219730365.0,697.5389685,3864972.0,0.5574249955756472,Oceania
Papua New Guinea,PNG,1991,2169088.0,3787394958.0,801.4729647,4029304.5,0.538328140749849,Oceania
Papua New Guinea,PNG,1992,2191072.0,4377980510.0,905.249168,4193637.0,0.5224753596937456,Oceania
Papua New Guinea,PNG,1993,2191072.0,4974550286.0,1005.151953,4357969.5,0.5027735967404086,Oceania
Papua New Guinea,PNG,1994,2185931.0,5502786070.0,1086.291169,4522302.0,0.4833668781961046,Oceania
Papua New Guinea,PNG,1995,2059168.1,4636057476.0,893.7731191,4686634.5,0.43937032000255194,Oceania
Papua New Guinea,PNG,1996,2190058.0,5155311077.0,970.0904769,4850967.0,0.4514683361070071,Oceania
Papua New Guinea,PNG,1997,2614798.0,4936615299.0,906.3609204,5015299.5,0.5213642774474386,Oceania
Papua New Guinea,PNG,1998,3532541.0,3789443015.0,678.8966674,5179632.0,0.6820061734115473,Oceania
Papua New Guinea,PNG,1999,2552155.0,3477038204.0,608.2815307,5343964.5,0.4775770871980905,Oceania
Papua New Guinea,PNG,2000,2937897.0,3521339699.0,602.1864903,5508297.0,0.5333584953752494,Oceania
Papua New Guinea,PNG,2001,3335971.0,3081024212.0,515.6847804,5715794.2,0.5836408525695345,Oceania
Papua New Guinea,PNG,2002,3662442.0,2999511040.0,491.8343081,5923291.4,0.6183119743188727,Oceania
Papua New Guinea,PNG,2003,4057107.0,3536411824.0,568.2463486,6130788.6,0.6617594023711729,Oceania
Papua New Guinea,PNG,2004,4694420.0,3927157867.0,618.0367032,6338285.8,0.7406450494864085,Oceania
Papua New Guinea,PNG,2005,4980165.0,4865892972.0,749.1865116,6545783.0,0.7608203632781594,Oceania
Papua New Guinea,PNG,2006,5050944.0,8355006707.0,1256.979648,6753280.2,0.7479245419137207,Oceania
Papua New Guinea,PNG,2007,6581091.0,9545177014.0,1401.949447,6960777.4,0.9454534489208059,Oceania
Papua New Guinea,PNG,2008,5544582.0,11670840932.0,1672.951024,7168274.6,0.7734890624865293,Oceania
Papua New Guinea,PNG,2009,5264624.0,11619637799.0,1626.312855,7375771.8,0.713772625123787,Oceania
Papua New Guinea,PNG,2010,4714717.0,14250755231.0,1949.351185,7583269.0,0.6217261975013678,Oceania
Papua New Guinea,PNG,2011,5298421.0,17984910502.0,2406.910967,7803050.0,0.679019229660197,Oceania
Papua New Guinea,PNG,2012,5068605.0,21295659244.0,2790.676303,8022831.0,0.6317726249001132,Oceania
Papua New Guinea,PNG,2013,5429638.0,21261432791.0,2729.888751,8242612.0,0.6587278401555235,Oceania
Papua New Guinea,PNG,2014,6659834.0,23210682538.0,2920.782986,8462393.0,0.786991811890561,Oceania
Papua New Guinea,PNG,2015,6638563.0,21723531173.0,2679.346579,8682174.0,0.7646198981960048,Oceania
Papua New Guinea,PNG,2016,7035198.0,20759069103.0,2509.629637,8895667.2,0.7908566993153702,Oceania
Papua New Guinea,PNG,2017,6660155.0,22742613554.0,2695.249009,9109160.4,0.7311491627702592,Oceania
Papua New Guinea,PNG,2018,7606856.0,24109509853.0,2801.371393,9322653.6,0.815953946846207,Oceania
Papua New Guinea,PNG,2019,7817134.0,24751344561.0,2820.306397,9536146.8,0.819737170992376,Oceania
Papua New Guinea,PNG,2020,7723852.0,24667052023.0,2757.011019,9749640.0,0.7922191998884062,Oceania
Paraguay,PRY,1970,743435.0,594611111.1,240.2705038,2408787.0,0.3086345949226727,South America
Paraguay,PRY,1971,633465.0,664571428.6,262.0676904,2475799.5,0.25586280310663284,South America
Paraguay,PRY,1972,713761.0,769039682.5,296.1091884,2542812.0,0.2806975112591886,South America
Paraguay,PRY,1973,867438.0,995531746.0,374.3419598,2609824.5,0.3323740734290754,South America
Paraguay,PRY,1974,951042.0,1333475397.0,489.5614817,2676837.0,0.3552857346188804,South America
Paraguay,PRY,1975,836487.0,1511420635.0,541.4879412,2743849.5,0.30485892174479684,South America
Paraguay,PRY,1976,1029965.06,1698960317.0,593.6543256,2810862.0,0.3664232039851121,South America
Paraguay,PRY,1977,1153033.0,2092158730.0,712.6585154,2877874.5,0.4006543718289314,South America
Paraguay,PRY,1978,1453705.0,2559857143.0,849.5248677,2944887.0,0.49363693751237314,South America
Paraguay,PRY,1979,1325419.0,3416777778.0,1103.913114,3011899.5,0.44006083204303464,South America
Paraguay,PRY,1980,1485470.0,4448087302.0,1398.054298,3078912.0,0.4824658840525484,South America
Paraguay,PRY,1981,1383157.0,5624515873.0,1718.499822,3176940.3,0.43537393510353345,South America
Paraguay,PRY,1982,1362428.0,5419411765.0,1608.724557,3274968.6,0.4160125382576187,South America
Paraguay,PRY,1983,1407919.0,5673248726.0,1635.633487,3372996.9,0.41740892201827995,South America
Paraguay,PRY,1984,1490034.0,4502462807.0,1260.743798,3471025.2,0.4292777822529205,South America
Paraguay,PRY,1985,1547794.0,3282449236.0,892.8904517,3569053.5,0.43367071970201626,South America
Paraguay,PRY,1986,1654639.0,3723993943.0,984.3830554,3667081.8,0.45121409617860175,South America
Paraguay,PRY,1987,1876639.0,3971044724.0,1020.381636,3765110.1,0.4984287179277971,South America
Paraguay,PRY,1988,2143738.0,4255683528.0,1063.474754,3863138.4,0.5549213561698955,South America
Paraguay,PRY,1989,2223418.0,4757732200.0,1156.924625,3961166.7,0.5613038199074025,South America
Paraguay,PRY,1990,2135640.0,5812114523.0,1376.165325,4059195.0,0.5261240221275401,South America
Paraguay,PRY,1991,2103445.0,6984367763.0,1611.399861,4165657.4,0.5049491107934129,South America
Paraguay,PRY,1992,2579939.0,7157424031.0,1610.212247,4272119.8,0.6039013699943527,South America
Paraguay,PRY,1993,2914101.0,7249533620.0,1591.374158,4378582.2,0.6655352958772819,South America
Paraguay,PRY,1994,3404286.0,7870982005.0,1686.845278,4485044.6,0.7590305790939069,South America
Paraguay,PRY,1995,3937149.0,9062131475.0,1897.098347,4591507.0,0.8574851350547871,South America
Paraguay,PRY,1996,3718801.0,9788391781.0,2002.68346,4697969.4,0.7915762499432201,South America
Paraguay,PRY,1997,4127971.2,9965225678.0,1993.804376,4804431.8,0.8592007071470971,South America
Paraguay,PRY,1998,4383911.0,9260481572.0,1812.993667,4910894.2,0.8926909889445388,South America
Paraguay,PRY,1999,4375923.0,8837070236.0,1694.11121,5017356.6,0.8721570637414929,South America
Paraguay,PRY,2000,3606132.0,8855705140.0,1663.604939,5123819.0,0.703797694649245,South America
Paraguay,PRY,2001,3695507.0,8495806432.0,1565.054289,5188298.4,0.7122772660878565,South America
Paraguay,PRY,2002,3857264.0,7196260657.0,1300.852367,5252777.8,0.7343284157193933,South America
Paraguay,PRY,2003,4031488.0,7691367471.0,1365.416418,5317257.2,0.7581893913275438,South America
Paraguay,PRY,2004,4061307.0,9624440836.0,1679.49512,5381736.6,0.7546461861399907,South America
Paraguay,PRY,2005,3779891.0,10737500188.0,1843.634108,5446216.0,0.694039861804967,South America
Paraguay,PRY,2006,3908692.0,13429430050.0,2271.088885,5510695.4,0.7092919706649,South America
Paraguay,PRY,2007,4041562.0,17856393235.0,2976.84448,5575174.8,0.7249211271366774,South America
Paraguay,PRY,2008,4277954.0,24615276690.0,4047.702445,5639654.2,0.7585489904682453,South America
Paraguay,PRY,2009,4531500.0,22355161514.0,3626.747293,5704133.6,0.7944238893703331,South America
Paraguay,PRY,2010,5021793.0,27129301212.0,4342.065845,5768613.0,0.8705373371380607,South America
Paraguay,PRY,2011,5198721.0,33737052170.0,5326.358284,5850480.4,0.8885972851049975,South America
Paraguay,PRY,2012,5173286.0,33296438306.0,5185.141549,5932347.8,0.8720469828151344,South America
Paraguay,PRY,2013,5172147.0,38651334288.0,5936.975959,6014215.2,0.8599870187551653,South America
Paraguay,PRY,2014,5458230.0,40377987209.0,6118.31811,6096082.6,0.8953668049051698,South America
Paraguay,PRY,2015,6047637.0,36211372703.0,5413.776021,6177950.0,0.9789067570958004,South America
Paraguay,PRY,2016,7193354.0,36089550659.0,5324.609068,6266099.0,1.1479796281546142,South America
Paraguay,PRY,2017,7932479.0,38997129474.0,5678.869972,6354248.0,1.2483741585156891,South America
Paraguay,PRY,2018,8400541.0,40225448341.0,5782.78455,6442397.0,1.303946496932741,South America
Paraguay,PRY,2019,8136721.5,37925338329.0,5383.574422,6530546.0,1.2459481182737246,South America
Paraguay,PRY,2020,7366268.0,35432178068.0,4967.687212,6618695.0,1.112948700612432,South America
Peru,PER,1970,17765824.0,7432223177.0,552.1797687,13562371.0,1.3099349663860398,South America
Peru,PER,1971,18590718.0,8289582883.0,599.1156553,13955374.5,1.3321547193162033,South America
Peru,PER,1972,18147972.0,9189413409.0,646.1428162,14348378.0,1.2648100015207293,South America
Peru,PER,1973,19722846.0,10994381895.0,752.2233843,14741381.5,1.3379238574078014,South America
Peru,PER,1974,21325154.0,13858441211.0,922.8464967,15134385.0,1.4090532254862025,South America
Peru,PER,1975,21927228.0,16877163792.0,1094.161608,15527388.5,1.4121645761616644,South America
Peru,PER,1976,22400364.0,15947709380.0,1006.890862,15920392.0,1.4070233949013315,South America
Peru,PER,1977,23295968.0,14620386674.0,899.2555182,16313395.5,1.428026924253752,South America
Peru,PER,1978,22412698.0,12519809967.0,750.4328671,16706399.0,1.3415636726981082,South America
Peru,PER,1979,22217276.0,15934081741.0,931.088402,17099402.5,1.299301305995926,South America
Peru,PER,1980,24064700.0,18127754429.0,1033.061047,17492406.0,1.3757226993244955,South America
Peru,PER,1981,24026774.0,21664528003.0,1204.562057,17954075.3,1.338235113673607,South America
Peru,PER,1982,23600102.0,21781007709.0,1182.053145,18415744.6,1.281517663966734,South America
Peru,PER,1983,20392858.0,17330726371.0,918.3793859,18877413.9,1.0802781624658875,South America
Peru,PER,1984,20632454.0,17584444210.0,910.1798859,19339083.2,1.06687859949845,South America
Peru,PER,1985,19454626.0,16548827018.0,836.9460873,19800752.5,0.9825195279825855,South America
Peru,PER,1986,21775106.0,15244232958.0,753.5315298,20262421.8,1.0746546594938617,South America
Peru,PER,1987,25693674.0,20702298397.0,1000.532272,20724091.1,1.2397973873025485,South America
Peru,PER,1988,25018144.0,15439408447.0,729.8761993,21185760.4,1.1808943142772446,South America
Peru,PER,1989,21762108.0,22499559086.0,1040.962255,21647429.7,1.0052975480964375,South America
Peru,PER,1990,21400794.0,26410386669.0,1196.586858,22109099.0,0.9679631901779444,South America
Peru,PER,1991,20757894.0,34341465998.0,1524.770536,22563633.0,0.91997126526566,South America
Peru,PER,1992,20985784.0,35966302303.0,1566.011279,23018167.0,0.9117052630646045,South America
Peru,PER,1993,23884756.0,34832077221.0,1488.032995,23472701.0,1.0175546478438933,South America
Peru,PER,1994,24176558.0,44882079767.0,1881.737355,23927235.0,1.01042005062432,South America
Peru,PER,1995,25143060.0,53312793687.0,2194.017247,24381769.0,1.0312237803581847,South America
Peru,PER,1996,24717086.0,55252414130.0,2232.075816,24836303.0,0.9951998894521459,South America
Peru,PER,1997,27747166.0,58147522523.0,2306.438527,25290837.0,1.0971232782845424,South America
Peru,PER,1998,28062162.0,55501467877.0,2163.119357,25745371.0,1.0899886430069312,South America
Peru,PER,1999,29562408.0,50187324568.0,1924.486419,26199905.0,1.1283402745162625,South America
Peru,PER,2000,28677526.0,51744749133.0,1955.588006,26654439.0,1.0759005657556702,South America
Peru,PER,2001,25415832.0,52030158775.0,1941.475342,26911952.3,0.9444068463215878,South America
Peru,PER,2002,25439410.0,54777553515.0,2021.240038,27169465.6,0.9363235322523237,South America
Peru,PER,2003,24675610.0,58731030122.0,2145.643889,27426978.9,0.8996838510711802,South America
Peru,PER,2004,28334134.0,66768703498.0,2417.034363,27684492.2,1.0234659099147212,South America
Peru,PER,2005,30321106.0,76060606061.0,2729.499172,27942005.5,1.0851442284627708,South America
Peru,PER,2006,28197278.0,88643193062.0,3154.331349,28199518.8,0.9999205376511602,South America
Peru,PER,2007,34305970.0,102171000000.0,3606.070689,28457032.1,1.2055357663246968,South America
Peru,PER,2008,35298628.0,120551000000.0,4220.616378,28714545.4,1.2292943352674495,South America
Peru,PER,2009,39511240.0,120823000000.0,4196.311627,28972058.7,1.3637705352295175,South America
Peru,PER,2010,42505100.0,147529000000.0,5082.353706,29229572.0,1.4541814023140673,South America
Peru,PER,2011,42173068.0,171762000000.0,5869.323882,29526030.2,1.4283351915016331,South America
Peru,PER,2012,45508680.0,192649000000.0,6528.971775,29822488.4,1.5259853366226812,South America
Peru,PER,2013,43023884.0,201175000000.0,6756.752996,30118946.6,1.428465761813861,South America
Peru,PER,2014,49388348.0,200789000000.0,6672.877373,30415404.8,1.6237938743461997,South America
Peru,PER,2015,49227884.0,189805000000.0,6229.100674,30711863.0,1.6028947511259737,South America
Peru,PER,2016,52732748.0,191896000000.0,6204.996457,31230441.6,1.688504718421913,South America
Peru,PER,2017,54858950.0,211007000000.0,6710.507602,31749020.2,1.7278942674268734,South America
Peru,PER,2018,55848252.0,222597000000.0,6958.497262,32267598.8,1.7307842565589355,South America
Peru,PER,2019,58365044.0,228323000000.0,7023.077526,32786177.4,1.7801722746732898,South America
Peru,PER,2020,46965196.0,201705000000.0,6117.493571,33304756.0,1.4101648425227917,South America
Philippines,PHL,1970,24751418.0,7559179530.0,211.1290884,37435586.0,0.6611735154887117,Asia
Philippines,PHL,1971,27551672.0,8375086047.0,227.2770483,38533982.0,0.714996752736325,Asia
Philippines,PHL,1972,26409366.0,9067872579.0,239.1102216,39632378.0,0.6663583497311214,Asia
Philippines,PHL,1973,31501326.0,11412421020.0,292.4555135,40730774.0,0.773403569497599,Asia
Philippines,PHL,1974,30492320.0,15607825071.0,388.7935401,41829170.0,0.7289726284313076,Asia
Philippines,PHL,1975,32482444.0,16875240684.0,408.7425894,42927566.0,0.7566803112014318,Asia
Philippines,PHL,1976,35066230.0,19380945793.0,456.5953187,44025962.0,0.7964898075367439,Asia
Philippines,PHL,1977,36676136.0,22283185056.0,510.7376538,45124358.0,0.812779120314576,Asia
Philippines,PHL,1978,37380250.0,25762077666.0,574.5528125,46222754.0,0.8086980278154781,Asia
Philippines,PHL,1979,38031020.0,31218507870.0,677.4872734,47321150.0,0.8036791159978149,Asia
Philippines,PHL,1980,36868560.0,36848242784.0,778.0827803,48419546.0,0.7614396054023307,Asia
Philippines,PHL,1981,34528212.0,40499645207.0,832.0790958,49733481.2,0.6942649331372363,Asia
Philippines,PHL,1982,34838530.0,42206011275.0,843.7225959,51047416.4,0.6824739126268494,Asia
Philippines,PHL,1983,35239076.0,37759237658.0,734.4881978,52361351.6,0.672997829949065,Asia
Philippines,PHL,1984,30831284.0,35730202751.0,676.3619165,53675286.8,0.5744037123617195,Asia
Philippines,PHL,1985,27899134.0,34961565263.0,644.146048,54989222.0,0.5073564052242819,Asia
Philippines,PHL,1986,29024736.0,33987178952.0,609.5770431,56303157.2,0.5155081427653936,Asia
Philippines,PHL,1987,32495770.0,37791442731.0,659.9530529,57617092.4,0.5639953119189333,Asia
Philippines,PHL,1988,37484708.0,43152077818.0,733.9412969,58931027.6,0.6360776237338173,Asia
Philippines,PHL,1989,38906536.0,48513735779.0,803.9959945,60244962.8,0.6458056274208539,Asia
Philippines,PHL,1990,41349500.0,50508286642.0,816.0295457,61558898.0,0.6717063063734506,Asia
Philippines,PHL,1991,43471884.0,51784207132.0,816.0804127,63198830.5,0.6878589944793362,Asia
Philippines,PHL,1992,48292790.0,60422309295.0,929.2862821,64838763.0,0.7448135616035735,Asia
Philippines,PHL,1993,48928836.0,62036625222.0,931.5661269,66478695.5,0.7360077635699094,Asia
Philippines,PHL,1994,54158224.0,73159245526.0,1073.017568,68118628.0,0.7950574694487388,Asia
Philippines,PHL,1995,59964620.0,84644220101.0,1212.944437,69758560.5,0.8596023136113883,Asia
Philippines,PHL,1996,61265050.0,94648084429.0,1325.571064,71398493.0,0.8580720324167066,Asia
Philippines,PHL,1997,70069360.0,94106183450.0,1288.580731,73038425.5,0.9593492674619608,Asia
Philippines,PHL,1998,68263620.0,74492325248.0,997.5936933,74678358.0,0.9141017803310566,Asia
Philippines,PHL,1999,68187860.0,85640133800.0,1122.032017,76318290.5,0.8934668157956185,Asia
Philippines,PHL,2000,72356790.0,83669693589.0,1072.801752,77958223.0,0.9281482724407405,Asia
Philippines,PHL,2001,70326010.0,78921234458.0,990.5659913,79626070.7,0.8832033199900192,Asia
Philippines,PHL,2002,70266810.0,84307291974.0,1036.158331,81293918.4,0.8643550634902105,Asia
Philippines,PHL,2003,70286984.0,87039145965.0,1048.008205,82961766.1,0.8472214045597567,Asia
Philippines,PHL,2004,72806056.0,95002028505.0,1121.490006,84629613.8,0.860290538156751,Asia
Philippines,PHL,2005,73303170.0,107420000000.0,1244.348741,86297461.5,0.8494244063019165,Asia
Philippines,PHL,2006,66553704.0,127653000000.0,1452.438089,87965309.2,0.7565903491418637,Asia
Philippines,PHL,2007,70795900.0,155980000000.0,1744.639979,89633156.9,0.7898405283101213,Asia
Philippines,PHL,2008,77330616.0,181625000000.0,1998.02692,91301004.6,0.8469853791729254,Asia
Philippines,PHL,2009,76610150.0,175975000000.0,1904.196388,92968852.3,0.8240410428299973,Asia
Philippines,PHL,2010,83063350.0,208369000000.0,2217.472153,94636700.0,0.8777075912410301,Asia
Philippines,PHL,2011,83908024.0,234217000000.0,2450.735694,96315633.0,0.8711776207710746,Asia
Philippines,PHL,2012,88628560.0,261921000000.0,2694.305109,97994566.0,0.904423210568635,Asia
Philippines,PHL,2013,96035850.0,283903000000.0,2871.429701,99673499.0,0.9635043513421757,Asia
Philippines,PHL,2014,101483620.0,297483000000.0,2959.645435,101352432.0,1.0012943744655283,Asia
Philippines,PHL,2015,112449144.0,306446000000.0,3001.043182,103031365.0,1.0914069128366881,Asia
Philippines,PHL,2016,121792456.0,318627000000.0,3073.654686,104863287.4,1.1614403765106451,Asia
Philippines,PHL,2017,135150080.0,328481000000.0,3123.245642,106695209.8,1.2666930432335117,Asia
Philippines,PHL,2018,141517820.0,346842000000.0,3252.110274,108527132.2,1.3039856221318267,Asia
Philippines,PHL,2019,144159980.0,376823000000.0,3485.340844,110359054.6,1.3062813968687261,Asia
Philippines,PHL,2020,132851040.0,361751000000.0,3301.218603,112190977.0,1.1841508430753749,Asia
Poland,POL,1990,376641280.0,65977749037.0,1731.209531,38064255.0,9.894881168697509,Europe
Poland,POL,1991,373622800.0,85500935935.0,2235.541089,38108272.6,9.804243921567833,Europe
Poland,POL,1992,364510600.0,94337050693.0,2459.020685,38152290.2,9.554094867940588,Europe
Poland,POL,1993,365174880.0,96045645026.0,2497.195241,38196307.8,9.560475895002606,Europe
Poland,POL,1994,360218400.0,110803000000.0,2874.825311,38240325.4,9.419857081027873,Europe
Poland,POL,1995,362614560.0,142293000000.0,3686.8193,38284343.0,9.471615067287429,Europe
Poland,POL,1996,377285400.0,160193000000.0,4147.465501,38328360.6,9.84350475976267,Europe
Poland,POL,1997,367235680.0,159358000000.0,4123.135618,38372378.2,9.570313262470659,Europe
Poland,POL,1998,339076400.0,174686000000.0,4518.108226,38416395.8,8.826345963459696,Europe
Poland,POL,1999,329266200.0,170031000000.0,4398.081043,38460413.4,8.561171627967992,Europe
Poland,POL,2000,317452220.0,172219000000.0,4501.454067,38504431.0,8.244563333503097,Europe
Poland,POL,2001,313500540.0,190905000000.0,4991.244358,38513723.2,8.139969703058986,Europe
Poland,POL,2002,306122780.0,199072000000.0,5207.171421,38523015.4,7.946490606236396,Europe
Poland,POL,2003,318949730.0,217827000000.0,5701.602212,38532307.6,8.27746246892309,Europe
Poland,POL,2004,323794140.0,255110000000.0,6681.386472,38541599.8,8.401159829385184,Europe
Poland,POL,2005,322765060.0,306144000000.0,8021.505743,38550892.0,8.372440772576676,Europe
Poland,POL,2006,336572670.0,344622000000.0,9035.410467,38560184.2,8.728502650669391,Europe
Poland,POL,2007,335920200.0,429029000000.0,11254.51739,38569476.4,8.709483025286804,Europe
Poland,POL,2008,329567070.0,533609000000.0,13996.02515,38578768.6,8.542705792843787,Europe
Poland,POL,2009,316021220.0,439738000000.0,11526.05589,38588060.8,8.189611331803437,Europe
Poland,POL,2010,334224580.0,479834000000.0,12613.011,38597353.0,8.659261685639427,Europe
Poland,POL,2011,333598750.0,528301000000.0,13879.56099,38588511.6,8.645027656365995,Europe
Poland,POL,2012,325953300.0,498524000000.0,13097.27085,38579670.2,8.448835832712742,Europe
Poland,POL,2013,321927040.0,521016000000.0,13696.4663,38570828.8,8.346386375809482,Europe
Poland,POL,2014,309582460.0,542477000000.0,14271.30585,38561987.4,8.028176991728389,Europe
Poland,POL,2015,312715420.0,477812000000.0,12578.49547,38553146.0,8.111281502163273,Europe
Poland,POL,2016,323547000.0,472630000000.0,12447.43959,38528190.0,8.397669342888934,Europe
Poland,POL,2017,336765400.0,526509000000.0,13864.68176,38503234.0,8.74641854759525,Europe
Poland,POL,2018,336080900.0,587412000000.0,15468.48222,38478278.0,8.734301987214709,Europe
Poland,POL,2019,317682530.0,597281000000.0,15732.20313,38453322.0,8.26151067000141,Europe
Poland,POL,2020,302437100.0,596624000000.0,15742.45373,38428366.0,7.870152480592071,Europe
Portugal,PRT,1970,15236482.0,8108235704.0,934.0821561,8683631.0,1.754621079592166,Europe
Portugal,PRT,1971,16375692.0,9201604240.0,1064.537713,8793793.1,1.8621875468050302,Europe
Portugal,PRT,1972,18307310.0,11239117865.0,1302.266268,8903955.2,2.056087389118939,Europe
Portugal,PRT,1973,19945068.0,15090564186.0,1747.989041,9014117.3,2.2126479317059697,Europe
Portugal,PRT,1974,20644926.0,17512391476.0,2000.418246,9124279.4,2.262636323916166,Europe
Portugal,PRT,1975,21275220.0,19347607843.0,2127.637507,9234441.5,2.3038989418038978,Europe
Portugal,PRT,1976,22325776.0,20332831565.0,2173.283934,9344603.6,2.389162446655308,Europe
Portugal,PRT,1977,22604974.0,21439523311.0,2267.371003,9454765.7,2.3908550161110815,Europe
Portugal,PRT,1978,22584778.0,23487614051.0,2457.313216,9564927.8,2.3612073684445374,Europe
Portugal,PRT,1979,24855616.0,26622819672.0,2755.624618,9675089.9,2.569032045893444,Europe
Portugal,PRT,1980,26773498.0,32896519824.0,3368.366669,9785252.0,2.73610715390876,Europe
Portugal,PRT,1981,27000480.0,31977276873.0,3245.975214,9807461.4,2.753054934276876,Europe
Portugal,PRT,1982,28999878.0,30527754793.0,3079.949566,9829670.8,2.9502389846056696,Europe
Portugal,PRT,1983,29901626.0,27239650742.0,2735.491066,9851880.2,3.035118717744863,Europe
Portugal,PRT,1984,28793810.0,25217969050.0,2522.747476,9874089.6,2.9160977028201165,Europe
Portugal,PRT,1985,27129670.0,27115807742.0,2705.193002,9896299.0,2.7413955459510673,Europe
Portugal,PRT,1986,30221142.0,38745901354.0,3861.948433,9918508.4,3.046944236090983,Europe
Portugal,PRT,1987,31198344.0,48182925857.0,4803.866095,9940717.8,3.138439761362102,Europe
Portugal,PRT,1988,32567554.0,56347250696.0,5623.697,9962927.2,3.268874031318828,Europe
Portugal,PRT,1989,40822224.0,60594092182.0,6056.381028,9985136.6,4.088299002339137,Europe
Portugal,PRT,1990,45278820.0,78713860217.0,7884.617988,10007346.0,4.5245582595025695,Europe
Portugal,PRT,1991,47097090.0,89233599278.0,8958.985333,10036674.0,4.692499726503023,Europe
Portugal,PRT,1992,50920116.0,107592000000.0,10810.56651,10066002.0,5.058623672039803,Europe
Portugal,PRT,1993,49434028.0,95009751901.0,9534.656364,10095330.0,4.896722345876757,Europe
Portugal,PRT,1994,50206744.0,99688641304.0,9977.319909,10124658.0,4.958858264644594,Europe
Portugal,PRT,1995,54468372.0,118122000000.0,11781.36185,10153986.0,5.364235483484023,Europe
Portugal,PRT,1996,51761496.0,122630000000.0,12185.0914,10183314.0,5.082971614152328,Europe
Portugal,PRT,1997,54627084.0,117017000000.0,11575.50711,10212642.0,5.348966898085726,Europe
Portugal,PRT,1998,59168596.0,123946000000.0,12199.20639,10241970.0,5.777071793805293,Europe
Portugal,PRT,1999,66837456.0,127470000000.0,12475.29177,10271298.0,6.507206392025624,Europe
Portugal,PRT,2000,65611372.0,118605000000.0,11526.37207,10300626.0,6.369648990265252,Europe
Portugal,PRT,2001,65152490.0,121604000000.0,11734.76497,10329403.5,6.307478452168124,Europe
Portugal,PRT,2002,69559704.0,134796000000.0,12936.69282,10358181.0,6.71543623344678,Europe
Portugal,PRT,2003,64455824.0,165226000000.0,15797.78213,10386958.5,6.205456967985383,Europe
Portugal,PRT,2004,67303336.0,189382000000.0,18064.15809,10415736.0,6.4616975699076855,Europe
Portugal,PRT,2005,69634616.0,197254000000.0,18780.12751,10444513.5,6.6671000042271,Europe
Portugal,PRT,2006,64842828.0,208756000000.0,19839.45405,10473291.0,6.191256215453194,Europe
Portugal,PRT,2007,62354620.0,240496000000.0,22811.05648,10502068.5,5.937365577076554,Europe
Portugal,PRT,2008,60027936.0,263416000000.0,24949.04136,10530846.0,5.700200724614148,Europe
Portugal,PRT,2009,57136404.0,244668000000.0,23151.21541,10559623.5,5.41083723297521,Europe
Portugal,PRT,2010,52933984.0,238113000000.0,22520.64231,10588401.0,4.999242472966409,Europe
Portugal,PRT,2011,51739810.0,245118000000.0,23217.2955,10543807.8,4.90712757491653,Europe
Portugal,PRT,2012,49898550.0,216224000000.0,20563.7136,10499214.6,4.752598351499549,Europe
Portugal,PRT,2013,48102730.0,226434000000.0,21653.19598,10454621.4,4.60109727168121,Europe
Portugal,PRT,2014,47885044.0,229902000000.0,22103.70097,10410028.2,4.599895704413174,Europe
Portugal,PRT,2015,52203440.0,199394000000.0,19250.10654,10365435.0,5.036299971974162,Europe
Portugal,PRT,2016,50366708.0,206426000000.0,19991.97249,10351986.4,4.865414815459959,Europe
Portugal,PRT,2017,55106276.0,221358000000.0,21490.42986,10338537.8,5.330180830794079,Europe
Portugal,PRT,2018,51372730.0,242313000000.0,23562.55452,10325089.2,4.975524085544946,Europe
Portugal,PRT,2019,47494044.0,239987000000.0,23330.81729,10311640.6,4.605866887951855,Europe
Portugal,PRT,2020,41695200.0,228539000000.0,22194.56611,10298192.0,4.048788369842007,Europe
Qatar,QAT,1970,7561456.0,301791301.8,2755.556485,118007.0,64.07633445473573,Asia
Qatar,QAT,1971,9144304.0,387700084.2,3246.715887,133951.3,68.26588469092873,Asia
Qatar,QAT,1972,10775408.0,510259940.7,3909.888056,149895.6,71.8860860492236,Asia
Qatar,QAT,1973,12457184.0,793884368.0,5583.61784,165839.9,75.11572305579055,Asia
Qatar,QAT,1974,10478535.0,2401403227.0,15631.69314,181784.2,57.64271592360612,Asia
Qatar,QAT,1975,10947378.0,2512784033.0,15292.57418,197728.5,55.36570600596272,Asia
Qatar,QAT,1976,10374896.0,3284301332.0,18906.15333,213672.8,48.55506175797762,Asia
Qatar,QAT,1977,9916029.0,3617580172.0,19842.03606,229617.09999999998,43.185063307567255,Asia
Qatar,QAT,1978,10519005.0,4052000413.0,21109.99605,245561.40000000002,42.836557374245295,Asia
Qatar,QAT,1979,14342442.0,5633000318.0,27455.0149,261505.7,54.84561904386788,Asia
Qatar,QAT,1980,13081691.0,7829094613.0,35010.39528,277450.0,47.14972427464408,Asia
Qatar,QAT,1981,12840684.0,8661263764.0,34926.704,293872.5,43.694745170099274,Asia
Qatar,QAT,1982,12334909.0,7596703214.0,27402.26749,310295.0,39.7522003254967,Asia
Qatar,QAT,1983,11242561.0,6467582308.0,20910.45334,326717.5,34.41064834298744,Asia
Qatar,QAT,1984,12298033.0,6704395824.0,19645.31466,343140.0,35.83969516815294,Asia
Qatar,QAT,1985,12377808.0,6153296456.0,16590.80272,359562.5,34.424635494524594,Asia
Qatar,QAT,1986,13266982.0,5053021951.0,12704.36631,375985.0,35.28593427929306,Asia
Qatar,QAT,1987,11470526.0,5446428681.0,12901.52096,392407.5,29.23115893554532,Asia
Qatar,QAT,1988,11897661.0,6038187033.0,13611.44569,408830.0,29.101731771151822,Asia
Qatar,QAT,1989,14292370.0,6487912088.0,14052.58982,425252.5,33.60913810030511,Asia
Qatar,QAT,1990,11411196.0,7360439423.0,15454.17967,441675.0,25.836182713533706,Asia
Qatar,QAT,1991,17380476.0,6883516484.0,14124.26385,462101.2,37.61183913826668,Asia
Qatar,QAT,1992,26780340.0,7646153984.0,15434.21009,482527.4,55.50014361878724,Asia
Qatar,QAT,1993,30684492.0,7156593654.0,14270.97377,502953.6,61.00859403332634,Asia
Qatar,QAT,1994,32343414.0,7374450769.0,14544.00559,523379.8,61.797214947921184,Asia
Qatar,QAT,1995,33137150.0,8137911978.0,15849.56574,543806.0,60.935609390113385,Asia
Qatar,QAT,1996,34423708.0,9059340385.0,17337.42187,564232.2,61.00982538749118,Asia
Qatar,QAT,1997,42182420.0,11297802115.0,21104.76372,584658.4,72.14883083865723,Asia
Qatar,QAT,1998,36887692.0,10255495027.0,18593.41407,605084.6,60.96286701066264,Asia
Qatar,QAT,1999,36248068.0,12393131868.0,21723.8142,625510.8,57.94954779357926,Asia
Qatar,QAT,2000,40314500.0,17759890110.0,29976.16763,645937.0,62.41243341068866,Asia
Qatar,QAT,2001,45817316.0,17538461538.0,28517.22084,752693.7,60.87112991645872,Asia
Qatar,QAT,2002,45066684.0,19363736264.0,30214.67042,859450.4,52.43663159619217,Asia
Qatar,QAT,2003,46514956.0,23533791209.0,34517.60321,966207.1,48.141807279205466,Asia
Qatar,QAT,2004,47320412.0,31734065934.0,42124.94084,1072963.8,44.102524241731174,Asia
Qatar,QAT,2005,47550748.0,44530494505.0,51455.95094,1179720.5,40.30679131200992,Asia
Qatar,QAT,2006,59630004.0,60882142857.0,59530.561,1286477.2,46.351388116322624,Asia
Qatar,QAT,2007,59383044.0,79712087912.0,65421.37692,1393233.9,42.62245126249081,Asia
Qatar,QAT,2008,61636948.0,115270000000.0,80234.19083,1499990.6,41.09155617375202,Asia
Qatar,QAT,2009,65073668.0,97798351648.0,59094.65918,1606747.3,40.50025041274381,Asia
Qatar,QAT,2010,73421576.0,125122000000.0,67403.08768,1713504.0,42.84879171568902,Asia
Qatar,QAT,2011,81493320.0,167775000000.0,82409.94164,1853717.8,43.9620960644603,Asia
Qatar,QAT,2012,93320950.0,186834000000.0,85075.98654,1993931.6,46.80248309420443,Asia
Qatar,QAT,2013,82808080.0,198728000000.0,85050.68435,2134145.4,38.801517459869416,Asia
Qatar,QAT,2014,91177600.0,206225000000.0,83858.34046,2274359.2,40.089357916726605,Asia
Qatar,QAT,2015,91194280.0,161740000000.0,63039.11263,2414573.0,37.76828449585082,Asia
Qatar,QAT,2016,87385144.0,151732000000.0,57162.96801,2483735.4,35.18295225811896,Asia
Qatar,QAT,2017,100111260.0,161099000000.0,59124.86727,2552897.8,39.214754307830106,Asia
Qatar,QAT,2018,95463944.0,183335000000.0,65907.94843,2622060.2,36.40799093781294,Asia
Qatar,QAT,2019,101018984.0,175838000000.0,62087.97413,2691222.6,37.536465396805156,Asia
Qatar,QAT,2020,102501230.0,144411000000.0,50124.38594,2760385.0,37.13294703456221,Asia
Romania,ROU,1987,211020750.0,38413636364.0,1673.838364,22622931.0,9.327736976256524,Europe
Romania,ROU,1988,211567800.0,40809523810.0,1769.889931,22694032.0,9.322618387071984,Europe
Romania,ROU,1989,212965860.0,42105263158.0,1817.902101,22765133.0,9.35491393790671,Europe
Romania,ROU,1990,176506900.0,38995454545.0,1680.705623,22836234.0,7.7292473005838005,Europe
Romania,ROU,1991,142208210.0,28998684211.0,1260.749045,22744598.2,6.252394909310818,Europe
Romania,ROU,1992,132011250.0,25121666667.0,1102.103785,22652962.4,5.827549071462724,Europe
Romania,ROU,1993,122693800.0,26362894737.0,1158.132516,22561326.6,5.4382351789544146,Europe
Romania,ROU,1994,120904660.0,30074440483.0,1323.104325,22469690.8,5.380788773470795,Europe
Romania,ROU,1995,125711860.0,37435317265.0,1650.276481,22378055.0,5.617640138966501,Europe
Romania,ROU,1996,129147250.0,36937074278.0,1633.010644,22286419.2,5.794885613566849,Europe
Romania,ROU,1997,118156420.0,35574916295.0,1577.323357,22194783.4,5.3236122142106606,Europe
Romania,ROU,1998,104860490.0,41694118973.0,1852.467309,22103147.6,4.744142865878523,Europe
Romania,ROU,1999,89010050.0,35952781582.0,1599.889533,22011511.8,4.043795392554545,Europe
Romania,ROU,2000,93334050.0,37253259017.0,1659.90764,21919876.0,4.2579643242507395,Europe
Romania,ROU,2001,98987940.0,40394824679.0,1825.179805,21761409.5,4.548783478386361,Europe
Romania,ROU,2002,99297704.0,46066101951.0,2119.882673,21602943.0,4.59648965421054,Europe
Romania,ROU,2003,103817980.0,57806506024.0,2679.41191,21444476.5,4.841245716583476,Europe
Romania,ROU,2004,103276920.0,74972669057.0,3494.944517,21286010.0,4.851868433774108,Europe
Romania,ROU,2005,101837060.0,98452791983.0,4617.929016,21127543.5,4.820108878251747,Europe
Romania,ROU,2006,104296040.0,122023000000.0,5757.496429,20969077.0,4.973802137309144,Europe
Romania,ROU,2007,109019590.0,174585000000.0,8360.166321,20810610.5,5.2386540990712405,Europe
Romania,ROU,2008,107894500.0,214314000000.0,10435.04398,20652144.0,5.2243728302494885,Europe
Romania,ROU,2009,88482220.0,174104000000.0,8548.118672,20493677.5,4.31753744539017,Europe
Romania,ROU,2010,86094090.0,166309000000.0,8214.076893,20335211.0,4.233744611747574,Europe
Romania,ROU,2011,92803520.0,183327000000.0,9099.217539,20249384.6,4.583029155365047,Europe
Romania,ROU,2012,91126710.0,170636000000.0,8507.104775,20163558.2,4.519376446167126,Europe
Romania,ROU,2013,79365576.0,190801000000.0,9547.852151,20077731.8,3.952915438386322,Europe
Romania,ROU,2014,79126890.0,199959000000.0,10043.67745,19991905.4,3.957946399646329,Europe
Romania,ROU,2015,78031910.0,177729000000.0,8969.148921,19906079.0,3.920004034948319,Europe
Romania,ROU,2016,76714536.0,188129000000.0,9548.587403,19813270.8,3.871876419313867,Europe
Romania,ROU,2017,79648910.0,211695000000.0,10807.00917,19720462.6,4.0388966331854705,Europe
Romania,ROU,2018,80279690.0,241457000000.0,12398.98198,19627654.4,4.09013162571275,Europe
Romania,ROU,2019,76885224.0,249882000000.0,12899.34611,19534846.2,3.935798788116387,Europe
Romania,ROU,2020,74026536.0,249511000000.0,12956.56625,19442038.0,3.807550216700533,Europe
Russia,RUS,1988,2436094000.0,554713000000.0,3777.235352,146056047.2,16.67917245948855,Europe
Russia,RUS,1989,2404973800.0,506500000000.0,3428.762207,147030875.6,16.356930407887745,Europe
Russia,RUS,1990,2536247800.0,516814000000.0,3492.710205,148005704.0,17.136149023013328,Europe
Russia,RUS,1991,2406755600.0,517963000000.0,3490.452393,147889617.5,16.27399976201845,Europe
Russia,RUS,1992,1966504700.0,460291000000.0,3098.802734,147773531.0,13.307557088826686,Europe
Russia,RUS,1993,1866729100.0,435084000000.0,2930.670166,147657444.5,12.642295864737115,Europe
Russia,RUS,1994,1647664500.0,395077000000.0,2662.104004,147541358.0,11.167475495243849,Europe
Russia,RUS,1995,1619727200.0,395537000000.0,2665.779785,147425271.5,10.98676762484375,Europe
Russia,RUS,1996,1586822100.0,391725000000.0,2643.929199,147309185.0,10.772051315062262,Europe
Russia,RUS,1997,1482244500.0,404929000000.0,2737.572021,147193098.5,10.070067925093648,Europe
Russia,RUS,1998,1465253400.0,270955000000.0,1834.861816,147077012.0,9.962490943180162,Europe
Russia,RUS,1999,1494178800.0,195907000000.0,1330.757202,146960925.5,10.167184201626439,Europe
Russia,RUS,2000,1479142400.0,259710000000.0,1771.594116,146844839.0,10.072825235621663,Europe
Russia,RUS,2001,1515647100.0,306602000000.0,2100.352539,146484615.0,10.346800583801924,Europe
Russia,RUS,2002,1506788000.0,345470000000.0,2377.529541,146124391.0,10.311680272460467,Europe
Russia,RUS,2003,1537018400.0,430348000000.0,2975.125244,145764167.0,10.544555850958899,Europe
Russia,RUS,2004,1543957000.0,591017000000.0,4102.364746,145403943.0,10.61839842953915,Europe
Russia,RUS,2005,1562576900.0,764017000000.0,5323.462891,145043719.0,10.773144199370673,Europe
Russia,RUS,2006,1623002000.0,989931000000.0,6920.188965,144683495.0,11.217602947730839,Europe
Russia,RUS,2007,1623781200.0,1299710000000.0,9101.254883,144323271.0,11.251000540307876,Europe
Russia,RUS,2008,1652064500.0,1660850000000.0,11635.27246,143963047.0,11.475614988893643,Europe
Russia,RUS,2009,1545034400.0,1222640000000.0,8562.813477,143602823.0,10.759080968763406,Europe
Russia,RUS,2010,1632783200.0,1524920000000.0,10674.99609,143242599.0,11.398726436121143,Europe
Russia,RUS,2011,1685909500.0,2045930000000.0,14311.08398,143527757.0,11.746226202085776,Europe
Russia,RUS,2012,1701268400.0,2208300000000.0,15420.875,143812915.0,11.82973309455552,Europe
Russia,RUS,2013,1640437400.0,2292470000000.0,15974.64453,144098073.0,11.384173055527258,Europe
Russia,RUS,2014,1639959200.0,2059240000000.0,14095.64844,144383231.0,11.358377206560782,Europe
Russia,RUS,2015,1638675300.0,1363480000000.0,9313.013672,144668389.0,11.327113762219334,Europe
Russia,RUS,2016,1634885000.0,1276790000000.0,8704.898438,144858177.0,11.286107790794578,Europe
Russia,RUS,2017,1666121200.0,1574200000000.0,10720.33301,145047965.0,11.486691316213916,Europe
Russia,RUS,2018,1712494300.0,1657330000000.0,11287.36035,145237753.0,11.790972144825181,Europe
Russia,RUS,2019,1705030900.0,1693110000000.0,11536.25098,145427541.0,11.72426411308158,Europe
Russia,RUS,2020,1632929300.0,1488320000000.0,10161.98242,145617329.0,11.213839116634258,Europe
Rwanda,RWA,1970,58624.0,219900006.0,58.52527645,3896367.0,0.01504581062307529,Africa
Rwanda,RWA,1971,62288.0,222952578.2,57.58923534,4031483.5,0.015450391896680217,Africa
Rwanda,RWA,1972,65952.0,246457838.3,61.81190225,4166600.0,0.015828733259732157,Africa
Rwanda,RWA,1973,69616.0,290746157.1,70.80298517,4301716.5,0.016183307291403326,Africa
Rwanda,RWA,1974,73280.0,308458423.2,72.89440258,4436833.0,0.016516285377430252,Africa
Rwanda,RWA,1975,175872.0,571863295.7,131.019799,4571949.5,0.038467616494889105,Africa
Rwanda,RWA,1976,267472.0,637754162.1,141.5310109,4707066.0,0.05682350746728429,Africa
Rwanda,RWA,1977,267472.0,746650558.6,160.3842428,4842182.5,0.05523790150412546,Africa
Rwanda,RWA,1978,289456.0,905709147.3,188.1847569,4977299.0,0.05815523640432291,Africa
Rwanda,RWA,1979,296784.0,1109346221.0,222.8134383,5112415.5,0.05805161963068143,Africa
Rwanda,RWA,1980,494640.0,1254765350.0,243.4870745,5247532.0,0.09426145471814179,Africa
Rwanda,RWA,1981,600896.0,1407062608.0,264.0263841,5454775.0,0.11015963078220459,Africa
Rwanda,RWA,1982,608224.0,1407242640.0,255.6370123,5662018.0,0.10742177082446576,Africa
Rwanda,RWA,1983,696160.0,1479688126.0,260.0054447,5869261.0,0.11861118461080535,Africa
Rwanda,RWA,1984,633872.0,1587412957.0,268.9232767,6076504.0,0.10431524442343822,Africa
Rwanda,RWA,1985,615552.0,1715625839.0,279.1049643,6283747.0,0.09795938633430022,Africa
Rwanda,RWA,1986,597232.0,1944711061.0,301.7981245,6490990.0,0.09200938531718582,Africa
Rwanda,RWA,1987,611419.0,2157434025.0,318.2065002,6698233.0,0.09128064073017465,Africa
Rwanda,RWA,1988,692307.0,2395493878.0,337.9554619,6905476.0,0.10025478330530727,Africa
Rwanda,RWA,1989,684247.0,2405021933.0,330.4971213,7112719.0,0.09620048254401728,Africa
Rwanda,RWA,1990,523863.97,2550185618.0,349.8733096,7319962.0,0.07156648764023638,Africa
Rwanda,RWA,1991,472136.0,1911600970.0,269.8504233,7398964.7,0.063811089678533,Africa
Rwanda,RWA,1992,479486.0,2029026704.0,302.7386376,7477967.4,0.06411983020947644,Africa
Rwanda,RWA,1993,482945.0,1971525999.0,314.7513041,7556970.1,0.06390722652190989,Africa
Rwanda,RWA,1994,462123.0,753636370.5,126.954894,7635972.8,0.06051920457338455,Africa
Rwanda,RWA,1995,454761.0,1293535011.0,221.6289261,7714975.5,0.058945229314078834,Africa
Rwanda,RWA,1996,464039.0,1382334879.0,229.8867674,7793978.2,0.05953814446132272,Africa
Rwanda,RWA,1997,482528.0,1851558302.0,288.4093021,7872980.9,0.06128911096431086,Africa
Rwanda,RWA,1998,481522.0,1989343495.0,285.7102739,7951983.6,0.06055369631295517,Africa
Rwanda,RWA,1999,502618.0,2155707325.0,287.3802065,8030986.3,0.06258484091798289,Africa
Rwanda,RWA,2000,515133.03,2067579822.0,260.6076547,8109989.0,0.0635183389274634,Africa
Rwanda,RWA,2001,522378.03,1965500949.0,238.788134,8329893.2,0.06271125180812642,Africa
Rwanda,RWA,2002,518871.0,1964832512.0,233.1575044,8549797.4,0.06068810472631784,Africa
Rwanda,RWA,2003,509100.03,2137156727.0,249.7507031,8769701.6,0.05805214968773852,Africa
Rwanda,RWA,2004,515760.0,2375376873.0,273.6446627,8989605.8,0.057372927297879954,Africa
Rwanda,RWA,2005,514220.0,2932340855.0,331.7045113,9209510.0,0.05583576107740803,Africa
Rwanda,RWA,2006,514417.0,3318107347.0,366.9116293,9429414.2,0.054554502441943854,Africa
Rwanda,RWA,2007,542177.0,4068224991.0,438.6813363,9649318.4,0.05618811376355867,Africa
Rwanda,RWA,2008,527819.0,5177230923.0,543.5680119,9869222.6,0.0534813147288825,Africa
Rwanda,RWA,2009,558260.0,5671592572.0,579.7532368,10089126.8,0.05533283613800948,Africa
Rwanda,RWA,2010,580977.0,6121529488.0,609.7542974,10309031.0,0.05635612115241481,Africa
Rwanda,RWA,2011,643581.0,6881379762.0,668.5278483,10575816.6,0.060854024265133345,Africa
Rwanda,RWA,2012,718466.0,7650671477.0,725.2049521,10842602.2,0.06626324444513883,Africa
Rwanda,RWA,2013,782275.0,7815975294.0,722.9290868,11109387.8,0.0704156713297919,Africa
Rwanda,RWA,2014,829804.0,8234762201.0,742.9662434,11376173.4,0.07294227776099123,Africa
Rwanda,RWA,2015,970183.0,8539424910.0,751.1105055,11642959.0,0.08332787223591528,Africa
Rwanda,RWA,2016,1048333.06,8690878328.0,744.7943858,11943639.6,0.08777333334806922,Africa
Rwanda,RWA,2017,1155068.0,9252834120.0,772.2948846,12244320.2,0.09433500440473618,Africa
Rwanda,RWA,2018,1287400.0,9642440646.0,783.8127901,12545000.8,0.10262255224407797,Africa
Rwanda,RWA,2019,1372734.0,10356327149.0,820.1772393,12845681.4,0.10686346307794929,Africa
Rwanda,RWA,2020,1371813.0,10184345442.0,786.3018148,13146362.0,0.10434924886443869,Africa
Saint Kitts and Nevis,KNA,1981,54960.0,80888888.89,1882.756998,42850.9,1.2825868301482581,North America
Saint Kitts and Nevis,KNA,1982,65952.0,86022222.22,2013.016222,42604.8,1.54799459215863,North America
Saint Kitts and Nevis,KNA,1983,51296.0,86874074.07,2045.202676,42358.7,1.2109908944325487,North America
Saint Kitts and Nevis,KNA,1984,51296.0,98603703.7,2336.6914,42112.6,1.2180677516942673,North America
Saint Kitts and Nevis,KNA,1985,51296.0,111007407.4,2650.986469,41866.5,1.2252278074355392,North America
Saint Kitts and Nevis,KNA,1986,58624.0,130685185.2,3150.634904,41620.4,1.4085400428635957,North America
Saint Kitts and Nevis,KNA,1987,54960.0,147748148.1,3600.013356,41374.3,1.3283608423586621,North America
Saint Kitts and Nevis,KNA,1988,65952.0,172692592.6,4250.057652,41128.2,1.6035712722657447,North America
Saint Kitts and Nevis,KNA,1989,65952.0,192518518.5,4770.741897,40882.1,1.613224369589625,North America
Saint Kitts and Nevis,KNA,1990,106256.0,217259259.3,5396.40485,40636.0,2.614824293729698,North America
Saint Kitts and Nevis,KNA,1991,106256.0,220540740.7,5461.497752,41118.5,2.58414095844936,North America
Saint Kitts and Nevis,KNA,1992,109920.0,242137037.0,5950.628813,41601.0,2.6422441768226723,North America
Saint Kitts and Nevis,KNA,1993,113584.0,263755555.6,6411.014695,42083.5,2.699015053405729,North America
Saint Kitts and Nevis,KNA,1994,120912.0,295159259.3,7092.105802,42566.0,2.8405769863271155,North America
Saint Kitts and Nevis,KNA,1995,128240.01,313485185.2,7450.274145,43048.5,2.9789658176243075,North America
Saint Kitts and Nevis,KNA,1996,131904.0,333944444.4,7862.696469,43531.0,3.0301164687234383,North America
Saint Kitts and Nevis,KNA,1997,142896.0,374641308.0,8741.659658,44013.5,3.246640235382326,North America
Saint Kitts and Nevis,KNA,1998,150224.0,383257331.4,8866.566371,44496.0,3.376123696512046,North America
Saint Kitts and Nevis,KNA,1999,161216.0,406595484.4,9320.881307,44978.5,3.5842902720188534,North America
Saint Kitts and Nevis,KNA,2000,172208.0,421695769.8,9565.949909,45461.0,3.7880380985900004,North America
Saint Kitts and Nevis,KNA,2001,175872.0,458643829.0,10283.0328,45655.2,3.8521789412816068,North America
Saint Kitts and Nevis,KNA,2002,197856.0,481077373.7,10650.84515,45849.4,4.315345457083407,North America
Saint Kitts and Nevis,KNA,2003,197856.0,469869869.9,10270.60416,46043.6,4.297144445699294,North America
Saint Kitts and Nevis,KNA,2004,212512.0,506900000.0,10942.72823,46237.8,4.59606642184533,North America
Saint Kitts and Nevis,KNA,2005,197856.0,547203703.7,11679.40971,46432.0,4.261199172984149,North America
Saint Kitts and Nevis,KNA,2006,201520.0,644414814.8,13614.49337,46626.2,4.322033534793743,North America
Saint Kitts and Nevis,KNA,2007,216176.0,689285185.2,14429.55024,46820.4,4.6171327028389335,North America
Saint Kitts and Nevis,KNA,2008,216176.0,777691333.3,16142.0427,47014.6,4.598061027850923,North America
Saint Kitts and Nevis,KNA,2009,223504.0,774273111.1,15931.87331,47208.8,4.734371557845147,North America
Saint Kitts and Nevis,KNA,2010,219840.0,778718111.1,15888.63951,47403.0,4.63768115942029,North America
Saint Kitts and Nevis,KNA,2011,230832.0,836092407.4,16910.57011,47480.4,4.861627113503677,North America
Saint Kitts and Nevis,KNA,2012,219840.0,826231629.6,16564.05504,47557.8,4.6225855695595675,North America
Saint Kitts and Nevis,KNA,2013,223504.0,875376407.4,17393.42727,47635.2,4.691992476152089,North America
Saint Kitts and Nevis,KNA,2014,230832.0,954062481.5,18789.6345,47712.6,4.837967329384691,North America
Saint Kitts and Nevis,KNA,2015,234496.0,958407222.2,18717.42876,47790.0,4.906800585896631,North America
Saint Kitts and Nevis,KNA,2016,238160.0,1008942296.0,19542.16228,47760.4,4.986557901525113,North America
Saint Kitts and Nevis,KNA,2017,241824.0,1060638333.0,20382.77987,47730.8,5.066414139297895,North America
Saint Kitts and Nevis,KNA,2018,245488.0,1078505889.0,20567.25826,47701.2,5.1463694833672955,North America
Saint Kitts and Nevis,KNA,2019,252815.98,1164877852.0,22047.88303,47671.6,5.303282877016924,North America
Saint Kitts and Nevis,KNA,2020,230832.0,980905888.9,18440.85368,47642.0,4.845136644137526,North America
Saint Lucia,LCA,1980,113584.0,170370370.4,1445.924317,121633.0,0.9338255243231689,North America
Saint Lucia,LCA,1981,95264.0,194444444.4,1628.035705,123699.8,0.7701225062611257,North America
Saint Lucia,LCA,1982,113584.0,183333333.3,1515.314318,125766.6,0.9031332643165991,North America
Saint Lucia,LCA,1983,102592.0,197037037.0,1607.533895,127833.4,0.8025445619063563,North America
Saint Lucia,LCA,1984,113584.0,251481481.5,2023.246778,129900.2,0.8743943427338834,North America
Saint Lucia,LCA,1985,128240.01,284444444.4,2253.096688,131967.0,0.9717581668144308,North America
Saint Lucia,LCA,1986,131904.0,340000000.0,2646.985551,134033.8,0.9841099782293721,North America
Saint Lucia,LCA,1987,146560.0,375555555.6,2869.727936,136100.6,1.076850506169701,North America
Saint Lucia,LCA,1988,164880.0,429629629.6,3221.481282,138167.4,1.1933350414062942,North America
Saint Lucia,LCA,1989,164880.0,486666666.7,3584.044619,140234.2,1.1757474282307738,North America
Saint Lucia,LCA,1990,179536.0,579629629.6,4199.636497,142301.0,1.261663656615203,North America
Saint Lucia,LCA,1991,190528.0,613703703.7,4383.566572,144020.9,1.3229191041022519,North America
Saint Lucia,LCA,1992,212512.0,674074074.1,4755.104291,145740.8,1.4581503600913404,North America
Saint Lucia,LCA,1993,234496.0,684814814.8,4775.489985,147460.7,1.5902270910147585,North America
Saint Lucia,LCA,1994,260144.0,713703703.7,4919.380367,149180.6,1.7438192365495244,North America
Saint Lucia,LCA,1995,274800.0,762962963.0,5194.782925,150900.5,1.821067524627155,North America
Saint Lucia,LCA,1996,293120.0,788888888.9,5300.354676,152620.4,1.920582045388428,North America
Saint Lucia,LCA,1997,296784.0,805925925.9,5340.086973,154340.3,1.922919678139799,North America
Saint Lucia,LCA,1998,326096.0,877407407.4,5733.826989,156060.2,2.0895526213602187,North America
Saint Lucia,LCA,1999,337088.0,921851851.9,5947.891784,157780.1,2.1364417946242904,North America
Saint Lucia,LCA,2000,348080.0,932592592.6,5950.047485,159500.0,2.182319749216301,North America
Saint Lucia,LCA,2001,359072.0,892592592.6,5642.748904,160643.5,2.2352102637205986,North America
Saint Lucia,LCA,2002,359072.0,900000000.0,5646.456535,161787.0,2.219411942863147,North America
Saint Lucia,LCA,2003,377392.0,987407407.4,6150.921369,162930.5,2.3162759581539367,North America
Saint Lucia,LCA,2004,403040.0,1066666667.0,6591.645501,164074.0,2.456452576276558,North America
Saint Lucia,LCA,2005,388384.0,1135555556.0,6949.204173,165217.5,2.350743716615976,North America
Saint Lucia,LCA,2006,410368.0,1268319185.0,7669.21347,166361.0,2.4667319864631736,North America
Saint Lucia,LCA,2007,425024.0,1336088815.0,7969.797993,167504.5,2.5373885477703584,North America
Saint Lucia,LCA,2008,425024.0,1437731111.0,8456.694632,168648.0,2.5201840519899434,North America
Saint Lucia,LCA,2009,425024.0,1401507889.0,8137.750991,169791.5,2.503211291495746,North America
Saint Lucia,LCA,2010,487312.0,1486758037.0,8540.07098,170935.0,2.8508614385585163,North America
Saint Lucia,LCA,2011,487312.0,1576988407.0,8983.743733,171872.6,2.8353094094113893,North America
Saint Lucia,LCA,2012,490976.0,1605146778.0,9086.387955,172810.2,2.841128590789201,North America
Saint Lucia,LCA,2013,487312.0,1664816741.0,9378.985047,173747.8,2.8047088941557825,North America
Saint Lucia,LCA,2014,483648.0,1755130815.0,9843.308534,174685.4,2.7686801530064904,North America
Saint Lucia,LCA,2015,479984.0,1808079889.0,10093.61802,175623.0,2.733036105749247,North America
Saint Lucia,LCA,2016,476320.0,1865513430.0,10362.35158,176345.8,2.701056673875987,North America
Saint Lucia,LCA,2017,490976.0,1996771441.0,11034.62983,177068.6,2.7728010499885354,North America
Saint Lucia,LCA,2018,509296.0,2065127263.0,11353.71523,177791.4,2.8645705022852623,North America
Saint Lucia,LCA,2019,501968.03,2118791548.0,11591.08044,178514.2,2.811922132805121,North America
Saint Lucia,LCA,2020,483648.0,1616772748.0,8804.561089,179237.0,2.6983714300060813,North America
Saint Vincent and the Grenadines,VCT,1970,29312.0,18450000.0,203.8651507,98459.0,0.2977076752760032,North America
Saint Vincent and the Grenadines,VCT,1971,29312.0,20051648.18,219.1676488,99361.1,0.2950047855750389,North America
Saint Vincent and the Grenadines,VCT,1972,36640.0,27585488.99,298.1860427,100263.2,0.36543816674512686,North America
Saint Vincent and the Grenadines,VCT,1973,40304.0,30165373.62,322.4208641,101165.3,0.39839747423276556,North America
Saint Vincent and the Grenadines,VCT,1974,32976.0,32924215.86,347.9698985,102067.4,0.32308063103400303,North America
Saint Vincent and the Grenadines,VCT,1975,32976.0,33237164.72,347.4328617,102969.5,0.3202501711671903,North America
Saint Vincent and the Grenadines,VCT,1976,32976.0,32792480.97,339.136668,103871.6,0.3174688750341768,North America
Saint Vincent and the Grenadines,VCT,1977,32976.0,49353161.85,505.1087102,104773.7,0.31473547273791036,North America
Saint Vincent and the Grenadines,VCT,1978,36640.0,60844771.48,616.536676,105675.8,0.34672081971463664,North America
Saint Vincent and the Grenadines,VCT,1979,29312.0,71096359.63,713.4678685,106577.9,0.2750288755924071,North America
Saint Vincent and the Grenadines,VCT,1980,36640.0,82340339.63,818.7691628,107480.0,0.3409006326758467,North America
Saint Vincent and the Grenadines,VCT,1981,36640.0,102086539.3,1006.383534,107980.7,0.33931989698159026,North America
Saint Vincent and the Grenadines,VCT,1982,40304.0,113759203.3,1112.505045,108481.4,0.3715291284957606,North America
Saint Vincent and the Grenadines,VCT,1983,47632.0,122255349.6,1186.541948,108982.1,0.4370626001884713,North America
Saint Vincent and the Grenadines,VCT,1984,65952.0,135024987.8,1301.119602,109482.8,0.6023959927952153,North America
Saint Vincent and the Grenadines,VCT,1985,65952.0,145641705.2,1393.660519,109983.5,0.5996535844012966,North America
Saint Vincent and the Grenadines,VCT,1986,65952.0,160846656.7,1528.713579,110484.2,0.5969360324824726,North America
Saint Vincent and the Grenadines,VCT,1987,76944.0,175580647.4,1657.907062,110984.9,0.6932835007284776,North America
Saint Vincent and the Grenadines,VCT,1988,65952.0,200726712.6,1884.174036,111485.6,0.5915741584563388,North America
Saint Vincent and the Grenadines,VCT,1989,76944.0,214745002.2,2005.631798,111986.3,0.6870840451019455,North America
Saint Vincent and the Grenadines,VCT,1990,80608.0,240366666.7,2236.197812,112487.0,0.7165983624774418,North America
Saint Vincent and the Grenadines,VCT,1991,84272.0,254829629.6,2364.525383,112619.6,0.7482889301684609,North America
Saint Vincent and the Grenadines,VCT,1992,84272.0,277955555.6,2575.069302,112752.2,0.7474089197372645,North America
Saint Vincent and the Grenadines,VCT,1993,102592.0,286307407.4,2650.111143,112884.8,0.9088203194761385,North America
Saint Vincent and the Grenadines,VCT,1994,120912.0,289437037.0,2678.509305,113017.4,1.069852960694548,North America
Saint Vincent and the Grenadines,VCT,1995,128240.01,316007407.4,2924.829997,113150.0,1.1333628811312417,North America
Saint Vincent and the Grenadines,VCT,1996,131904.0,331488888.9,3069.824777,113282.6,1.164380054836312,North America
Saint Vincent and the Grenadines,VCT,1997,131904.0,347770370.4,3223.229718,113415.2,1.1630187135410421,North America
Saint Vincent and the Grenadines,VCT,1998,161216.0,373618518.5,3465.623925,113547.8,1.4198073410493202,North America
Saint Vincent and the Grenadines,VCT,1999,164880.0,390718518.5,3625.720503,113680.4,1.450381947987516,North America
Saint Vincent and the Grenadines,VCT,2000,146560.0,427946038.7,3970.293622,113813.0,1.2877263581488934,North America
Saint Vincent and the Grenadines,VCT,2001,179536.0,462072315.6,4282.690403,113362.5,1.5837335979711105,North America
Saint Vincent and the Grenadines,VCT,2002,186864.0,487763848.9,4512.362727,112912.0,1.6549525294034293,North America
Saint Vincent and the Grenadines,VCT,2003,197856.0,509090899.1,4699.792277,112461.5,1.759322079111518,North America
Saint Vincent and the Grenadines,VCT,2004,219840.0,549900170.1,5067.270274,112011.0,1.9626643811768487,North America
Saint Vincent and the Grenadines,VCT,2005,219840.0,579948909.3,5339.393551,111560.5,1.9705899489514658,North America
Saint Vincent and the Grenadines,VCT,2006,216176.0,643501156.9,5925.315896,111110.0,1.9456034560345603,North America
Saint Vincent and the Grenadines,VCT,2007,234496.0,713596662.2,6575.958035,110659.5,2.119076988419431,North America
Saint Vincent and the Grenadines,VCT,2008,219840.0,732663263.5,6758.823844,110209.0,1.9947554192488817,North America
Saint Vincent and the Grenadines,VCT,2009,278464.0,714300243.8,6595.996452,109758.5,2.5370609110000593,North America
Saint Vincent and the Grenadines,VCT,2010,219840.0,720447880.2,6654.792907,109308.0,2.011197716544077,North America
Saint Vincent and the Grenadines,VCT,2011,216176.0,713796368.7,6590.004789,108742.8,1.987956903813402,North America
Saint Vincent and the Grenadines,VCT,2012,230832.0,730032600.1,6732.444323,108177.6,2.1338243776900208,North America
Saint Vincent and the Grenadines,VCT,2013,219840.0,764781242.7,7040.628615,107612.4,2.042887250911605,North America
Saint Vincent and the Grenadines,VCT,2014,252815.98,770901436.4,7081.065478,107047.2,2.3617243608426937,North America
Saint Vincent and the Grenadines,VCT,2015,234496.0,786554580.8,7207.170759,106482.0,2.2022125805300425,North America
Saint Vincent and the Grenadines,VCT,2016,241824.0,814302267.1,7438.792212,106112.0,2.278950542822678,North America
Saint Vincent and the Grenadines,VCT,2017,216176.0,847620214.8,7717.846546,105742.0,2.0443721510847155,North America
Saint Vincent and the Grenadines,VCT,2018,241824.0,884328180.5,8024.028496,105372.0,2.2949550165129255,North America
Saint Vincent and the Grenadines,VCT,2019,227168.0,910149698.9,8229.722486,105002.0,2.1634635530751796,North America
Saint Vincent and the Grenadines,VCT,2020,245488.0,872134546.8,7860.821354,104632.0,2.3462038382139307,North America
Samoa,WSM,1982,65952.0,121221651.6,770.3215557,165561.2,0.3983542037627173,Oceania
Samoa,WSM,1983,65952.0,111862823.6,706.4499894,165889.3,0.3975663288711207,Oceania
Samoa,WSM,1984,65952.0,109200934.3,685.7502956,166217.4,0.3967815643849561,Oceania
Samoa,WSM,1985,76944.0,95572172.98,597.3447482,166545.5,0.46199987390833136,Oceania
Samoa,WSM,1986,80608.0,100947848.6,628.7548498,166873.6,0.4830482472961571,Oceania
Samoa,WSM,1987,80608.0,111713922.1,694.0391033,167201.7,0.4821003614197702,Oceania
Samoa,WSM,1988,84272.0,133016065.4,824.2975133,167529.8,0.5030269241651336,Oceania
Samoa,WSM,1989,84272.0,122888609.7,758.8761523,167857.9,0.5020436929093001,Oceania
Samoa,WSM,1990,87936.0,125766269.8,772.5343204,168186.0,0.522849702115515,Oceania
Samoa,WSM,1991,95264.0,125597205.4,765.8366184,169768.2,0.5611416036690028,Oceania
Samoa,WSM,1992,98928.0,132303041.4,799.4624531,171350.4,0.5773432685304499,Oceania
Samoa,WSM,1993,102592.0,133122897.2,796.5850105,172932.6,0.5932484679002108,Oceania
Samoa,WSM,1994,95264.0,221098106.5,1310.68479,174514.8,0.545879203368425,Oceania
Samoa,WSM,1995,113584.0,224865731.4,1322.35067,176097.0,0.6450081489179259,Oceania
Samoa,WSM,1996,124576.0,249908970.7,1460.047151,177679.2,0.70112877590624,Oceania
Samoa,WSM,1997,124576.0,285475591.9,1659.114822,179261.4,0.6949404612482107,Oceania
Samoa,WSM,1998,142896.0,269481523.2,1559.147665,180843.6,0.7901634340391366,Oceania
Samoa,WSM,1999,135568.0,255410025.2,1471.205058,182425.8,0.74314049876717,Oceania
Samoa,WSM,2000,142896.0,258856138.7,1483.807415,184008.0,0.7765749315247163,Oceania
Samoa,WSM,2001,153888.0,266299603.5,1518.29369,185074.4,0.8314926321522588,Oceania
Samoa,WSM,2002,161216.0,281793614.9,1597.378918,186140.8,0.866097062008974,Oceania
Samoa,WSM,2003,157552.0,333428714.4,1878.672728,187207.2,0.8415915627176732,Oceania
Samoa,WSM,2004,164880.0,407749576.9,2283.070695,188273.6,0.8757467855291448,Oceania
Samoa,WSM,2005,168544.0,476801791.1,2652.996245,189340.0,0.890165839231013,Oceania
Samoa,WSM,2006,172208.0,499923741.4,2763.933685,190406.4,0.9044233807266983,Oceania
Samoa,WSM,2007,179536.0,573548460.4,3150.586176,191472.8,0.937657985886246,Oceania
Samoa,WSM,2008,161216.0,641346174.9,3499.460768,192539.2,0.8373152064618529,Oceania
Samoa,WSM,2009,168544.0,628006123.3,3402.849714,193605.6,0.8705533311019928,Oceania
Samoa,WSM,2010,183200.0,663161528.4,3566.458334,194672.0,0.941070107668283,Oceania
Samoa,WSM,2011,190528.0,737401684.1,3933.459314,196451.8,0.9698460385702753,Oceania
Samoa,WSM,2012,186864.0,760549577.7,4022.177798,198231.6,0.94265495511311,Oceania
Samoa,WSM,2013,194192.0,770059565.0,4037.813902,200011.4,0.9709046584344693,Oceania
Samoa,WSM,2014,201520.0,756805950.2,3937.186298,201791.2,0.9986560365367766,Oceania
Samoa,WSM,2015,227168.0,788307314.9,4073.729083,203571.0,1.1159153317515755,Oceania
Samoa,WSM,2016,238160.0,799493897.5,4109.663296,205842.6,1.1570005431334427,Oceania
Samoa,WSM,2017,245488.0,832025556.1,4258.978675,208114.2,1.1795831327223225,Oceania
Samoa,WSM,2018,238160.0,821286938.9,4187.504787,210385.8,1.1320155637880505,Oceania
Samoa,WSM,2019,271136.0,852007104.7,4322.868416,212657.4,1.274989725257621,Oceania
Samoa,WSM,2020,241824.0,807147527.6,4068.078865,214929.0,1.125134346691233,Oceania
Sao Tome and Principe,STP,2001,51296.0,75951210.69,524.6698721,147556.4,0.3476365647305031,Africa
Sao Tome and Principe,STP,2002,58624.0,85171308.17,577.628404,151398.8,0.3872157507192924,Africa
Sao Tome and Principe,STP,2003,65952.0,102085583.5,678.7379639,155241.2,0.42483567506563974,Africa
Sao Tome and Principe,STP,2004,73280.0,114582561.6,745.3202999,159083.6,0.4606383058970252,Africa
Sao Tome and Principe,STP,2005,76944.0,136450274.7,866.5049956,162926.0,0.4722634815805949,Africa
Sao Tome and Principe,STP,2006,84272.0,142775597.3,883.0970413,166768.4,0.505323550504772,Africa
Sao Tome and Principe,STP,2007,84272.0,149146423.1,896.8677913,170610.8,0.4939429391339822,Africa
Sao Tome and Principe,STP,2008,84272.0,188021190.6,1098.755219,174453.2,0.48306365260138534,Africa
Sao Tome and Principe,STP,2009,91600.0,187820464.6,1067.908053,178295.6,0.513753564305569,Africa
Sao Tome and Principe,STP,2010,102592.0,196652514.3,1090.260763,182138.0,0.5632652164842042,Africa
Sao Tome and Principe,STP,2011,98928.0,231489270.1,1254.541598,185935.2,0.5320563293018212,Africa
Sao Tome and Principe,STP,2012,109920.0,250680845.7,1330.620114,189732.4,0.5793422736443539,Africa
Sao Tome and Principe,STP,2013,109920.0,300554483.6,1564.768548,193529.6,0.5679751314527597,Africa
Sao Tome and Principe,STP,2014,128240.01,346528329.2,1770.467688,197326.8,0.6498864320507909,Africa
Sao Tome and Principe,STP,2015,135568.0,316066072.3,1584.775657,201124.0,0.6740518287225791,Africa
Sao Tome and Principe,STP,2016,150224.0,345495615.0,1700.097997,204627.4,0.7341343339161813,Africa
Sao Tome and Principe,STP,2017,139232.0,375614126.2,1813.807434,208130.8,0.6689639399838948,Africa
Sao Tome and Principe,STP,2018,139232.0,412253809.7,1953.513257,211634.2,0.6578898873622505,Africa
Sao Tome and Principe,STP,2019,142896.0,427425039.7,1987.579702,215137.6,0.6642074653617034,Africa
Sao Tome and Principe,STP,2020,139232.0,472914469.9,2157.840446,218641.0,0.6368064544161434,Africa
Saudi Arabia,SAU,1970,45251332.0,5377268848.0,921.3350532,6106191.0,7.410729864165729,Asia
Saudi Arabia,SAU,1971,59756656.0,7184863276.0,1177.724612,6512742.9,9.175343924600494,Asia
Saudi Arabia,SAU,1972,70281710.0,9664067930.0,1511.670381,6919294.8,10.157351584441814,Asia
Saudi Arabia,SAU,1973,95053576.0,14947491056.0,2227.006073,7325846.7,12.975097608853869,Asia
Saudi Arabia,SAU,1974,98701896.0,45412971910.0,6437.41809,7732398.6,12.764719087295889,Asia
Saudi Arabia,SAU,1975,83260890.0,46773303721.0,6304.116447,8138950.5,10.229929522239999,Asia
Saudi Arabia,SAU,1976,101459590.0,64005623870.0,8202.77002,8545502.4,11.872864256641014,Asia
Saudi Arabia,SAU,1977,118070470.0,74188363505.0,9038.879186,8952054.3,13.189203957353117,Asia
Saudi Arabia,SAU,1978,115024584.0,80265732292.0,9282.661166,9358606.2,12.290781505476746,Asia
Saudi Arabia,SAU,1979,138004740.0,111860000000.0,12241.25715,9765158.1,14.132361052096023,Asia
Saudi Arabia,SAU,1980,169240420.0,164542000000.0,16977.98593,10171710.0,16.6383449783763,Asia
Saudi Arabia,SAU,1981,175304530.0,184292000000.0,17871.992,10755015.3,16.29979364139073,Asia
Saudi Arabia,SAU,1982,157893280.0,153239000000.0,13944.95128,11338320.6,13.925631984687397,Asia
Saudi Arabia,SAU,1983,160836960.0,129172000000.0,11039.2398,11921625.9,13.491193344693025,Asia
Saudi Arabia,SAU,1984,155512380.0,119625000000.0,9632.538746,12504931.2,12.43608441444284,Asia
Saudi Arabia,SAU,1985,172421180.0,103898000000.0,7919.651547,13088236.5,13.173751864890278,Asia
Saudi Arabia,SAU,1986,204603790.0,86962013011.0,6304.259838,13671541.8,14.965670514206378,Asia
Saudi Arabia,SAU,1987,190446880.0,85695941760.0,5932.29551,14254847.1,13.360148913838579,Asia
Saudi Arabia,SAU,1988,202251920.0,88256162069.0,5856.382339,14838152.4,13.630532599193414,Asia
Saudi Arabia,SAU,1989,203423890.0,95344352822.0,6085.956465,15421457.7,13.190963782885454,Asia
Saudi Arabia,SAU,1990,208497000.0,117630000000.0,7246.01592,16004763.0,13.02718447002308,Asia
Saudi Arabia,SAU,1991,288545500.0,132223000000.0,7883.245268,16559025.7,17.425270376867644,Asia
Saudi Arabia,SAU,1992,316174700.0,137088000000.0,7932.093233,17113288.4,18.475391322219522,Asia
Saudi Arabia,SAU,1993,340642430.0,132968000000.0,7485.541756,17667551.1,19.28068174654947,Asia
Saudi Arabia,SAU,1994,333643000.0,135175000000.0,7421.289194,18221813.8,18.31008722084516,Asia
Saudi Arabia,SAU,1995,268131870.0,143343000000.0,7690.576284,18776076.5,14.280505834112894,Asia
Saudi Arabia,SAU,1996,263325840.0,158662000000.0,8335.804742,19330339.2,13.622411757782295,Asia
Saudi Arabia,SAU,1997,221670030.0,165964000000.0,8551.676059,19884601.9,11.14782338187017,Asia
Saudi Arabia,SAU,1998,213156900.0,146775000000.0,7419.161144,20438864.6,10.428999074635486,Asia
Saudi Arabia,SAU,1999,231482460.0,161717000000.0,8007.958194,20993127.3,11.026582971275555,Asia
Saudi Arabia,SAU,2000,302328160.0,189515000000.0,9171.331476,21547390.0,14.030848283713247,Asia
Saudi Arabia,SAU,2001,302702800.0,184137000000.0,8684.645762,22333843.9,13.553546866153212,Asia
Saudi Arabia,SAU,2002,331979800.0,189606000000.0,8695.396483,23120297.8,14.358802938948303,Asia
Saudi Arabia,SAU,2003,333990700.0,215808000000.0,9609.968686,23906751.7,13.970559622284444,Asia
Saudi Arabia,SAU,2004,401013200.0,258742000000.0,11185.13704,24693205.6,16.23981942627975,Asia
Saudi Arabia,SAU,2005,402847700.0,328460000000.0,13791.45476,25479659.5,15.81056057676124,Asia
Saudi Arabia,SAU,2006,439116930.0,376900000000.0,15384.73836,26266113.4,16.718001758113175,Asia
Saudi Arabia,SAU,2007,394102820.0,415965000000.0,16516.63178,27052567.3,14.568037688607838,Asia
Saudi Arabia,SAU,2008,440343600.0,519797000000.0,20078.26007,27839021.2,15.817495767415846,Asia
Saudi Arabia,SAU,2009,473214880.0,429098000000.0,16113.14371,28625475.1,16.531249816706097,Asia
Saudi Arabia,SAU,2010,524604130.0,528207000000.0,19262.5476,29411929.0,17.83644078564177,Asia
Saudi Arabia,SAU,2011,502926100.0,671239000000.0,23745.88058,30079512.8,16.719888495002486,Asia
Saudi Arabia,SAU,2012,566825500.0,735975000000.0,25243.602,30747096.6,18.43509022572232,Asia
Saudi Arabia,SAU,2013,544563500.0,746647000000.0,24845.12466,31414680.4,17.33468216343847,Asia
Saudi Arabia,SAU,2014,612841900.0,756350000000.0,24464.21256,32082264.2,19.102202269127876,Asia
Saudi Arabia,SAU,2015,678849300.0,654270000000.0,20627.92178,32749848.0,20.728319105481038,Asia
Saudi Arabia,SAU,2016,697420300.0,644936000000.0,19878.76817,33399299.8,20.881285062149715,Asia
Saudi Arabia,SAU,2017,680853950.0,688586000000.0,20802.46179,34048751.6,19.996443863745064,Asia
Saudi Arabia,SAU,2018,686896300.0,816579000000.0,24228.83904,34698203.4,19.79630737884256,Asia
Saudi Arabia,SAU,2019,707125250.0,803616000000.0,23450.56202,35347655.2,20.004870082584713,Asia
Saudi Arabia,SAU,2020,610772900.0,703368000000.0,20203.66888,35997107.0,16.967277398153136,Asia
Senegal,SEN,1970,1307067.0,1297407829.0,304.7340906,4367744.0,0.29925448927409665,Africa
Senegal,SEN,1971,1351035.0,1339548824.0,305.3080464,4501356.5,0.3001395246077488,Africa
Senegal,SEN,1972,1453241.0,1620857277.0,358.3679264,4634969.0,0.3135384508504803,Africa
Senegal,SEN,1973,1548683.0,1863398448.0,399.8086239,4768581.5,0.32476806782058776,Africa
Senegal,SEN,1974,1848983.0,2099324950.0,437.6157344,4902194.0,0.3771745875418231,Africa
Senegal,SEN,1975,2578000.0,2830388405.0,574.1332295,5035806.5,0.5119338878489473,Africa
Senegal,SEN,1976,1769696.0,2869777812.0,567.444141,5169419.0,0.34233943891953816,Africa
Senegal,SEN,1977,2237336.0,2938046307.0,567.0256629,5303031.5,0.4218975504859815,Africa
Senegal,SEN,1978,2619597.0,3280354339.0,618.1550892,5436644.0,0.48184081944670276,Africa
Senegal,SEN,1979,2888139.0,4084878668.0,751.0253442,5570256.5,0.5184929993798311,Africa
Senegal,SEN,1980,3336441.0,4510107330.0,807.8059295,5703869.0,0.5849434830989281,Africa
Senegal,SEN,1981,3279857.0,4095892072.0,713.5152286,5887082.2,0.5571277737552229,Africa
Senegal,SEN,1982,3036573.0,4013950869.0,679.2100742,6070295.4,0.5002347991170248,Africa
Senegal,SEN,1983,2611411.0,3569356462.0,586.1429002,6253508.6,0.4175913342471457,Africa
Senegal,SEN,1984,3284168.0,3485165161.0,555.1906931,6436721.8,0.5102236980321256,Africa
Senegal,SEN,1985,2650504.0,3818944603.0,590.1329701,6619935.0,0.4003821789790987,Africa
Senegal,SEN,1986,2636446.0,5392093508.0,808.3292307,6803148.2,0.3875332305711053,Africa
Senegal,SEN,1987,2424574.0,6487352283.0,943.5124978,6986361.4,0.34704388467507563,Africa
Senegal,SEN,1988,2710809.0,6418419798.0,905.7090934,7169574.6,0.37809900185709766,Africa
Senegal,SEN,1989,3661877.0,6366039353.0,871.6409618,7352787.8,0.49802566041685575,Africa
Senegal,SEN,1990,3138804.0,7390967035.0,982.0178763,7536001.0,0.4165079065143436,Africa
Senegal,SEN,1991,3379206.0,7255210701.0,935.4919598,7752829.6,0.4358674412242983,Africa
Senegal,SEN,1992,3422666.0,7769817869.0,972.4318336,7969658.2,0.4294620815733352,Africa
Senegal,SEN,1993,3538709.0,7367985695.0,895.6132848,8186486.8,0.4322622251097992,Africa
Senegal,SEN,1994,3836950.0,5034588159.0,595.0300068,8403315.4,0.45659954641236006,Africa
Senegal,SEN,1995,3430121.0,6326342963.0,727.9896576,8620144.0,0.3979192226951197,Africa
Senegal,SEN,1996,3664147.0,6559712551.0,735.9819092,8836972.6,0.41463826650316876,Africa
Senegal,SEN,1997,3182368.0,6041478436.0,661.6537598,9053801.2,0.3514952371607188,Africa
Senegal,SEN,1998,3333565.0,6505607633.0,695.9523781,9270629.8,0.359583444913311,Africa
Senegal,SEN,1999,3603593.0,6592835458.0,688.9988969,9487458.4,0.3798270145774763,Africa
Senegal,SEN,2000,3902052.0,6013184809.0,613.7323845,9704287.0,0.4020956923471039,Africa
Senegal,SEN,2001,4258100.0,6507824767.0,648.4414733,9986870.4,0.4263698065011437,Africa
Senegal,SEN,2002,4436925.0,7006402592.0,681.3118508,10269453.8,0.4320507289297119,Africa
Senegal,SEN,2003,4927512.0,8768721956.0,831.8310403,10552037.2,0.4669725766319323,Africa
Senegal,SEN,2004,5238223.0,10076817278.0,932.1680954,10834620.6,0.48347082868780844,Africa
Senegal,SEN,2005,5538919.0,11009032665.0,992.6880581,11117204.0,0.49822950087090245,Africa
Senegal,SEN,2006,4422390.0,11697918803.0,1027.731441,11399787.4,0.38793618203792113,Africa
Senegal,SEN,2007,4862531.0,13994218939.0,1197.409561,11682370.8,0.416228099864798,Africa
Senegal,SEN,2008,4740295.0,16853991177.0,1403.949385,11964954.2,0.3961816251666053,Africa
Senegal,SEN,2009,5257668.0,16145868285.0,1308.937808,12247537.6,0.42928367903112213,Africa
Senegal,SEN,2010,6862391.0,16121314671.0,1271.583281,12530121.0,0.5476715667789641,Africa
Senegal,SEN,2011,7818837.0,17814284622.0,1366.774501,12895333.0,0.6063307554756437,Africa
Senegal,SEN,2012,7362129.0,17660871726.0,1317.779802,13260545.0,0.5551905294993531,Africa
Senegal,SEN,2013,7852669.0,18918668644.0,1372.665779,13625757.0,0.5763106592903425,Africa
Senegal,SEN,2014,8724360.0,19797254643.0,1396.657339,13990969.0,0.6235708191476945,Africa
Senegal,SEN,2015,9845416.0,17774766636.0,1219.249415,14356181.0,0.6857963131002598,Africa
Senegal,SEN,2016,10015698.0,19040312815.0,1269.903294,14772168.6,0.6780113516982199,Africa
Senegal,SEN,2017,10760131.0,20996564752.0,1361.701972,15188156.2,0.7084553818323254,Africa
Senegal,SEN,2018,11330392.0,23116897847.0,1458.081584,15604143.8,0.7261143030481428,Africa
Senegal,SEN,2019,12713021.0,23398811424.0,1435.830367,16020131.4,0.793565338671317,Africa
Senegal,SEN,2020,10820952.0,24493157583.0,1462.808169,16436119.0,0.6583641795243755,Africa
Serbia,SRB,1995,39140836.0,16832598870.0,2207.450598,7961275.5,4.916402654323418,Europe
Serbia,SRB,1996,45824660.0,21818007449.0,2864.084727,7956024.8,5.7597432325751425,Europe
Serbia,SRB,1997,49264636.0,25676488000.0,3380.041416,7950774.1,6.196206228523082,Europe
Serbia,SRB,1998,51882060.0,19457979423.0,2571.17271,7945523.4,6.529722132591038,Europe
Serbia,SRB,1999,35790748.0,19388663551.0,2571.30404,7940272.7,4.507496071262136,Europe
Serbia,SRB,2000,44950190.0,6875845987.0,914.7857199,7935022.0,5.664784546281031,Europe
Serbia,SRB,2001,49307930.0,12960538724.0,1727.281196,7906894.6,6.23606769717153,Europe
Serbia,SRB,2002,52229868.0,17120906918.0,2283.846685,7878767.2,6.629192952927966,Europe
Serbia,SRB,2003,55823540.0,22482365322.0,3005.426352,7850639.8,7.110699436242126,Europe
Serbia,SRB,2004,60166740.0,26141968161.0,3502.802924,7822512.4,7.691485410748598,Europe
Serbia,SRB,2005,51634110.0,27683225959.0,3720.479155,7794385.0,6.624526502090928,Europe
Serbia,SRB,2006,60838316.0,32482070360.0,4382.617279,7766257.6,7.833672166630167,Europe
Serbia,SRB,2007,59554388.0,43170990616.0,5848.476405,7738130.2,7.696224599580916,Europe
Serbia,SRB,2008,51778176.0,52194221469.0,7101.040141,7710002.8,6.715714292607002,Europe
Serbia,SRB,2009,45895096.0,45162894381.0,6169.114195,7681875.4,5.974465037534975,Europe
Serbia,SRB,2010,45696428.0,41819468692.0,5735.422857,7653748.0,5.970464143841684,Europe
Serbia,SRB,2011,48957080.0,49258136129.0,6809.159804,7626897.6,6.419003186826581,Europe
Serbia,SRB,2012,43744160.0,43309252921.0,6015.945228,7600047.2,5.7557747799250505,Europe
Serbia,SRB,2013,44569116.0,48394239475.0,6755.073675,7573196.8,5.885112611889341,Europe
Serbia,SRB,2014,37207988.0,47062206678.0,6600.056809,7546346.4,4.930596347922751,Europe
Serbia,SRB,2015,43773750.0,39655958843.0,5588.980728,7519496.0,5.821367549101695,Europe
Serbia,SRB,2016,45039824.0,40692643373.0,5765.200762,7487197.8,6.015578218061769,Europe
Serbia,SRB,2017,45529550.0,44179055280.0,6292.543629,7454899.6,6.107332417997957,Europe
Serbia,SRB,2018,44320356.0,50640650221.0,7252.401858,7422601.4,5.971000409640749,Europe
Serbia,SRB,2019,44278484.0,51514222382.0,7417.203649,7390303.2,5.991429959193014,Europe
Serbia,SRB,2020,45169760.0,53335016425.0,7730.691746,7358005.0,6.138859650136144,Europe
Seychelles,SYC,1970,29312.0,18432031.36,343.8811821,54379.0,0.5390316114676621,Africa
Seychelles,SYC,1971,32976.0,21965951.72,401.6080395,55470.1,0.5944824328782533,Africa
Seychelles,SYC,1972,43968.0,30645121.01,546.9510613,56561.2,0.7773526728570116,Africa
Seychelles,SYC,1973,47632.0,36896278.22,648.5319241,57652.3,0.8261942715208239,Africa
Seychelles,SYC,1974,54960.0,43134498.69,744.5069419,58743.4,0.9355944667826513,Africa
Seychelles,SYC,1975,58624.0,47803145.96,806.2326445,59834.5,0.9797691967009,Africa
Seychelles,SYC,1976,80608.0,49278979.55,814.474738,60925.6,1.323056317869664,Africa
Seychelles,SYC,1977,84272.0,64526398.66,1044.353068,62016.7,1.3588597909917812,Africa
Seychelles,SYC,1978,76944.0,85552369.91,1376.546579,63107.8,1.2192470661312864,Africa
Seychelles,SYC,1979,120912.0,127261099.2,2030.135903,64198.9,1.883396756019184,Africa
Seychelles,SYC,1980,95264.0,147357222.8,2329.353358,65290.0,1.4590902128963088,Africa
Seychelles,SYC,1981,98928.0,154902869.0,2419.034419,65866.7,1.5019425597456681,Africa
Seychelles,SYC,1982,84272.0,147912069.8,2296.307729,66443.4,1.2683276292302923,Africa
Seychelles,SYC,1983,98928.0,146712850.5,2280.451551,67020.1,1.4760944850873094,Africa
Seychelles,SYC,1984,98928.0,151313242.0,2338.075652,67596.8,1.4635012308274948,Africa
Seychelles,SYC,1985,150224.0,168887539.1,2588.552804,68173.5,2.2035541669417,Africa
Seychelles,SYC,1986,164880.0,207850623.6,3165.945038,68750.2,2.3982475687343454,Africa
Seychelles,SYC,1987,201520.0,249267039.8,3638.988011,69326.9,2.9068081797974528,Africa
Seychelles,SYC,1988,197856.0,283828769.0,4128.118232,69903.6,2.830412167613685,Africa
Seychelles,SYC,1989,234496.0,304832867.4,4407.20094,70480.3,3.327114101387196,Africa
Seychelles,SYC,1990,150224.0,368584758.9,5302.843727,71057.0,2.114133723630325,Africa
Seychelles,SYC,1991,172208.0,374359556.1,5314.663128,71957.3,2.3931970765995945,Africa
Seychelles,SYC,1992,172208.0,433667193.8,6128.445569,72857.6,2.363624385101897,Africa
Seychelles,SYC,1993,183200.0,473916819.5,6559.129994,73757.9,2.4838017351361685,Africa
Seychelles,SYC,1994,201520.0,486451204.6,6555.504407,74658.2,2.6992346453571074,Africa
Seychelles,SYC,1995,197856.0,508221508.2,6748.931109,75558.5,2.6185803053263363,Africa
Seychelles,SYC,1996,234496.0,503068472.2,6583.201018,76458.8,3.0669589373623443,Africa
Seychelles,SYC,1997,274800.0,562958836.5,7280.989621,77359.1,3.552264698012257,Africa
Seychelles,SYC,1998,289456.0,608369282.2,7715.918147,78259.4,3.698673897320961,Africa
Seychelles,SYC,1999,304112.0,622985493.7,7747.612159,79159.7,3.8417528110894814,Africa
Seychelles,SYC,2000,315104.0,614879764.8,7578.851053,80060.0,3.935848113914564,Africa
Seychelles,SYC,2001,344416.0,622262057.2,7663.13708,81294.9,4.23662492973114,Africa
Seychelles,SYC,2002,348080.0,697518248.2,8331.261997,82529.8,4.217628056774644,Africa
Seychelles,SYC,2003,340752.0,705704816.0,8524.961236,83764.7,4.067966577806642,Africa
Seychelles,SYC,2004,370064.0,839319927.3,10176.65871,84999.6,4.353714605715791,Africa
Seychelles,SYC,2005,381056.0,919103254.5,11092.51074,86234.5,4.41883468913254,Africa
Seychelles,SYC,2006,384720.0,1016418229.0,12014.39987,87469.4,4.398338161688545,Africa
Seychelles,SYC,2007,403040.0,1033561654.0,12154.82994,88704.3,4.543635426918424,Africa
Seychelles,SYC,2008,414032.0,967199594.0,11122.86207,89939.2,4.603465452216609,Africa
Seychelles,SYC,2009,439680.0,847397850.1,9706.95606,91174.1,4.822422157169634,Africa
Seychelles,SYC,2010,443344.0,969940010.2,10804.7233,92409.0,4.797627936672835,Africa
Seychelles,SYC,2011,406704.0,1065823923.0,12189.06375,93775.2,4.337010211655107,Africa
Seychelles,SYC,2012,425024.0,1059496470.0,11998.41987,95141.4,4.467287637137987,Africa
Seychelles,SYC,2013,414032.0,1328089686.0,14764.91886,96507.6,4.290149169599078,Africa
Seychelles,SYC,2014,458000.0,1387577763.0,15188.18905,97873.8,4.679495431872472,Africa
Seychelles,SYC,2015,498304.0,1415998663.0,15157.50183,99240.0,5.021201128577187,Africa
Seychelles,SYC,2016,553264.0,1490226454.0,15740.11063,100498.0,5.505223984556906,Africa
Seychelles,SYC,2017,575248.0,1573428277.0,16416.72607,101756.0,5.653209638743661,Africa
Seychelles,SYC,2018,600896.0,1636310049.0,16910.66792,103014.0,5.8331488923835595,Africa
Seychelles,SYC,2019,593568.0,1684228529.0,17252.02078,104272.0,5.692496547491177,Africa
Seychelles,SYC,2020,608224.0,1200634489.0,12193.88687,105530.0,5.763517483180139,Africa
Sierra Leone,SLE,1970,857376.0,434410373.8,158.2614873,2778557.0,0.30856880028014544,Africa
Sierra Leone,SLE,1971,802416.0,419549425.1,149.9072346,2837449.0,0.282794862568455,Africa
Sierra Leone,SLE,1972,677840.0,465381090.0,163.0132868,2896341.0,0.23403321639268304,Africa
Sierra Leone,SLE,1973,538608.0,575230234.4,197.4465226,2955233.0,0.18225568000898745,Africa
Sierra Leone,SLE,1974,520288.0,648590642.9,218.0792685,3014125.0,0.17261659685646746,Africa
Sierra Leone,SLE,1975,523952.0,679335901.1,223.6748635,3073017.0,0.17050084656218953,Africa
Sierra Leone,SLE,1976,450672.0,594895672.3,191.7413237,3131909.0,0.14389690121903287,Africa
Sierra Leone,SLE,1977,512960.03,691777758.4,218.1918006,3190801.0,0.16076215031899516,Africa
Sierra Leone,SLE,1978,710816.0,960728338.9,296.4441449,3249693.0,0.21873327726649872,Africa
Sierra Leone,SLE,1979,677840.0,1109374722.0,334.8038972,3308585.0,0.2048730801838248,Africa
Sierra Leone,SLE,1980,608224.0,1100685845.0,324.8303951,3367477.0,0.18061712077023837,Africa
Sierra Leone,SLE,1981,692496.0,1114830472.0,321.8227789,3463268.1,0.1999544880744289,Africa
Sierra Leone,SLE,1982,553264.0,1295361886.0,365.9044852,3559059.2,0.15545231728654582,Africa
Sierra Leone,SLE,1983,688832.0,995104305.3,274.9017793,3654850.3,0.1884706468004996,Africa
Sierra Leone,SLE,1984,615552.0,1087471862.0,293.3157246,3750641.4,0.16411912906416487,Africa
Sierra Leone,SLE,1985,663184.0,856890498.6,225.1831913,3846432.5,0.17241534850800058,Africa
Sierra Leone,SLE,1986,674176.0,490181456.6,125.1521265,3942223.6,0.17101414541782967,Africa
Sierra Leone,SLE,1987,498304.0,701307602.3,173.670346,4038014.7,0.12340321594173492,Africa
Sierra Leone,SLE,1988,458000.0,1055083945.0,253.83121,4133805.8,0.11079378716823128,Africa
Sierra Leone,SLE,1989,373728.0,932974411.9,219.2946023,4229596.9,0.08836019337918466,Africa
Sierra Leone,SLE,1990,498304.0,649644826.8,150.3889975,4325388.0,0.11520446258231631,Africa
Sierra Leone,SLE,1991,556928.0,779981458.9,179.3612103,4351255.9,0.12799247224232432,Africa
Sierra Leone,SLE,1992,282128.0,679997997.6,156.4031039,4377123.8,0.06445511091095939,Africa
Sierra Leone,SLE,1993,263808.0,768812334.8,177.5972628,4402991.7,0.0599156250964543,Africa
Sierra Leone,SLE,1994,274800.0,911915970.7,211.5922322,4428859.6,0.06204757540744801,Africa
Sierra Leone,SLE,1995,223504.0,870758739.4,202.3160428,4454727.5,0.05017231693745577,Africa
Sierra Leone,SLE,1996,230832.0,941742152.7,218.3668902,4480595.4,0.05151815314545026,Africa
Sierra Leone,SLE,1997,205184.0,850218033.6,196.1153817,4506463.3,0.045531048705089866,Africa
Sierra Leone,SLE,1998,219840.0,672375927.3,153.458492,4532331.2,0.048504840069940165,Africa
Sierra Leone,SLE,1999,175872.0,669384768.9,150.0064246,4558199.1,0.03858365905956149,Africa
Sierra Leone,SLE,2000,271136.0,635874002.2,138.6987225,4584067.0,0.05914747755650168,Africa
Sierra Leone,SLE,2001,370064.0,1090467712.0,229.3756595,4769330.1,0.07759244846566607,Africa
Sierra Leone,SLE,2002,501968.03,1253340520.0,252.396007,4954593.2,0.10131367192769732,Africa
Sierra Leone,SLE,2003,534944.0,1385810072.0,266.4469054,5139856.3,0.10407761788982312,Africa
Sierra Leone,SLE,2004,520288.0,1448536631.0,266.5693713,5325119.4,0.09770447588461584,Africa
Sierra Leone,SLE,2005,425024.0,1650494367.0,292.3490663,5510382.5,0.0771314876961808,Africa
Sierra Leone,SLE,2006,578912.0,1885112202.0,323.3890184,5695645.6,0.10164115548200542,Africa
Sierra Leone,SLE,2007,487312.0,2158496873.0,360.3716605,5880908.7,0.0828633847010752,Africa
Sierra Leone,SLE,2008,505631.97,2505458705.0,408.4810085,6066171.8,0.08335272832200367,Africa
Sierra Leone,SLE,2009,501968.03,2453899847.0,391.200943,6251434.9,0.08029645001981865,Africa
Sierra Leone,SLE,2010,542272.0,2578026297.0,401.8348761,6436698.0,0.0842469228787804,Africa
Sierra Leone,SLE,2011,710816.0,2942546781.0,448.3376621,6612313.0,0.10749884344555377,Africa
Sierra Leone,SLE,2012,831728.0,3801862611.0,566.3782351,6787928.0,0.12253046879695836,Africa
Sierra Leone,SLE,2013,1047904.0,4920343195.0,716.8358269,6963543.0,0.1504843152401012,Africa
Sierra Leone,SLE,2014,1128512.0,5015157816.0,714.6997957,7139158.0,0.15807354312651437,Africa
Sierra Leone,SLE,2015,1084544.0,4218723875.0,588.2288628,7314773.0,0.14826762224883808,Africa
Sierra Leone,SLE,2016,1142807.0,3674794530.0,501.4151655,7498612.2,0.1524024672192009,Africa
Sierra Leone,SLE,2017,1088208.0,3719369107.0,496.6822949,7682451.4,0.141648536819901,Africa
Sierra Leone,SLE,2018,1029186.94,4085114794.0,533.9915333,7866290.6,0.13083510288826605,Africa
Sierra Leone,SLE,2019,1003936.06,4076578543.0,521.7548367,8050129.8,0.12471054317658332,Africa
Sierra Leone,SLE,2020,1025920.06,4063289450.0,509.376594,8233969.0,0.1245960556810452,Africa
Singapore,SGP,1970,17832688.0,1920586698.0,925.8039129,2061831.0,8.648957164772476,Asia
Singapore,SGP,1971,16275421.0,2263785444.0,1071.41154,2095720.8,7.7660254171261744,Asia
Singapore,SGP,1972,21720192.0,2721440981.0,1264.375107,2129610.6,10.19913781420885,Asia
Singapore,SGP,1973,20690608.0,3696213333.0,1685.459796,2163500.4,9.563487023159322,Asia
Singapore,SGP,1974,21427072.0,5221534956.0,2341.705514,2197390.2,9.75114570002178,Asia
Singapore,SGP,1975,23863632.0,5633673930.0,2489.911575,2231280.0,10.695041411207917,Asia
Singapore,SGP,1976,29337648.0,6327077974.0,2758.94038,2265169.8,12.951633029894714,Asia
Singapore,SGP,1977,27611904.0,6618585074.0,2846.335988,2299059.6,12.010086210901187,Asia
Singapore,SGP,1978,32463040.0,7517176355.0,3193.905657,2332949.4,13.915021045891523,Asia
Singapore,SGP,1979,35419820.0,9296921724.0,3900.533553,2366839.2,14.965030154984756,Asia
Singapore,SGP,1980,30433184.0,11896256783.0,4928.139118,2400729.0,12.676642803081897,Asia
Singapore,SGP,1981,25706624.0,14175228844.0,5596.585977,2462877.0,10.437640206961209,Asia
Singapore,SGP,1982,28381510.0,16084252378.0,6077.634241,2525025.0,11.240090692171364,Asia
Singapore,SGP,1983,33397362.0,17784112150.0,6633.236674,2587173.0,12.908824419549832,Asia
Singapore,SGP,1984,31968554.0,19749361098.0,7228.317584,2649321.0,12.066697089556154,Asia
Singapore,SGP,1985,32397088.0,19156532746.0,7001.766748,2711469.0,11.94816831761676,Asia
Singapore,SGP,1986,34100850.0,18586746057.0,6799.930363,2773617.0,12.294722018216646,Asia
Singapore,SGP,1987,31810848.0,20919215578.0,7539.029302,2835765.0,11.217730665270219,Asia
Singapore,SGP,1988,35280656.0,25371462488.0,8914.441226,2897913.0,12.174504893694186,Asia
Singapore,SGP,1989,41003824.0,30465364739.0,10394.539,2960061.0,13.852357772356719,Asia
Singapore,SGP,1990,43535576.0,36144336769.0,11861.75616,3022209.0,14.405216846353115,Asia
Singapore,SGP,1991,44235470.0,45466164978.0,14502.37999,3125348.3,14.153772877090212,Asia
Singapore,SGP,1992,47441470.0,52130263966.0,16135.91365,3228487.6,14.694642160000862,Asia
Singapore,SGP,1993,49661856.0,60603478153.0,18290.02824,3331626.9,14.906187724681898,Asia
Singapore,SGP,1994,60085936.0,73690847191.0,21553.0309,3434766.2,17.493457342162035,Asia
Singapore,SGP,1995,40545824.0,87810991957.0,24914.41126,3537905.5,11.460403337511417,Asia
Singapore,SGP,1996,48012940.0,96295886525.0,26233.6289,3641044.8,13.186583147782198,Asia
Singapore,SGP,1997,56737040.0,100124000000.0,26375.97195,3744184.1,15.153378809551592,Asia
Singapore,SGP,1998,47412160.0,85728310229.0,21829.29987,3847323.4,12.323414246902145,Asia
Singapore,SGP,1999,49200190.0,86284660767.0,21796.08444,3950462.7,12.454285418262524,Asia
Singapore,SGP,2000,48394110.0,96074477958.0,23852.32703,4053602.0,11.93854502736085,Asia
Singapore,SGP,2001,49200212.0,89794943350.0,21700.02005,4164600.8,11.81390831025149,Asia
Singapore,SGP,2002,47093390.0,92537752709.0,22159.68886,4275599.6,11.014452803298045,Asia
Singapore,SGP,2003,49434690.0,97645448284.0,23730.15245,4386598.4,11.269481610169738,Asia
Singapore,SGP,2004,46858896.0,115035000000.0,27608.53737,4497597.2,10.418651096634443,Asia
Singapore,SGP,2005,41586400.0,127808000000.0,29961.26328,4608596.0,9.023659266292814,Asia
Singapore,SGP,2006,42308210.0,148630000000.0,33769.15416,4719594.8,8.964373382223407,Asia
Singapore,SGP,2007,30781264.0,180942000000.0,39432.93835,4830593.6,6.372149377252518,Asia
Singapore,SGP,2008,46705010.0,193612000000.0,40007.46926,4941592.4,9.451408821172704,Asia
Singapore,SGP,2009,45250400.0,194152000000.0,38927.20688,5052591.2,8.955879905740247,Asia
Singapore,SGP,2010,43048336.0,239809000000.0,47236.96023,5163590.0,8.336900489775525,Asia
Singapore,SGP,2011,34016576.0,279351000000.0,53890.42873,5260875.6,6.465953310129592,Asia
Singapore,SGP,2012,50706096.0,295087000000.0,55546.48854,5358161.2,9.463339027575355,Asia
Singapore,SGP,2013,54908704.0,307576000000.0,56967.42579,5455446.8,10.064932536781406,Asia
Singapore,SGP,2014,52109410.0,314851000000.0,57562.53079,5552732.4,9.384462683633016,Asia
Singapore,SGP,2015,61925264.0,308004000000.0,55646.61875,5650018.0,10.960188799398516,Asia
Singapore,SGP,2016,40289344.0,318832000000.0,56860.41324,5701988.2,7.065841349864596,Asia
Singapore,SGP,2017,40014544.0,343193000000.0,61150.7272,5753958.4,6.954263694363866,Asia
Singapore,SGP,2018,50035584.0,376998000000.0,66859.33834,5805928.6,8.618015729645728,Asia
Singapore,SGP,2019,33778416.0,375473000000.0,65831.18943,5857898.8,5.766302415466789,Asia
Singapore,SGP,2020,54813440.0,345296000000.0,60729.45035,5909869.0,9.274899325179627,Asia
Sint Maarten (Dutch part),SXM,2011,572735.0,936089385.5,27997.28983,34468.2,16.61633041470109,North America
Sint Maarten (Dutch part),SXM,2012,696160.0,985865921.8,28460.33262,35902.4,19.390347163420827,North America
Sint Maarten (Dutch part),SXM,2013,714480.0,1022905028.0,27942.88054,37336.6,19.136182726868544,North America
Sint Maarten (Dutch part),SXM,2014,725472.0,1245251397.0,33043.68838,38770.8,18.71181404562196,North America
Sint Maarten (Dutch part),SXM,2015,743792.0,1253072626.0,32274.89055,40205.0,18.499987563735854,North America
Sint Maarten (Dutch part),SXM,2016,743792.0,1263687151.0,31616.6817,40888.2,18.190871694033977,North America
Sint Maarten (Dutch part),SXM,2017,707152.0,1191620112.0,29369.05683,41571.4,17.010540900715394,North America
Sint Maarten (Dutch part),SXM,2018,688832.0,1185474860.0,28988.25921,42254.6,16.30194109043749,North America
Slovakia,SVK,1990,61472836.0,12747380650.0,2405.53516,5261305.0,11.683952175363336,Europe
Slovakia,SVK,1991,53286440.0,14272201755.0,2691.195652,5272843.5,10.105826201744845,Europe
Slovakia,SVK,1992,48886840.0,15495514297.0,2920.917542,5284382.0,9.251193422428583,Europe
Slovakia,SVK,1993,46351170.0,16520676974.0,3102.296859,5295920.5,8.75224052173744,Europe
Slovakia,SVK,1994,43756980.0,20162936291.0,3771.359516,5307459.0,8.244431092166703,Europe
Slovakia,SVK,1995,44144950.0,25840146405.0,4819.125555,5318997.5,8.299486886391655,Europe
Slovakia,SVK,1996,44026132.0,27925036755.0,5196.94038,5330536.0,8.259231717035584,Europe
Slovakia,SVK,1997,44098212.0,27706028096.0,5146.671078,5342074.5,8.254885251038711,Europe
Slovakia,SVK,1998,43827252.0,29856000671.0,5538.616465,5353613.0,8.186481167017488,Europe
Slovakia,SVK,1999,43038092.0,30463670124.0,5645.581396,5365151.5,8.021785032538224,Europe
Slovakia,SVK,2000,41138784.0,29242558797.0,5426.624281,5376690.0,7.651321537972247,Europe
Slovakia,SVK,2001,43224196.0,30778781607.0,5722.168183,5378663.4,8.036233685863294,Europe
Slovakia,SVK,2002,41978130.0,35297794386.0,6564.696314,5380636.8,7.801702950847751,Europe
Slovakia,SVK,2003,42302730.0,46919965224.0,8731.937368,5382610.2,7.859147965052346,Europe
Slovakia,SVK,2004,42792360.0,57437444469.0,10691.44655,5384583.6,7.947199482611803,Europe
Slovakia,SVK,2005,42798508.0,62808723477.0,11690.11347,5386557.0,7.945429334545239,Europe
Slovakia,SVK,2006,42563850.0,70767338922.0,13170.78498,5388530.4,7.898971860676521,Europe
Slovakia,SVK,2007,40971504.0,86563986799.0,16106.06044,5390503.8,7.600681776720017,Europe
Slovakia,SVK,2008,41364304.0,100880000000.0,18753.58494,5392477.2,7.670742492893618,Europe
Slovakia,SVK,2009,37625676.0,89399303222.0,16597.20846,5394450.6,6.974885635248936,Europe
Slovakia,SVK,2010,38408616.0,90801178162.0,16841.76774,5396424.0,7.117419980342538,Europe
Slovakia,SVK,2011,37988616.0,99492917849.0,18430.1298,5402028.0,7.032287874109501,Europe
Slovakia,SVK,2012,35913256.0,94253181330.0,17429.82975,5407632.0,6.641216710012811,Europe
Slovakia,SVK,2013,35569508.0,98569320343.0,18208.41759,5413236.0,6.570840066828787,Europe
Slovakia,SVK,2014,33658640.0,101089000000.0,18655.79011,5418840.0,6.211410560193695,Europe
Slovakia,SVK,2015,34471936.0,88636928905.0,16342.21626,5424444.0,6.354925223672693,Europe
Slovakia,SVK,2016,34914412.0,89674927723.0,16512.29299,5430891.4,6.4288547548566335,Europe
Slovakia,SVK,2017,36114092.0,95393515078.0,17538.04858,5437338.8,6.641868996649611,Europe
Slovakia,SVK,2018,36105530.0,105613000000.0,19389.98216,5443786.2,6.632429833486113,Europe
Slovakia,SVK,2019,33778548.0,105284000000.0,19303.54566,5450233.6,6.197633070259594,Europe
Slovakia,SVK,2020,31096626.0,105173000000.0,19266.51357,5456681.0,5.698816918196244,Europe
Slovenia,SVN,1995,15354245.0,21352224019.0,10730.45101,1985181.5,7.73442881671021,Europe
Slovenia,SVN,1996,15999412.0,21507232649.0,10815.11105,1985013.0,8.060104392263426,Europe
Slovenia,SVN,1997,16507023.0,20763101741.0,10454.96564,1984844.5,8.316532101129333,Europe
Slovenia,SVN,1998,16039042.0,22146231968.0,11175.77103,1984676.0,8.081441000949273,Europe
Slovenia,SVN,1999,15412484.0,22711384311.0,11452.78312,1984507.5,7.766402495329446,Europe
Slovenia,SVN,2000,15053848.0,20289627637.0,10201.30354,1984339.0,7.586328747255383,Europe
Slovenia,SVN,2001,16302759.0,20876309970.0,10479.75963,1991633.7,8.185621181244322,Europe
Slovenia,SVN,2002,16564693.0,23489890274.0,11777.15566,1998928.4,8.286786560238976,Europe
Slovenia,SVN,2003,16271549.0,29634713641.0,14849.03724,2006223.1,8.110538155003798,Europe
Slovenia,SVN,2004,16704582.0,34414784504.0,17233.13856,2013517.8,8.296217694226492,Europe
Slovenia,SVN,2005,16932386.0,36206395971.0,18098.90854,2020812.5,8.37899904122723,Europe
Slovenia,SVN,2006,17178356.0,39481045038.0,19672.96556,2028107.2,8.470142012217106,Europe
Slovenia,SVN,2007,17342862.0,48067401207.0,23817.88673,2035401.9,8.520608141320887,Europe
Slovenia,SVN,2008,18278460.0,55779427740.0,27595.59997,2042696.6,8.948201118071083,Europe
Slovenia,SVN,2009,16204107.0,50567734886.0,24792.12798,2049991.3,7.904475984849301,Europe
Slovenia,SVN,2010,16459730.0,48208240226.0,23532.48085,2057286.0,8.000700923449632,Europe
Slovenia,SVN,2011,16358786.0,51583869785.0,25128.01504,2062001.2,7.933451251143792,Europe
Slovenia,SVN,2012,15759567.0,46577793184.0,22641.80512,2066716.4,7.625413433599308,Europe
Slovenia,SVN,2013,15128262.0,48415657265.0,23503.28249,2071431.6,7.303288218640673,Europe
Slovenia,SVN,2014,13561306.0,49997186439.0,24247.17332,2076146.8,6.531959108093898,Europe
Slovenia,SVN,2015,13645485.0,43107506024.0,20890.16643,2080862.0,6.557611701304555,Europe
Slovenia,SVN,2016,14458364.0,44766722791.0,21678.35947,2088217.8,6.92378160937044,Europe
Slovenia,SVN,2017,14616678.0,48589100043.0,23514.02546,2095573.6,6.97502488101587,Europe
Slovenia,SVN,2018,14519854.0,54163591695.0,26116.85636,2102929.4,6.904584623715851,Europe
Slovenia,SVN,2019,14039442.0,54178877606.0,25942.95477,2110285.2,6.65286474074689,Europe
Slovenia,SVN,2020,12854907.0,53589609581.0,25489.50023,2117641.0,6.070390118060615,Europe
Solomon Islands,SLB,1971,47632.0,50056882.82,301.2516795,178916.5,0.26622474729832074,Oceania
Solomon Islands,SLB,1972,54960.0,40606712.05,235.3330168,185000.0,0.29708108108108106,Oceania
Solomon Islands,SLB,1973,65952.0,55272108.84,308.2557686,191083.5,0.34514754021147825,Oceania
Solomon Islands,SLB,1974,65952.0,84539332.28,453.7879423,197167.0,0.3344981665288816,Oceania
Solomon Islands,SLB,1975,58624.0,74617096.48,385.8154636,203250.5,0.28843225477920104,Oceania
Solomon Islands,SLB,1976,62288.0,83099107.91,414.2486511,209334.0,0.29755319250575635,Oceania
Solomon Islands,SLB,1977,80608.0,93147039.25,448.0700351,215417.5,0.37419429712070745,Oceania
Solomon Islands,SLB,1978,62288.0,111022090.0,515.6646801,221501.0,0.281208662714841,Oceania
Solomon Islands,SLB,1979,109920.0,151270207.9,678.825745,227584.5,0.4829854405726225,Oceania
Solomon Islands,SLB,1980,102592.0,182852054.2,793.1123582,233668.0,0.43905027646061934,Oceania
Solomon Islands,SLB,1981,135568.0,193750476.5,812.6333301,242718.3,0.5585404973584605,Oceania
Solomon Islands,SLB,1982,120912.0,192901942.9,782.7192543,251768.6,0.4802505157513685,Oceania
Solomon Islands,SLB,1983,142896.0,181220349.8,711.8796297,260818.9,0.5478744063409515,Oceania
Solomon Islands,SLB,1984,142896.0,181570454.3,691.1940429,269869.2,0.5295009582419927,Oceania
Solomon Islands,SLB,1985,150224.0,165524980.9,611.2737352,278919.5,0.5385926763815366,Oceania
Solomon Islands,SLB,1986,153888.0,147620047.5,529.4191079,287969.8,0.5343893699964372,Oceania
Solomon Islands,SLB,1987,161216.0,155128568.0,540.7607184,297020.1,0.5427780813487034,Oceania
Solomon Islands,SLB,1988,157552.0,176494422.1,598.3348548,306070.4,0.5147573891496858,Oceania
Solomon Islands,SLB,1989,161216.0,172882435.8,570.0573604,315120.7,0.5116007929659968,Oceania
Solomon Islands,SLB,1990,146560.0,214877638.4,688.9996709,324171.0,0.4521070669492336,Oceania
Solomon Islands,SLB,1991,157552.0,227536282.6,709.3196997,334751.7,0.4706533230451107,Oceania
Solomon Islands,SLB,1992,161216.0,269034595.8,815.2464692,345332.4,0.4668429605794301,Oceania
Solomon Islands,SLB,1993,172208.0,300749474.5,885.8574041,355913.1,0.48384844502773294,Oceania
Solomon Islands,SLB,1994,183200.0,402831864.9,1153.343845,366493.8,0.49987203057732493,Oceania
Solomon Islands,SLB,1995,190528.0,469443201.5,1306.636685,377074.5,0.5052794606901289,Oceania
Solomon Islands,SLB,1996,197856.0,510580417.2,1381.750819,387655.2,0.510391708920711,Oceania
Solomon Islands,SLB,1997,205184.0,526559955.9,1385.691388,398235.9,0.5152323032654765,Oceania
Solomon Islands,SLB,1998,216176.0,457584496.2,1171.185446,408816.6,0.5287847900501105,Oceania
Solomon Islands,SLB,1999,216176.0,488028751.0,1215.235241,419397.3,0.5154444246541406,Oceania
Solomon Islands,SLB,2000,223504.0,419845231.8,1017.399663,429978.0,0.5198033387754722,Oceania
Solomon Islands,SLB,2001,234496.0,409507389.2,965.9354997,441019.6,0.5317133297477028,Oceania
Solomon Islands,SLB,2002,245488.0,346405301.7,795.5403154,452061.2,0.5430415173874688,Oceania
Solomon Islands,SLB,2003,256480.02,352531728.4,788.6333562,463102.8,0.5538295600890342,Oceania
Solomon Islands,SLB,2004,274800.0,397557524.0,866.9902759,474144.4,0.5795702743721111,Oceania
Solomon Islands,SLB,2005,282128.0,476836691.1,1014.723188,485186.0,0.5814842143013195,Oceania
Solomon Islands,SLB,2006,289456.0,538614679.0,1119.580863,496227.6,0.5833129797697669,Oceania
Solomon Islands,SLB,2007,300448.0,620211238.9,1260.251271,507269.2,0.5922851219825687,Oceania
Solomon Islands,SLB,2008,307776.0,699203616.5,1389.056107,518310.8,0.5938058786349811,Oceania
Solomon Islands,SLB,2009,318768.0,735997355.7,1428.616209,529352.4,0.6021848583287805,Oceania
Solomon Islands,SLB,2010,329760.0,846767635.9,1604.148888,540394.0,0.6102214310299522,Oceania
Solomon Islands,SLB,2011,344416.0,1049889692.0,1938.775694,554847.2,0.6207402686721678,Oceania
Solomon Islands,SLB,2012,348080.0,1191045573.0,2141.914041,569300.4,0.6114171007081673,Oceania
Solomon Islands,SLB,2013,373728.0,1284763287.0,2248.727594,583753.6,0.6402153237256267,Oceania
Solomon Islands,SLB,2014,329760.0,1335584912.0,2274.966251,598206.8,0.5512474950134301,Oceania
Solomon Islands,SLB,2015,293120.0,1307082934.0,2167.155394,612660.0,0.4784382855090915,Oceania
Solomon Islands,SLB,2016,289456.0,1378543909.0,2225.475204,628366.2,0.46064858358072097,Oceania
Solomon Islands,SLB,2017,285792.0,1483793468.0,2332.898555,644072.4,0.4437265127336616,Oceania
Solomon Islands,SLB,2018,289456.0,1574622018.0,2411.897904,659778.6,0.4387168665367443,Oceania
Solomon Islands,SLB,2019,293120.0,1570093229.0,2344.048976,675484.8,0.43394018636688786,Oceania
Solomon Islands,SLB,2020,289456.0,1545888426.0,2250.601164,691191.0,0.41877860099451525,Oceania
Somalia,SOM,1970,216176.0,322600009.1,93.6546805,3720977.0,0.05809656979873834,Africa
Somalia,SOM,1971,186864.0,331102742.2,95.3538885,3938101.7,0.04745027280529601,Africa
Somalia,SOM,1972,234496.0,416942436.9,119.8182066,4155226.4,0.05643398877134589,Africa
Somalia,SOM,1973,263808.0,507028428.2,144.3445525,4372351.1,0.060335502334201846,Africa
Somalia,SOM,1974,329760.0,467577432.2,128.70334,4589475.8,0.07185134302266068,Africa
Somalia,SOM,1975,501968.03,710850226.5,183.1953649,4806600.5,0.10443306657168618,Africa
Somalia,SOM,1976,479984.0,807275808.7,188.6610689,5023725.2,0.09554344254339389,Africa
Somalia,SOM,1977,798752.0,498550873.0,103.8186092,5240849.9,0.15240886788228755,Africa
Somalia,SOM,1978,556928.0,564986059.7,105.1133335,5457974.6,0.10203931692903079,Africa
Somalia,SOM,1979,487312.0,590419855.1,100.1940609,5675099.3,0.08586845343833896,Africa
Somalia,SOM,1980,813408.0,603592656.8,96.0960668,5892224.0,0.13804770490734908,Africa
Somalia,SOM,1981,274800.0,699112266.8,107.372127,6002911.2,0.04577778861696305,Africa
Somalia,SOM,1982,718144.0,774419569.7,117.1935354,6113598.4,0.11746666251417495,Africa
Somalia,SOM,1983,934320.0,733901365.9,110.884784,6224285.6,0.15010879320833223,Africa
Somalia,SOM,1984,714480.0,788307213.4,119.1748173,6334972.8,0.11278343610251966,Africa
Somalia,SOM,1985,857376.0,876404617.7,131.8173641,6445660.0,0.1330160138760034,Africa
Somalia,SOM,1986,923328.0,930318705.3,138.0960504,6556347.2,0.14082963757624062,Africa
Somalia,SOM,1987,992944.0,1009792724.0,147.151477,6667034.4,0.14893338483449253,Africa
Somalia,SOM,1988,1003656.0,1038291284.0,148.216672,6777721.6,0.14808162082077847,Africa
Somalia,SOM,1989,952072.0,1092392963.0,153.1407104,6888408.8,0.13821363215260976,Africa
Somalia,SOM,1990,782197.0,917044228.0,126.9249732,6999096.0,0.11175686117178561,Africa
Somalia,SOM,2013,630208.0,4574495667.0,350.1681618,13069003.2,0.04822158127560945,Africa
Somalia,SOM,2014,630208.0,5021956321.0,374.1147807,13416454.6,0.04697276730620026,Africa
Somalia,SOM,2015,630208.0,5331761394.0,386.437817,13763906.0,0.04578700261393823,Africa
Somalia,SOM,2016,637536.0,5529873480.0,389.8220615,14318528.0,0.04452524728798938,Africa
Somalia,SOM,2017,637536.0,5609000000.0,384.4634014,14873150.0,0.04286489412128567,Africa
Somalia,SOM,2018,637536.0,5850677296.0,389.8313955,15427772.0,0.04132391896898658,Africa
Somalia,SOM,2019,637536.0,6476674592.0,419.3948077,15982394.0,0.03988989384193632,Africa
Somalia,SOM,2020,597232.0,6965285325.0,438.2551656,16537016.0,0.03611485893222816,Africa
South Africa,ZAF,1970,149618180.0,21218391522.0,961.4227526,22368306.0,6.68884715722326,Africa
South Africa,ZAF,1971,168403490.0,23411079378.0,1032.90561,23077830.3,7.297197691933803,Africa
South Africa,ZAF,1972,171553580.0,24515911652.0,1053.02037,23787354.6,7.211965470090566,Africa
South Africa,ZAF,1973,173352220.0,33262767311.0,1390.985745,24496878.9,7.076502304952816,Africa
South Africa,ZAF,1974,176544290.0,41389185875.0,1685.739474,25206403.2,7.003946124292735,Africa
South Africa,ZAF,1975,185001220.0,42906919870.0,1702.981009,25915927.5,7.138514336405672,Africa
South Africa,ZAF,1976,192905020.0,41150449966.0,1592.701365,26625451.8,7.245136024320909,Africa
South Africa,ZAF,1977,199734600.0,45328399963.0,1711.738434,27334976.1,7.306924259575262,Africa
South Africa,ZAF,1978,201875890.0,51607399958.0,1901.597871,28044500.4,7.198412776859452,Africa
South Africa,ZAF,1979,218667170.0,63038687893.0,2265.352056,28754024.7,7.604750023046339,Africa
South Africa,ZAF,1980,228197800.0,89411894561.0,3131.022571,29463549.0,7.745088685684132,Africa
South Africa,ZAF,1981,257075260.0,93141478235.0,3175.303466,30504951.1,8.42732903118799,Africa
South Africa,ZAF,1982,280433300.0,85904070614.0,2849.18057,31546353.2,8.889563184121073,Africa
South Africa,ZAF,1983,291902080.0,96204110959.0,3103.98302,32587755.3,8.957415977650967,Africa
South Africa,ZAF,1984,315593000.0,84870134619.0,2665.386369,33629157.4,9.384505125900063,Africa
South Africa,ZAF,1985,323861340.0,64459376104.0,1972.508972,34670559.5,9.341105095232166,Africa
South Africa,ZAF,1986,330497100.0,73354782109.0,2189.959352,35711961.6,9.25452103980757,Africa
South Africa,ZAF,1987,328664700.0,96535747615.0,2814.639804,36753363.7,8.942438648139298,Africa
South Africa,ZAF,1988,342654700.0,103977000000.0,2962.227177,37794765.8,9.066194557554317,Africa
South Africa,ZAF,1989,340711040.0,108056000000.0,3007.387561,38836167.9,8.773034478512491,Africa
South Africa,ZAF,1990,312930240.0,126048000000.0,3425.174231,39877570.0,7.847274545565339,Africa
South Africa,ZAF,1991,326026700.0,135204000000.0,3584.522515,40571139.6,8.035926602367363,Africa
South Africa,ZAF,1992,301325400.0,146957000000.0,3800.02458,41264709.2,7.302254295299868,Africa
South Africa,ZAF,1993,320345300.0,147197000000.0,3713.921206,41958278.8,7.634853219956201,Africa
South Africa,ZAF,1994,338697570.0,153513000000.0,3784.449144,42651848.4,7.940982224817248,Africa
South Africa,ZAF,1995,361693600.0,171735000000.0,4144.613723,43345418.0,8.344448310545765,Africa
South Africa,ZAF,1996,363732320.0,163237000000.0,3864.415112,44038987.6,8.259325198474817,Africa
South Africa,ZAF,1997,385222750.0,168977000000.0,3930.836564,44732557.2,8.611686299928321,Africa
South Africa,ZAF,1998,377262460.0,152983000000.0,3502.166447,45426126.8,8.304966471409577,Africa
South Africa,ZAF,1999,374891000.0,151517000000.0,3417.264589,46119696.4,8.128652815676384,Africa
South Africa,ZAF,2000,378306880.0,151753000000.0,3374.718423,46813266.0,8.081189635433683,Africa
South Africa,ZAF,2001,371623970.0,135430000000.0,2971.819769,47310431.5,7.855011214598624,Africa
South Africa,ZAF,2002,356523140.0,129088000000.0,2797.087291,47807597.0,7.457457859678661,Africa
South Africa,ZAF,2003,404409660.0,197020000000.0,4217.11478,48304762.5,8.372045302986429,Africa
South Africa,ZAF,2004,449306980.0,255807000000.0,5409.133489,48801928.0,9.206746503949597,Africa
South Africa,ZAF,2005,416201200.0,288868000000.0,6033.101491,49299093.5,8.442370243582674,Africa
South Africa,ZAF,2006,446770020.0,303861000000.0,6266.533987,49796259.0,8.97195952009166,Africa
South Africa,ZAF,2007,465044600.0,333075000000.0,6780.884555,50293424.5,9.24662825455443,Africa
South Africa,ZAF,2008,495170850.0,316132000000.0,6350.65271,50790590.0,9.749263593905878,Africa
South Africa,ZAF,2009,480572480.0,329753000000.0,6532.736968,51287755.5,9.370121100347236,Africa
South Africa,ZAF,2010,462999680.0,417365000000.0,8148.961202,51784921.0,8.940820436898996,Africa
South Africa,ZAF,2011,465907840.0,458202000000.0,8810.930651,52603237.6,8.85701833683332,Africa
South Africa,ZAF,2012,458954200.0,434401000000.0,8222.197279,53421554.2,8.591180224404628,Africa
South Africa,ZAF,2013,458628220.0,400886000000.0,7467.079185,54239870.8,8.455555170680828,Africa
South Africa,ZAF,2014,471866000.0,381199000000.0,6988.808739,55058187.4,8.570314830233587,Africa
South Africa,ZAF,2015,446221020.0,346710000000.0,6259.839681,55876504.0,7.985843566734239,Africa
South Africa,ZAF,2016,456972860.0,323586000000.0,5756.965741,56461588.6,8.093517581260546,Africa
South Africa,ZAF,2017,439380130.0,381449000000.0,6690.939847,57046673.2,7.702116624041802,Africa
South Africa,ZAF,2018,435237200.0,404842000000.0,7005.095413,57631757.8,7.55203756773145,Africa
South Africa,ZAF,2019,465429250.0,387935000000.0,6624.761865,58216842.4,7.994752563220433,Africa
South Africa,ZAF,2020,434828640.0,335442000000.0,5655.867654,58801927.0,7.394802554684985,Africa
South Korea,KOR,1970,53716350.0,9005023184.0,279.3049689,32601143.0,1.6476830275551995,Asia
South Korea,KOR,1971,58533736.0,9903499928.0,301.1765677,33158078.8,1.7652933498668204,Asia
South Korea,KOR,1972,60247064.0,10862327878.0,324.1962768,33715014.6,1.7869505534783305,Asia
South Korea,KOR,1973,72974630.0,13876531432.0,406.8988301,34271950.4,2.129281501294423,Asia
South Korea,KOR,1974,75550510.0,19544094741.0,563.3559578,34828886.2,2.169191100920132,Asia
South Korea,KOR,1975,81665790.0,21784297521.0,617.4560619,35385822.0,2.3078675408472917,Asia
South Korea,KOR,1976,93104550.0,29902479339.0,834.134208,35942757.8,2.5903563248560744,Asia
South Korea,KOR,1977,105459704.0,38446487603.0,1055.880041,36499693.6,2.8893312134543505,Asia
South Korea,KOR,1978,113119300.0,51972107438.0,1405.822374,37056629.4,3.052606290198644,Asia
South Korea,KOR,1979,132874240.0,66946900826.0,1783.622313,37613565.2,3.5326148769327506,Asia
South Korea,KOR,1980,134524430.0,65398646758.0,1715.42946,38170501.0,3.524303492898875,Asia
South Korea,KOR,1981,139589740.0,72933350954.0,1883.451279,38765454.8,3.600879719331966,Asia
South Korea,KOR,1982,140781900.0,78358866335.0,1992.528225,39360408.6,3.5767387841598777,Asia
South Korea,KOR,1983,149133600.0,87760360941.0,2198.934472,39955362.4,3.7325052519108173,Asia
South Korea,KOR,1984,160700450.0,97510235986.0,2413.263925,40550316.2,3.962988826212901,Asia
South Korea,KOR,1985,168757680.0,101296000000.0,2482.399956,41145270.0,4.10150863027512,Asia
South Korea,KOR,1986,176297250.0,116837000000.0,2834.903848,41740223.8,4.223677641134258,Asia
South Korea,KOR,1987,185358380.0,147948000000.0,3554.595206,42335177.6,4.378353664920021,Asia
South Korea,KOR,1988,210953460.0,199591000000.0,4748.629608,42930131.4,4.91387874018946,Asia
South Korea,KOR,1989,223510380.0,246927000000.0,5817.029181,43525085.2,5.13520832809306,Asia
South Korea,KOR,1990,250510830.0,283368000000.0,6610.036508,44120039.0,5.6779376373624695,Asia
South Korea,KOR,1991,275688220.0,330649000000.0,7636.982429,44386894.2,6.211027488379666,Asia
South Korea,KOR,1992,299905440.0,355525000000.0,8126.67039,44653749.4,6.716243182929674,Asia
South Korea,KOR,1993,330173950.0,392666000000.0,8884.928319,44920604.6,7.3501670990421175,Asia
South Korea,KOR,1994,355694820.0,463617000000.0,10385.33617,45187459.8,7.871538289036553,Asia
South Korea,KOR,1995,383665470.0,566583000000.0,12564.77813,45454315.0,8.440683134263491,Asia
South Korea,KOR,1996,420996060.0,610170000000.0,13403.04959,45721170.2,9.207902119705588,Asia
South Korea,KOR,1997,444967600.0,569755000000.0,12398.48003,45988025.4,9.675727455782436,Asia
South Korea,KOR,1998,378037800.0,383331000000.0,8281.699982,46254880.6,8.172927809914182,Asia
South Korea,KOR,1999,410518800.0,497513000000.0,10672.41793,46521735.8,8.824236519566838,Asia
South Korea,KOR,2000,439980670.0,576178000000.0,12256.99357,46788591.0,9.403588793686906,Asia
South Korea,KOR,2001,455630660.0,547658000000.0,11561.24837,46991036.1,9.696118617822941,Asia
South Korea,KOR,2002,476064900.0,627246000000.0,13165.06574,47193481.2,10.087513950973381,Asia
South Korea,KOR,2003,485212800.0,702717000000.0,14672.85747,47395926.3,10.237436798444849,Asia
South Korea,KOR,2004,491389440.0,793175000000.0,16496.12009,47598371.4,10.323660779704744,Asia
South Korea,KOR,2005,498688300.0,934901000000.0,19402.50263,47800816.5,10.432631417498904,Asia
South Korea,KOR,2006,503478180.0,1053220000000.0,21743.47745,48003261.6,10.488416062128579,Asia
South Korea,KOR,2007,521708740.0,1172610000000.0,24086.41044,48205706.7,10.822551430409794,Asia
South Korea,KOR,2008,532650750.0,1047340000000.0,21350.42798,48408151.8,11.003327542862317,Asia
South Korea,KOR,2009,537819840.0,943942000000.0,19143.85161,48610596.9,11.063839456783137,Asia
South Korea,KOR,2010,594339140.0,1144070000000.0,23087.22564,48813042.0,12.175826698118916,Asia
South Korea,KOR,2011,623442800.0,1253220000000.0,25096.26388,49249313.8,12.65891343241416,Asia
South Korea,KOR,2012,627943040.0,1278430000000.0,25466.76052,49685585.6,12.63833428582957,Asia
South Korea,KOR,2013,634580700.0,1370800000000.0,27182.73431,50121857.4,12.660757859304711,Asia
South Korea,KOR,2014,629366460.0,1484320000000.0,29249.57522,50558129.2,12.448373188618696,Asia
South Korea,KOR,2015,634177300.0,1465770000000.0,28732.23108,50994401.0,12.436214320862403,Asia
South Korea,KOR,2016,637914050.0,1500110000000.0,29288.87044,51164458.8,12.467913566594786,Asia
South Korea,KOR,2017,654537300.0,1623900000000.0,31616.8434,51334516.6,12.75043271762298,Asia
South Korea,KOR,2018,670168700.0,1724850000000.0,33436.92306,51504574.4,13.011828712441512,Asia
South Korea,KOR,2019,646102200.0,1651420000000.0,31902.4169,51674632.2,12.503276220706221,Asia
South Korea,KOR,2020,597634300.0,1637900000000.0,31597.50465,51844690.0,11.527396537620342,Asia
South Sudan,SSD,2008,1239105.0,14586253383.0,1669.493752,8994423.2,0.1377636978433481,Africa
South Sudan,SSD,2009,1290671.0,12231264525.0,1337.882231,9354421.1,0.13797443863201755,Africa
South Sudan,SSD,2010,1313250.0,14602072411.0,1535.706892,9714419.0,0.13518564517342727,Africa
South Sudan,SSD,2011,1281212.0,14907308933.0,1516.404378,10010395.0,0.12798815631151417,Africa
South Sudan,SSD,2012,1330032.0,11931472169.0,1179.739711,10306371.0,0.1290494976359768,Africa
South Sudan,SSD,2013,1443616.0,18426469017.0,1779.470365,10602347.0,0.13616004079096827,Africa
South Sudan,SSD,2014,1520560.0,13962212847.0,1322.820364,10898323.0,0.13952238339788609,Africa
South Sudan,SSD,2015,1912608.0,11997800760.0,1119.651437,11194299.0,0.17085553994939745,Africa
Spain,ESP,1970,116766490.0,40992995008.0,1212.289326,33792617.0,3.455384648072684,Europe
Spain,ESP,1971,128458560.0,46619420359.0,1362.165524,34162521.9,3.7602188847773563,Europe
Spain,ESP,1972,144716260.0,59132415221.0,1708.808629,34532426.8,4.190735300422038,Europe
Spain,ESP,1973,154957340.0,78639525985.0,2247.553377,34902331.7,4.439741772324053,Europe
Spain,ESP,1974,172665700.0,97274006346.0,2749.924663,35272236.6,4.895229694620499,Europe
Spain,ESP,1975,181053620.0,114777000000.0,3209.837445,35642141.5,5.079762673631718,Europe
Spain,ESP,1976,197745940.0,118507000000.0,3279.312671,36012046.4,5.491105331909158,Europe
Spain,ESP,1977,194829090.0,132449000000.0,3627.590663,36381951.3,5.355102819897404,Europe
Spain,ESP,1978,199513870.0,160600000000.0,4356.43922,36751856.2,5.42867464745903,Europe
Spain,ESP,1979,202746540.0,214602000000.0,5770.214614,37121761.1,5.461662755003291,Europe
Spain,ESP,1980,213911900.0,232767000000.0,6208.578019,37491666.0,5.7055853426198775,Europe
Spain,ESP,1981,206096210.0,202808000000.0,5371.166436,37631488.3,5.476695695822373,Europe
Spain,ESP,1982,208598540.0,195997000000.0,5159.708645,37771310.6,5.522671484955039,Europe
Spain,ESP,1983,203435150.0,170951000000.0,4478.500286,37911132.9,5.366105796326651,Europe
Spain,ESP,1984,197667200.0,172103000000.0,4489.988939,38050955.2,5.194802573576392,Europe
Spain,ESP,1985,199931400.0,180793000000.0,4699.655764,38190777.5,5.235070168445772,Europe
Spain,ESP,1986,189112670.0,251321000000.0,6513.503286,38330599.8,4.933725821843258,Europe
Spain,ESP,1987,189508060.0,318748000000.0,8239.613802,38470422.1,4.9260717625450745,Europe
Spain,ESP,1988,197457900.0,376160000000.0,9703.123838,38610244.4,5.11413235187913,Europe
Spain,ESP,1989,224885400.0,414757000000.0,10681.9712,38750066.7,5.803484204067189,Europe
Spain,ESP,1990,230500240.0,536559000000.0,13804.87679,38889889.0,5.926996603153071,Europe
Spain,ESP,1991,240230740.0,577166000000.0,14811.90282,39075065.2,6.147929344977778,Europe
Spain,ESP,1992,248631800.0,630916000000.0,16112.18892,39260241.4,6.332915721705166,Europe
Spain,ESP,1993,240046060.0,525076000000.0,13339.90856,39445417.6,6.085524621242697,Europe
Spain,ESP,1994,252300020.0,530563000000.0,13415.287,39630593.8,6.36629421384042,Europe
Spain,ESP,1995,266034880.0,614609000000.0,15471.96272,39815770.0,6.681645991023155,Europe
Spain,ESP,1996,253497860.0,642589000000.0,16109.0844,40000946.2,6.3372965912491335,Europe
Spain,ESP,1997,265832160.0,590077000000.0,14730.79718,40186122.4,6.615023896906262,Europe
Spain,ESP,1998,274604900.0,619215000000.0,15394.35146,40371298.6,6.801983327828845,Europe
Spain,ESP,1999,298074660.0,634908000000.0,15720.6405,40556474.8,7.349619548294666,Europe
Spain,ESP,2000,310071230.0,598363000000.0,14749.68742,40741651.0,7.610669238711019,Europe
Spain,ESP,2001,311808500.0,627830000000.0,15369.00116,41324763.1,7.545318511456875,Europe
Spain,ESP,2002,331949760.0,708757000000.0,17106.68658,41907875.2,7.920939881008331,Europe
Spain,ESP,2003,336332200.0,907492000000.0,21510.83625,42490987.3,7.9153773863945975,Europe
Spain,ESP,2004,353010940.0,1069060000000.0,24907.00085,43074099.4,8.195434029202245,Europe
Spain,ESP,2005,368338140.0,1153720000000.0,26429.15094,43657211.5,8.437051459413526,Europe
Spain,ESP,2006,359653400.0,1260400000000.0,28389.07858,44240323.6,8.129538184481092,Europe
Spain,ESP,2007,367399070.0,1474000000000.0,32591.35031,44823435.7,8.196584314932377,Europe
Spain,ESP,2008,335887260.0,1631860000000.0,35510.72223,45406547.8,7.39733091974898,Europe
Spain,ESP,2009,296500300.0,1491470000000.0,32169.50285,45989659.9,6.447107907401594,Europe
Spain,ESP,2010,282937100.0,1422110000000.0,30532.48051,46572772.0,6.075161255164284,Europe
Spain,ESP,2011,283799330.0,1480710000000.0,31677.90031,46544486.0,6.097378108332746,Europe
Spain,ESP,2012,278060400.0,1324740000000.0,28322.80925,46516200.0,5.977710991009584,Europe
Spain,ESP,2013,251940320.0,1355140000000.0,29067.80946,46487914.0,5.4194799964567135,Europe
Spain,ESP,2014,254179710.0,1371220000000.0,29500.78943,46459628.0,5.470980310044669,Europe
Spain,ESP,2015,270767460.0,1195600000000.0,25742.36883,46431342.0,5.831566531072912,Europe
Spain,ESP,2016,259629390.0,1232910000000.0,26523.34822,46617835.0,5.569314619608568,Europe
Spain,ESP,2017,273592200.0,1312540000000.0,28170.16786,46804328.0,5.845446600579331,Europe
Spain,ESP,2018,268600500.0,1420990000000.0,30364.57994,46990821.0,5.716020581977063,Europe
Spain,ESP,2019,250660800.0,1393050000000.0,29554.49052,47177314.0,5.313163865157732,Europe
Spain,ESP,2020,213625420.0,1281480000000.0,27056.42175,47363807.0,4.510309316985436,Europe
Sri Lanka,LKA,1970,3593077.0,2296470588.0,183.9275304,12388769.0,0.2900269590949674,Asia
Sri Lanka,LKA,1971,3193463.0,2369308600.0,185.8597435,12644256.6,0.2525623372749332,Asia
Sri Lanka,LKA,1972,3537879.0,2553936348.0,196.4228877,12899744.2,0.27425962446604174,Asia
Sri Lanka,LKA,1973,3684292.0,2875625000.0,216.9950075,13155231.8,0.2800628720202406,Asia
Sri Lanka,LKA,1974,2929301.0,3574586466.0,264.7463142,13410719.4,0.21842981816471382,Asia
Sri Lanka,LKA,1975,2892985.0,3791298146.0,275.6277195,13666207.0,0.21168894924539047,Asia
Sri Lanka,LKA,1976,2798767.0,3591319857.0,256.2868068,13921694.6,0.20103637383339812,Asia
Sri Lanka,LKA,1977,2911038.0,4104509583.0,287.5616366,14177182.2,0.20533262244453626,Asia
Sri Lanka,LKA,1978,3435544.0,2733183857.0,188.0584813,14432669.8,0.23803939587116446,Asia
Sri Lanka,LKA,1979,3809016.0,3364611432.0,227.5097653,14688157.4,0.25932565237897026,Asia
Sri Lanka,LKA,1980,3388599.0,4024621900.0,267.6685772,14943645.0,0.22675853180398758,Asia
Sri Lanka,LKA,1981,4005570.0,4415844156.0,289.1308598,15169689.9,0.2640508821475645,Asia
Sri Lanka,LKA,1982,4466889.0,4768765017.0,307.6382435,15395734.8,0.29013808421797443,Asia
Sri Lanka,LKA,1983,4854898.0,5167913302.0,328.6506383,15621779.7,0.31077752299886807,Asia
Sri Lanka,LKA,1984,3852101.0,6043474843.0,378.936857,15847824.6,0.24306812431530825,Asia
Sri Lanka,LKA,1985,3916566.0,5978460972.0,369.581896,16073869.5,0.2436604328534582,Asia
Sri Lanka,LKA,1986,3660301.0,6405210564.0,390.3507114,16299914.4,0.22455952284019357,Asia
Sri Lanka,LKA,1987,4026917.0,6682167120.0,401.4770959,16525959.3,0.24367220848716478,Asia
Sri Lanka,LKA,1988,3456638.0,6978371581.0,413.4550704,16752004.2,0.20634175819989348,Asia
Sri Lanka,LKA,1989,3447011.0,6987267684.0,408.4508669,16978049.1,0.2030275080309433,Asia
Sri Lanka,LKA,1990,3830820.0,8032551173.0,463.6187388,17204094.0,0.22266909260086581,Asia
Sri Lanka,LKA,1991,4138236.0,9000362582.0,513.2584475,17361321.7,0.23835950231830566,Asia
Sri Lanka,LKA,1992,5106336.0,9703011636.0,547.0545344,17518549.4,0.291481667997009,Asia
Sri Lanka,LKA,1993,4975431.0,10338679636.0,576.7798839,17675777.1,0.2814830132701775,Asia
Sri Lanka,LKA,1994,5435205.0,11717604209.0,647.5791564,17833004.8,0.3047834653193162,Asia
Sri Lanka,LKA,1995,5814277.0,13029697561.0,714.2332315,17990232.5,0.32319076476638087,Asia
Sri Lanka,LKA,1996,6970579.0,13897738375.0,756.6569905,18147460.2,0.3841076890748602,Asia
Sri Lanka,LKA,1997,7520293.0,15091913884.0,817.0644817,18304687.9,0.4108397281113982,Asia
Sri Lanka,LKA,1998,7735926.0,15794972847.0,850.8116039,18461915.6,0.4190207651041368,Asia
Sri Lanka,LKA,1999,8516617.0,15656327860.0,838.8834628,18619143.3,0.4574118616939803,Asia
Sri Lanka,LKA,2000,10134099.0,16330814180.0,869.696285,18776371.0,0.5397261803146093,Asia
Sri Lanka,LKA,2001,10326369.0,15749753805.0,832.8035723,18965589.6,0.5444791972088229,Asia
Sri Lanka,LKA,2002,10948020.0,16536535647.0,867.4914868,19154808.2,0.5715546658410289,Asia
Sri Lanka,LKA,2003,10953041.0,18881765437.0,982.195697,19344026.8,0.5662234194175124,Asia
Sri Lanka,LKA,2004,12147363.0,20662525941.0,1065.784437,19533245.4,0.6218814514048956,Asia
Sri Lanka,LKA,2005,11935225.0,24405791045.0,1248.698185,19722464.0,0.6051589192912205,Asia
Sri Lanka,LKA,2006,11792541.0,28279814925.0,1435.816813,19911682.6,0.5922423150718563,Asia
Sri Lanka,LKA,2007,12151910.0,32350248411.0,1630.388906,20100901.2,0.604545531520746,Asia
Sri Lanka,LKA,2008,11987291.0,40713812310.0,2037.322103,20290119.8,0.5907944910211915,Asia
Sri Lanka,LKA,2009,12944645.0,42066217872.0,2090.401826,20479338.4,0.6320831633896924,Asia
Sri Lanka,LKA,2010,13050987.0,56725749222.0,2799.648738,20668557.0,0.631441614429106,Asia
Sri Lanka,LKA,2011,14886152.0,65292753005.0,3200.861132,20802185.0,0.7156052116640632,Asia
Sri Lanka,LKA,2012,15798102.0,68434409315.0,3350.521876,20935813.0,0.7545970151720404,Asia
Sri Lanka,LKA,2013,14510512.0,74317806538.0,3610.289363,21069441.0,0.6886994296621348,Asia
Sri Lanka,LKA,2014,17420012.0,79356449841.0,3819.25353,21203069.0,0.8215797439512176,Asia
Sri Lanka,LKA,2015,19687388.0,80604080689.0,3843.780672,21336697.0,0.9227008285303016,Asia
Sri Lanka,LKA,2016,22986968.0,82401038710.0,3886.291502,21412373.4,1.0735366682891865,Asia
Sri Lanka,LKA,2017,22872902.0,87428128124.0,4077.043841,21488049.8,1.0644475516805625,Asia
Sri Lanka,LKA,2018,20096860.0,87963042341.0,4059.20823,21563726.2,0.9319752909865828,Asia
Sri Lanka,LKA,2019,21232160.0,83902574443.0,3848.212376,21639402.6,0.9811805063417046,Asia
Sri Lanka,LKA,2020,20624664.0,80969683537.0,3694.040948,21715079.0,0.9497853542232105,Asia
Sudan,SDN,1970,4446688.0,2437666667.0,176.9540253,11305206.0,0.39333100166418905,Africa
Sudan,SDN,1971,4564138.0,2656000000.0,187.0769348,11842044.0,0.38541809167403873,Africa
Sudan,SDN,1972,4926986.0,2882000000.0,196.9108124,12378882.0,0.39801542659506733,Africa
Sudan,SDN,1973,4970518.0,3571666667.0,236.617218,12915720.0,0.3848425020053083,Africa
Sudan,SDN,1974,5205350.0,4595000000.0,294.9852295,13452558.0,0.3869412791232716,Africa
Sudan,SDN,1975,3882219.0,5598000000.0,348.0100708,13989396.0,0.27751155232148694,Africa
Sudan,SDN,1976,3438346.0,6979333333.0,419.9310303,14526234.0,0.23669906460270432,Africa
Sudan,SDN,1977,3484414.0,8704000000.0,506.659729,15063072.0,0.23132160557952589,Africa
Sudan,SDN,1978,3146820.0,7670500000.0,431.8120728,15599910.0,0.20172039454073773,Africa
Sudan,SDN,1979,3266850.0,9032250000.0,491.5774231,16136748.0,0.20244785380548794,Africa
Sudan,SDN,1980,3427041.0,8951800000.0,470.8978271,16673586.0,0.20553712920543907,Africa
Sudan,SDN,1981,3329950.0,10016500000.0,509.1306458,17115316.0,0.1945596563919708,Africa
Sudan,SDN,1982,3498865.0,8316000000.0,408.4165649,17557046.0,0.19928551762067492,Africa
Sudan,SDN,1983,3571019.0,8230153846.0,390.781311,17998776.0,0.19840343587808415,Africa
Sudan,SDN,1984,3201609.0,10447615385.0,480.2522278,18440506.0,0.17361828357638343,Africa
Sudan,SDN,1985,3720366.0,8089391304.0,360.6355591,18882236.0,0.19702994920728667,Africa
Sudan,SDN,1986,3883377.0,10092200000.0,437.163147,19323966.0,0.20096169699325697,Africa
Sudan,SDN,1987,3061183.0,12093333333.0,509.767395,19765696.0,0.15487352431202017,Africa
Sudan,SDN,1988,4429775.0,14372555556.0,590.1796875,20207426.0,0.21921520336137815,Africa
Sudan,SDN,1989,3430803.0,21408111111.0,856.7276001,20649156.0,0.1661473718344711,Africa
Sudan,SDN,1990,4768885.0,33641222222.0,1312.049316,21090886.0,0.22611117427688907,Africa
Sudan,SDN,1991,4466480.0,43891285714.0,1668.133057,21611674.7,0.20666977742358855,Africa
Sudan,SDN,1992,3989272.0,7034219713.0,260.5103455,22132463.4,0.18024527717054759,Africa
Sudan,SDN,1993,2746330.0,8881785938.0,320.485321,22653252.1,0.12123336587067779,Africa
Sudan,SDN,1994,3826378.0,12794192334.0,449.7105713,23174040.8,0.1651148383237506,Africa
Sudan,SDN,1995,3950587.0,13829744879.0,473.4134827,23694829.5,0.1667278086976739,Africa
Sudan,SDN,1996,4083693.0,9018243044.0,300.5649414,24215618.2,0.1686388084860043,Africa
Sudan,SDN,1997,5007637.0,11681494637.0,378.9547729,24736406.9,0.20243995096959697,Africa
Sudan,SDN,1998,4359354.0,11250327988.0,355.1525574,25257195.6,0.1725984970397901,Africa
Sudan,SDN,1999,4739299.0,10682045258.0,328.0686646,25777984.3,0.18385064343452176,Africa
Sudan,SDN,2000,5276282.0,12257418326.0,366.1727295,26298773.0,0.20062844757053874,Africa
Sudan,SDN,2001,5999928.0,15716489370.0,456.6242371,27042889.0,0.22186712373814796,Africa
Sudan,SDN,2002,7611157.0,18136839087.0,512.4412842,27787005.0,0.27391066435551437,Africa
Sudan,SDN,2003,8490251.0,21355576673.0,586.7532349,28531121.0,0.2975785984714726,Africa
Sudan,SDN,2004,10834315.0,26645490675.0,711.9219971,29275237.0,0.3700846213473865,Africa
Sudan,SDN,2005,10527797.0,35182105414.0,914.1665039,30019353.0,0.3507003298838586,Africa
Sudan,SDN,2006,11511440.0,45264519503.0,1143.932251,30763469.0,0.37419187023414036,Africa
Sudan,SDN,2007,13524735.0,59440139775.0,1461.315918,31507585.0,0.42925330519619326,Africa
Sudan,SDN,2008,14137632.0,64831935604.0,1551.085815,32251701.0,0.4383530654708724,Africa
Sudan,SDN,2009,14762170.0,58316191440.0,1358.527222,32995817.0,0.447395195578882,Africa
Sudan,SDN,2010,15026002.0,74151186600.0,1683.211914,33739933.0,0.44534771304969695,Africa
Sudan,SDN,2011,14668431.0,78403418360.0,1947.184204,34626182.0,0.42362253510941517,Africa
Sudan,SDN,2012,15213422.0,63195499524.0,1746.031982,35512431.0,0.42839708720588576,Africa
Sudan,SDN,2013,17007858.0,66026600235.0,1781.010254,36398680.0,0.4672657909572545,Africa
Sudan,SDN,2014,17535624.0,76818327442.0,2022.724243,37284929.0,0.4703139973794774,Africa
Sudan,SDN,2015,21189514.0,84985132167.0,2184.542236,38171178.0,0.5551181574747314,Africa
Sudan,SDN,2016,20037700.0,102944000000.0,2583.447266,39425039.6,0.5082480627362514,Africa
Sudan,SDN,2017,20493030.0,129718000000.0,3178.314209,40678901.2,0.5037754067949112,Africa
Sudan,SDN,2018,21754658.0,32333780383.0,773.5070801,41932762.8,0.5187985848621451,Africa
Sudan,SDN,2019,21772508.0,32338079165.0,755.3289795,43186624.4,0.504149335644765,Africa
Sudan,SDN,2020,20527464.0,26987563444.0,615.4620972,44440486.0,0.46190907993220415,Africa
Suriname,SUR,1970,1608496.0,274900000.0,747.1611139,379918.0,4.233797819529477,South America
Suriname,SUR,1971,1714544.0,301000000.0,815.2100317,379437.4,4.5186478718228615,South America
Suriname,SUR,1972,1743826.0,311950000.0,847.9044976,378956.8,4.601648525636695,South America
Suriname,SUR,1973,2106562.0,339450000.0,930.2370193,378476.2,5.5659034834951315,South America
Suriname,SUR,1974,1600990.0,409850000.0,1133.231029,377995.6,4.235472582220534,South America
Suriname,SUR,1975,2018745.0,465500000.0,1295.812757,377515.0,5.347456392461226,South America
Suriname,SUR,1976,1996528.0,505500000.0,1412.212354,377034.4,5.295347055865459,South America
Suriname,SUR,1977,1897527.0,641500000.0,1793.658028,376553.8,5.039192274782515,South America
Suriname,SUR,1978,2391861.0,735500000.0,2053.878353,376073.2,6.360094258245469,South America
Suriname,SUR,1979,2292768.0,782500000.0,2180.72269,375592.6,6.10440141791931,South America
Suriname,SUR,1980,2369417.0,795000000.0,2211.214054,375112.0,6.316558787775384,South America
Suriname,SUR,1981,2028322.0,889000000.0,2468.457062,378876.4,5.353518984027509,South America
Suriname,SUR,1982,1870567.0,915000000.0,2535.138685,382640.8,4.888571736207953,South America
Suriname,SUR,1983,1372057.0,883500000.0,2438.707968,386405.2,3.550824367788011,South America
Suriname,SUR,1984,1552032.0,864000000.0,2368.927567,390169.6,3.97783938061807,South America
Suriname,SUR,1985,1595856.0,873000000.0,2368.189759,393934.0,4.051074545482238,South America
Suriname,SUR,1986,1756928.0,891000000.0,2381.506042,397698.4,4.417739674084683,South America
Suriname,SUR,1987,1756784.0,980000000.0,2571.95571,401462.8,4.375957124794626,South America
Suriname,SUR,1988,1873888.0,1161000000.0,2985.519843,405227.2,4.624289781140061,South America
Suriname,SUR,1989,1851760.0,542600000.0,1366.468387,408991.6,4.527623550214724,South America
Suriname,SUR,1990,1737368.0,388400000.0,958.6123321,412756.0,4.209188963939955,South America
Suriname,SUR,1991,2023142.1,448100000.0,1084.96425,419380.2,4.824124028745277,South America
Suriname,SUR,1992,2030452.0,404600000.0,961.8264719,426004.4,4.766270019746274,South America
Suriname,SUR,1993,2037761.9,428764705.9,1001.721163,432628.6,4.710187675988134,South America
Suriname,SUR,1994,2042253.0,605492537.3,1391.620154,439252.8,4.649379582782398,South America
Suriname,SUR,1995,2060550.9,691590497.7,1565.212023,445877.0,4.621343778665416,South America
Suriname,SUR,1996,2082514.0,861411471.3,1921.905439,452501.2,4.602228679172564,South America
Suriname,SUR,1997,2104476.0,926422500.0,2039.836843,459125.4,4.583662764029174,South America
Suriname,SUR,1998,2104454.0,1110850000.0,2415.742066,465749.6,4.5184236336434855,South America
Suriname,SUR,1999,2122753.0,886290697.7,1904.44518,472373.8,4.493799190386935,South America
Suriname,SUR,2000,2192347.0,947671969.7,2012.281651,478998.0,4.576943953836968,South America
Suriname,SUR,2001,2362832.0,834279357.8,1750.576737,485706.2,4.864735101178449,South America
Suriname,SUR,2002,1560114.0,1093574468.0,2267.753984,492414.4,3.1682948345946014,South America
Suriname,SUR,2003,1537767.0,1274190311.0,2611.377493,499122.6,3.0809404342740643,South America
Suriname,SUR,2004,1555785.0,1484092538.0,3006.183233,505830.8,3.075702389020202,South America
Suriname,SUR,2005,1588520.0,1793388732.0,3590.648183,512539.0,3.099315369171907,South America
Suriname,SUR,2006,1738560.0,2626380435.0,5197.747907,519247.2,3.3482318248418093,South America
Suriname,SUR,2007,1756384.0,2936612022.0,5744.759727,525955.4,3.339416231870611,South America
Suriname,SUR,2008,1931568.0,3532969035.0,6831.983622,532663.6,3.626243655470357,South America
Suriname,SUR,2009,1990704.0,3875409836.0,7408.360786,539371.8,3.690782499196287,South America
Suriname,SUR,2010,2370056.0,4368398048.0,8255.874872,546080.0,4.340125988866101,South America
Suriname,SUR,2011,2755048.0,4422276622.0,8263.203803,551959.0,4.99139972353019,South America
Suriname,SUR,2012,2492080.0,4980000000.0,9200.974786,557838.0,4.467390174208282,South America
Suriname,SUR,2013,3147388.0,5145757576.0,9402.164419,563717.0,5.583276715089309,South America
Suriname,SUR,2014,3200660.0,5240606061.0,9471.922001,569596.0,5.619175696458543,South America
Suriname,SUR,2015,2713354.0,5126291451.0,9168.237157,575475.0,4.714981536991181,South America
Suriname,SUR,2016,2920766.0,3317438911.0,5872.789429,581793.0,5.020283846660238,South America
Suriname,SUR,2017,2426406.0,3591623596.0,6295.560562,588111.0,4.125761973505002,South America
Suriname,SUR,2018,2089318.0,3996247906.0,6938.086981,594429.0,3.514831880678769,South America
Suriname,SUR,2019,2635797.0,3984483762.0,6853.693411,600747.0,4.387532522010098,South America
Suriname,SUR,2020,2917944.0,2884248048.0,4916.605666,607065.0,4.806641792888735,South America
Sweden,SWE,1970,92287020.0,38092452061.0,4736.217154,8027702.0,11.496069485389468,Europe
Sweden,SWE,1971,84508860.0,41566412923.0,5132.711607,8056108.1,10.490035504861213,Europe
Sweden,SWE,1972,84703224.0,48954145809.0,6027.128499,8084514.2,10.47721877957738,Europe
Sweden,SWE,1973,87289530.0,59404966684.0,7301.215426,8112920.3,10.759323002347257,Europe
Sweden,SWE,1974,79822840.0,66013338965.0,8089.914585,8141326.4,9.804648048504724,Europe
Sweden,SWE,1975,80760120.0,82885397621.0,10117.30668,8169732.5,9.88528326967866,Europe
Sweden,SWE,1976,88240856.0,89362071673.0,10868.27577,8198138.6,10.763523319793594,Europe
Sweden,SWE,1977,85740390.0,94468740851.0,11448.61939,8226544.7,10.422406140940314,Europe
Sweden,SWE,1978,79476490.0,104442000000.0,12620.51861,8254950.8,9.627736363976876,Europe
Sweden,SWE,1979,84868580.0,123386000000.0,14877.16429,8283356.9,10.245674673271653,Europe
Sweden,SWE,1980,71713690.0,142092000000.0,17097.83265,8311763.0,8.62797579767373,Europe
Sweden,SWE,1981,69388504.0,129687000000.0,15586.43008,8335427.3,8.324528725719917,Europe
Sweden,SWE,1982,62256744.0,114381000000.0,13738.9723,8359091.6,7.447788226175199,Europe
Sweden,SWE,1983,58268316.0,105014000000.0,12608.22915,8382755.9,6.950973724524174,Europe
Sweden,SWE,1984,57308090.0,109201000000.0,13099.02083,8406420.2,6.817181230126946,Europe
Sweden,SWE,1985,62364010.0,114124000000.0,13666.85775,8430084.5,7.397791801493804,Europe
Sweden,SWE,1986,62009780.0,150498000000.0,17981.01941,8453748.8,7.33518128667367,Europe
Sweden,SWE,1987,59694708.0,183010000000.0,21792.55891,8477413.1,7.041618391818137,Europe
Sweden,SWE,1988,57425120.0,206987000000.0,24534.69382,8501077.4,6.755040249368862,Europe
Sweden,SWE,1989,55520776.0,217948000000.0,25662.22059,8524741.7,6.512898332157091,Europe
Sweden,SWE,1990,57509900.0,261846000000.0,30593.67244,8548406.0,6.727558330757804,Europe
Sweden,SWE,1991,57739636.0,274229000000.0,31822.80385,8580669.7,6.729036079782911,Europe
Sweden,SWE,1992,57567240.0,284321000000.0,32800.98269,8612933.4,6.683813438055843,Europe
Sweden,SWE,1993,57560864.0,212953000000.0,24425.28493,8645197.1,6.658132062714915,Europe
Sweden,SWE,1994,60014544.0,229034000000.0,26083.61439,8677460.8,6.916141182683302,Europe
Sweden,SWE,1995,59506170.0,267306000000.0,30282.96392,8709724.5,6.832152957306514,Europe
Sweden,SWE,1996,63381056.0,291744000000.0,32998.96816,8741988.2,7.25018777764994,Europe
Sweden,SWE,1997,58383136.0,268146000000.0,30312.4876,8774251.9,6.653916101952806,Europe
Sweden,SWE,1998,58801836.0,270809000000.0,30596.5272,8806515.6,6.677083045194402,Europe
Sweden,SWE,1999,55981610.0,274072000000.0,30941.07936,8838779.3,6.333635912823391,Europe
Sweden,SWE,2000,54930064.0,262835000000.0,29624.91267,8871043.0,6.192063774237145,Europe
Sweden,SWE,2001,55837576.0,242396000000.0,27247.85773,8922111.6,6.2583364234090055,Europe
Sweden,SWE,2002,56685410.0,266849000000.0,29899.19525,8973180.2,6.317204016475675,Europe
Sweden,SWE,2003,57292210.0,334337000000.0,37321.7979,9024248.8,6.348695749611868,Europe
Sweden,SWE,2004,56516920.0,385118000000.0,42821.67314,9075317.4,6.22754197004724,Europe
Sweden,SWE,2005,53875336.0,392218000000.0,43437.06312,9126386.0,5.903249763926269,Europe
Sweden,SWE,2006,53738076.0,423093000000.0,46593.60216,9177454.6,5.855444493291201,Europe
Sweden,SWE,2007,52994140.0,491253000000.0,53700.00534,9228523.2,5.742429081177366,Europe
Sweden,SWE,2008,50866884.0,517706000000.0,56152.55234,9279591.8,5.481586377538719,Europe
Sweden,SWE,2009,47238908.0,436537000000.0,46946.96027,9330660.4,5.062761473989558,Europe
Sweden,SWE,2010,53120372.0,495813000000.0,52869.04429,9381729.0,5.662108977993289,Europe
Sweden,SWE,2011,49210976.0,574094000000.0,60755.75955,9475253.0,5.1936318745262,Europe
Sweden,SWE,2012,46712080.0,552484000000.0,58037.82132,9568777.0,4.881718949036016,Europe
Sweden,SWE,2013,45202084.0,586842000000.0,61126.9432,9662301.0,4.678190422757478,Europe
Sweden,SWE,2014,43473364.0,581964000000.0,60020.36046,9755825.0,4.45614430353148,Europe
Sweden,SWE,2015,43418744.0,505104000000.0,51545.48361,9849349.0,4.408285664362182,Europe
Sweden,SWE,2016,43414110.0,515655000000.0,51965.15715,9953273.0,4.3617923471002955,Europe
Sweden,SWE,2017,42456588.0,541019000000.0,53791.50873,10057197.0,4.22151301202512,Europe
Sweden,SWE,2018,42036584.0,555455000000.0,54589.06039,10161121.0,4.137002600402062,Europe
Sweden,SWE,2019,41006040.0,533880000000.0,51939.42974,10265045.0,3.994725790291226,Europe
Sweden,SWE,2020,36686484.0,541487000000.0,52300.2062,10368969.0,3.5381033543450657,Europe
Switzerland,CHE,1980,40490604.0,122661000000.0,19410.18935,6319113.0,6.4076404394097715,Europe
Switzerland,CHE,1981,38812388.0,112339000000.0,17679.86887,6358371.0,6.104140195657032,Europe
Switzerland,CHE,1982,36585736.0,115140000000.0,18015.10596,6397629.0,5.718639827348538,Europe
Switzerland,CHE,1983,40022812.0,114731000000.0,17874.25065,6436887.0,6.217727917237013,Europe
Switzerland,CHE,1984,39128720.0,109547000000.0,17005.53424,6476145.0,6.0419771330011915,Europe
Switzerland,CHE,1985,39780900.0,111074000000.0,17166.5185,6515403.0,6.105669902537111,Europe
Switzerland,CHE,1986,42246576.0,159224000000.0,24480.42256,6554661.0,6.445272455737985,Europe
Switzerland,CHE,1987,40205244.0,199404000000.0,30466.10902,6593919.0,6.097321486660664,Europe
Switzerland,CHE,1988,40662424.0,215722000000.0,32717.92045,6633177.0,6.130158142923067,Europe
Switzerland,CHE,1989,39419076.0,208281000000.0,31334.97908,6672435.0,5.907749719555155,Europe
Switzerland,CHE,1990,44161000.0,265987000000.0,39607.81909,6711693.0,6.579710961153914,Europe
Switzerland,CHE,1991,46136910.0,269128000000.0,39577.74875,6758729.6,6.826269540358591,Europe
Switzerland,CHE,1992,46018556.0,280157000000.0,40747.92546,6805766.2,6.7617009823229015,Europe
Switzerland,CHE,1993,43605820.0,272466000000.0,39270.11413,6852802.8,6.363209517717335,Europe
Switzerland,CHE,1994,42666300.0,301628000000.0,43128.01411,6899839.4,6.183665666189274,Europe
Switzerland,CHE,1995,43407790.0,353133000000.0,50155.97413,6946876.0,6.248533873355448,Europe
Switzerland,CHE,1996,44099084.0,340471000000.0,48144.57913,6993912.6,6.3053524575071185,Europe
Switzerland,CHE,1997,43035148.0,295121000000.0,41631.43886,7040949.2,6.112123064316385,Europe
Switzerland,CHE,1998,44613704.0,303882000000.0,42740.12818,7087985.8,6.294271074865867,Europe
Switzerland,CHE,1999,44436972.0,298520000000.0,41786.23414,7135022.4,6.228007357061696,Europe
Switzerland,CHE,2000,43614184.0,279841000000.0,38952.0342,7182059.0,6.072657437094293,Europe
Switzerland,CHE,2001,45080920.0,287227000000.0,39727.84667,7246096.6,6.2214075368523245,Europe
Switzerland,CHE,2002,43460932.0,310176000000.0,42578.76314,7310134.2,5.945298788085176,Europe
Switzerland,CHE,2003,44646084.0,363063000000.0,49470.39713,7374171.8,6.054386202393603,Europe
Switzerland,CHE,2004,45231410.0,405531000000.0,54878.471,7438209.4,6.080954107046247,Europe
Switzerland,CHE,2005,45778290.0,420545000000.0,56546.78566,7502247.0,6.101943857620257,Europe
Switzerland,CHE,2006,45367704.0,443802000000.0,59300.61722,7566284.6,5.996034566291625,Europe
Switzerland,CHE,2007,43362896.0,493537000000.0,65359.51922,7630322.2,5.6829705041813305,Europe
Switzerland,CHE,2008,44705780.0,570304000000.0,74572.23237,7694359.8,5.810201389334562,Europe
Switzerland,CHE,2009,43529708.0,558200000000.0,72083.1677,7758397.4,5.610657169997505,Europe
Switzerland,CHE,2010,45043332.0,603434000000.0,77117.12601,7822435.0,5.758223877859004,Europe
Switzerland,CHE,2011,40981070.0,722038000000.0,91254.03476,7914294.4,5.178107855072968,Europe
Switzerland,CHE,2012,42248652.0,692110000000.0,86547.67089,8006153.8,5.277022282534717,Europe
Switzerland,CHE,2013,43182480.0,712748000000.0,88109.48675,8098013.2,5.3324783417246095,Europe
Switzerland,CHE,2014,39228588.0,734397000000.0,89684.70758,8189872.6,4.789889894013736,Europe
Switzerland,CHE,2015,38725590.0,702150000000.0,84776.14217,8281732.0,4.676025498047993,Europe
Switzerland,CHE,2016,39178640.0,695601000000.0,83073.28008,8353108.2,4.690306777062938,Europe
Switzerland,CHE,2017,38172092.0,704479000000.0,83352.08865,8424484.4,4.53108940411831,Europe
Switzerland,CHE,2018,36867250.0,735539000000.0,86388.40495,8495860.6,4.339436784073412,Europe
Switzerland,CHE,2019,36726916.0,731767000000.0,85334.51946,8567236.8,4.286903333873064,Europe
Switzerland,CHE,2020,34235224.0,752248000000.0,87100.41482,8638613.0,3.963046382561645,Europe
Syria,SYR,1970,6649929.0,1780104712.0,280.307437,6319199.0,1.0523373294621676,Asia
Syria,SYR,1971,8874187.0,2097643979.0,319.2343618,6577174.5,1.3492400118014203,Asia
Syria,SYR,1972,7756279.0,2415706806.0,355.2432692,6835150.0,1.1347635384739179,Asia
Syria,SYR,1973,7885176.0,2579219251.0,366.4777717,7093125.5,1.1116645264488836,Asia
Syria,SYR,1974,9654411.0,4244670160.0,582.8044312,7351101.0,1.3133285748624595,Asia
Syria,SYR,1975,11171188.0,5566756757.0,738.7164664,7609076.5,1.4681397933113172,Asia
Syria,SYR,1976,13737146.0,6417632803.0,823.3373168,7867052.0,1.7461618405471324,Asia
Syria,SYR,1977,14632356.0,6882292994.0,853.8134376,8125027.5,1.8008992584948174,Asia
Syria,SYR,1978,15181394.0,8251974522.0,989.870176,8383003.0,1.8109732276130641,Asia
Syria,SYR,1979,22484598.0,9929681529.0,1151.174929,8640978.5,2.6020893351372187,Asia
Syria,SYR,1980,20726688.0,13062420382.0,1462.629942,8898954.0,2.3291150847616473,Asia
Syria,SYR,1981,26534616.0,16758471338.0,1811.167812,9249958.2,2.8686200981967684,Asia
Syria,SYR,1982,24364442.0,17525605096.0,1827.444431,9600962.4,2.53770830307595,Asia
Syria,SYR,1983,27774502.0,18672866242.0,1878.774957,9951966.6,2.7908556284744765,Asia
Syria,SYR,1984,32849010.0,19195414013.0,1864.891139,10302970.8,3.188304678103135,Asia
Syria,SYR,1985,29389378.0,21203821656.0,1991.224757,10653975.0,2.758536414812312,Asia
Syria,SYR,1986,31073248.0,25460636943.0,2313.704589,11004979.2,2.823562628814419,Asia
Syria,SYR,1987,35942868.0,32538089172.0,2864.054617,11355983.4,3.1651039574432627,Asia
Syria,SYR,1988,36679116.0,16574342984.0,1414.306039,11706987.6,3.133095998154128,Asia
Syria,SYR,1989,34271284.0,18609532294.0,1540.468214,12057991.8,2.8422049515741086,Asia
Syria,SYR,1990,37045332.0,23904498886.0,1920.631225,12408996.0,2.985360942980399,Asia
Syria,SYR,1991,42200812.0,27756258352.0,2165.851893,12798861.8,3.2972316335191616,Asia
Syria,SYR,1992,42561740.0,33107349666.0,2510.477755,13188727.6,3.227130113749563,Asia
Syria,SYR,1993,45221630.0,36860133630.0,2717.282164,13578593.4,3.330361891534362,Asia
Syria,SYR,1994,45650096.0,45086948775.0,3231.926743,13968459.2,3.268083855662477,Asia
Syria,SYR,1995,46082532.0,50866369710.0,3545.808903,14358325.0,3.2094643351505137,Asia
Syria,SYR,1996,47127708.0,61546280624.0,4171.456097,14748190.8,3.1954907987764845,Asia
Syria,SYR,1997,49256710.0,66420400891.0,4376.873332,15138056.6,3.2538331241277034,Asia
Syria,SYR,1998,53158420.0,70418173719.0,4514.104713,15527922.4,3.423408401371197,Asia
Syria,SYR,1999,55150680.0,72970334076.0,4556.66108,15917788.2,3.464720054511091,Asia
Syria,SYR,2000,54171076.0,80590022272.0,4910.777748,16307654.0,3.32181906729196,Asia
Syria,SYR,2001,50951036.0,86771314031.0,5175.261944,16910644.9,3.0129564130342543,Asia
Syria,SYR,2002,40349620.0,90558485523.0,5300.582812,17513635.8,2.303897400904043,Asia
Syria,SYR,2003,54977924.0,95693808463.0,5494.839654,18116626.7,3.0346667130917924,Asia
Syria,SYR,2004,51286628.0,112863000000.0,6330.740183,18719617.6,2.7397262644937785,Asia
Syria,SYR,2005,50751040.0,134204000000.0,7309.107876,19322608.5,2.6265108046876797,Asia
Syria,SYR,2006,53663740.0,153800000000.0,8069.564879,19925599.4,2.693205806395967,Asia
Syria,SYR,2007,66660340.0,180030000000.0,9056.634662,20528590.3,3.2471952056055207,Asia
Syria,SYR,2008,67755630.0,218090000000.0,10554.08378,21131581.2,3.2063682011642367,Asia
Syria,SYR,2009,62968376.0,224562000000.0,10589.59905,21734572.1,2.8971527808454067,Asia
Syria,SYR,2010,61721950.0,252518000000.0,11820.60778,22337563.0,2.763146096107261,Asia
Syria,SYR,2011,58835576.0,73616694709.0,3491.952576,21711086.0,2.7099324280692363,Asia
Syria,SYR,2012,45850204.0,44117799607.0,2158.525351,21084609.0,2.174581658118488,Asia
Syria,SYR,2013,34042910.0,22552466245.0,1151.901597,20458132.0,1.6640282700297369,Asia
Syria,SYR,2014,30943050.0,22075987602.0,1179.858296,19831655.0,1.5602858157828987,Asia
Syria,SYR,2015,28603272.0,17622064892.0,979.1444387,19205178.0,1.4893520903581314,Asia
Syria,SYR,2016,26936300.0,12453459335.0,713.029204,19518661.4,1.380028038193234,Asia
Syria,SYR,2017,28443664.0,16340665432.0,955.836559,19832144.8,1.434220266483734,Asia
Syria,SYR,2018,32424630.0,21445775364.0,1265.60619,20145628.2,1.6095119833493206,Asia
Tajikistan,TJK,1990,11965114.0,2631768953.0,498.0815841,5417860.0,2.2084575828832786,Asia
Tajikistan,TJK,1991,9658038.0,1352000000.0,250.3408858,5503373.8,1.7549304028739607,Asia
Tajikistan,TJK,1992,7308103.0,2156666667.0,391.9437685,5588887.6,1.3076131643799744,Asia
Tajikistan,TJK,1993,5170596.0,1644325581.0,293.9804022,5674401.4,0.9112143529359766,Asia
Tajikistan,TJK,1994,2355098.0,1518796992.0,267.4329629,5759915.2,0.40887720013655754,Asia
Tajikistan,TJK,1995,2445277.0,1231040564.0,213.5441443,5845429.0,0.41832293232883333,Asia
Tajikistan,TJK,1996,2823798.0,1043654822.0,178.3612515,5930942.8,0.476112836562848,Asia
Tajikistan,TJK,1997,2150084.0,921572114.5,155.1885177,6016456.6,0.3573671586029558,Asia
Tajikistan,TJK,1998,2496671.0,1320242081.0,219.0402456,6101970.4,0.40915816307466846,Asia
Tajikistan,TJK,1999,2517199.0,1086605267.0,177.5596287,6187484.2,0.40682107923604877,Asia
Tajikistan,TJK,2000,2233862.0,860521119.3,138.4291467,6272998.0,0.3561075581404617,Asia
Tajikistan,TJK,2001,2287606.0,1080768907.0,171.0480646,6407876.1,0.356999099904569,Asia
Tajikistan,TJK,2002,1877243.0,1221120799.0,190.0026776,6542754.2,0.2869193832774583,Asia
Tajikistan,TJK,2003,2070857.0,1555301496.0,237.7573352,6677632.3,0.31011845321282516,Asia
Tajikistan,TJK,2004,2560492.0,2076182461.0,311.6272313,6812510.4,0.3758514629203355,Asia
Tajikistan,TJK,2005,2439487.0,2312327536.0,340.5831832,6947388.5,0.3511372654631305,Asia
Tajikistan,TJK,2006,2655168.0,2830220713.0,408.8384135,7082266.6,0.3749037066749224,Asia
Tajikistan,TJK,2007,3227096.0,3719506173.0,526.6432883,7217144.7,0.4471430370517581,Asia
Tajikistan,TJK,2008,2896020.0,5161337336.0,715.8657063,7352022.8,0.3939079187839298,Asia
Tajikistan,TJK,2009,2443974.0,4979481980.0,676.1235111,7486900.9,0.3264333310462277,Asia
Tajikistan,TJK,2010,2536415.0,5642178580.0,749.5524123,7621779.0,0.33278516734741326,Asia
Tajikistan,TJK,2011,2340736.0,6522732203.0,847.3824321,7802235.8,0.300008364269124,Asia
Tajikistan,TJK,2012,2933412.0,7633049792.0,969.2961039,7982692.6,0.36747149702344795,Asia
Tajikistan,TJK,2013,2906893.0,8448469838.0,1048.225602,8163149.4,0.3560994485780206,Asia
Tajikistan,TJK,2014,4600122.0,9112544556.0,1104.172358,8343606.2,0.5513349851051216,Asia
Tajikistan,TJK,2015,5302282.0,8271454301.0,978.4049812,8524063.0,0.6220369323877593,Asia
Tajikistan,TJK,2016,5692501.0,6992393787.0,807.1025861,8727891.8,0.6522194741231783,Asia
Tajikistan,TJK,2017,6858048.0,7536439875.0,848.6723799,8931720.6,0.7678305566342951,Asia
Tajikistan,TJK,2018,8060483.0,7765014424.0,853.2188734,9135549.4,0.8823205531568796,Asia
Tajikistan,TJK,2019,8856778.0,8300784857.0,890.5444024,9339378.2,0.9483263029223937,Asia
Tajikistan,TJK,2020,9298944.0,8133996648.0,852.8309878,9543207.0,0.9744045162176614,Asia
Tanzania,TZA,1988,2271686.0,5100405772.0,221.58815,24824341.4,0.09151042371661873,Africa
Tanzania,TZA,1989,2161598.0,4420168102.0,186.2186737,25515176.7,0.08471812778000476,Africa
Tanzania,TZA,1990,2112309.0,4258743263.0,173.7906189,26206012.0,0.08060398507029608,Africa
Tanzania,TZA,1991,2255268.0,4956588279.0,195.6614532,27031781.2,0.08343024025364633,Africa
Tanzania,TZA,1992,2177588.0,4601413264.0,175.558075,27857550.4,0.07816868205325046,Africa
Tanzania,TZA,1993,2426036.0,4257702197.0,157.0608063,28683319.6,0.08458002887503997,Africa
Tanzania,TZA,1994,2063123.0,4510846968.0,161.1768799,29509088.8,0.06991483247696892,Africa
Tanzania,TZA,1995,2433890.0,5255221425.0,182.3619232,30334858.0,0.08023409900254025,Africa
Tanzania,TZA,1996,2526706.0,6496195451.0,219.5502167,31160627.2,0.08108649366338813,Africa
Tanzania,TZA,1997,2824358.0,7683852497.0,253.4759827,31986396.4,0.08829872439147288,Africa
Tanzania,TZA,1998,2480937.0,12270448700.0,395.5326233,32812165.6,0.07561027913378567,Africa
Tanzania,TZA,1999,2458755.0,12711213451.0,400.2636719,33637934.8,0.07309470734808607,Africa
Tanzania,TZA,2000,2571821.0,13375976354.0,410.9523621,34463704.0,0.07462404505331174,Africa
Tanzania,TZA,2001,3040810.0,13581644246.0,406.5387573,35528386.3,0.08558818220235351,Africa
Tanzania,TZA,2002,3485616.0,14142035080.0,411.9723206,36593068.6,0.09525344917370498,Africa
Tanzania,TZA,2003,3687241.0,15224257698.0,431.2797241,37657750.9,0.0979145305249762,Africa
Tanzania,TZA,2004,4221283.0,16675948415.0,459.2593079,38722433.2,0.10901388810453161,Africa
Tanzania,TZA,2005,5355817.0,18399046025.0,492.6313477,39787115.5,0.13461184437962084,Africa
Tanzania,TZA,2006,5876241.0,18649590248.0,485.4974365,40851797.8,0.14384289839014136,Africa
Tanzania,TZA,2007,5706146.0,21843529025.0,552.8394775,41916480.1,0.13613132558809488,Africa
Tanzania,TZA,2008,5911275.0,27941177435.0,687.3904419,42981162.4,0.1375317620539737,Africa
Tanzania,TZA,2009,5767178.0,29081425282.0,695.2168579,44045844.7,0.1309358019872417,Africa
Tanzania,TZA,2010,6922992.0,32014249841.0,743.4036865,45110527.0,0.15346732703876415,Africa
Tanzania,TZA,2011,7523881.0,34657139495.0,781.4338989,46596986.2,0.16146711651493031,Africa
Tanzania,TZA,2012,8784956.0,39650530214.0,867.8574829,48083445.4,0.18270229861689571,Africa
Tanzania,TZA,2013,9686995.0,45680532614.0,970.3995972,49569904.6,0.19542089253889747,Africa
Tanzania,TZA,2014,9198410.0,49964788814.0,1030.077637,51056363.8,0.18016187043856813,Africa
Tanzania,TZA,2015,9723330.0,47378599025.0,947.9333496,52542823.0,0.1850553404791364,Africa
Tanzania,TZA,2016,10213532.0,49774021003.0,966.5029907,54375162.0,0.18783451164706416,Africa
Tanzania,TZA,2017,11233944.0,53320625959.0,1004.906616,56207501.0,0.19986556598557903,Africa
Tanzania,TZA,2018,11837862.0,57003713611.0,1042.838745,58039840.0,0.20396096887930773,Africa
Tanzania,TZA,2019,13743298.0,61136873692.0,1085.884888,59872179.0,0.22954397567524643,Africa
Tanzania,TZA,2020,14168675.0,62409709111.0,1076.469727,61704518.0,0.2296213544687279,Africa
Thailand,THA,1970,15352543.0,7086538438.0,192.127686,35791728.0,0.4289410949926754,Asia
Thailand,THA,1971,19202178.0,7375000024.0,194.266671,36786330.5,0.5219922112100852,Asia
Thailand,THA,1972,21759532.0,8177884553.0,209.3747807,37780933.0,0.5759395089581297,Asia
Thailand,THA,1973,24344560.0,10838587358.0,269.8879592,38775535.5,0.6278329798952744,Asia
Thailand,THA,1974,24103836.0,13703000530.0,332.1752699,39770138.0,0.6060787619092496,Asia
Thailand,THA,1975,24236140.0,14882747955.0,351.6193358,40764740.5,0.5945368399928855,Asia
Thailand,THA,1976,28554744.0,16985211146.0,391.5693898,41759343.0,0.6837929418573467,Asia
Thailand,THA,1977,31869152.0,19779315170.0,445.4208525,42753945.5,0.7454084442335269,Asia
Thailand,THA,1978,34741212.0,24006570178.0,528.6267551,43748548.0,0.7941112011306066,Asia
Thailand,THA,1979,36362616.0,27371699083.0,589.88506,44743150.5,0.8126968171362899,Asia
Thailand,THA,1980,39717524.0,32353440727.0,682.9299728,45737753.0,0.8683750598766844,Asia
Thailand,THA,1981,37523256.0,34846107862.0,721.0593448,46686818.7,0.8037227004289328,Asia
Thailand,THA,1982,37311810.0,36589797857.0,742.8512326,47635884.4,0.7832710669690013,Asia
Thailand,THA,1983,41745956.0,40042826244.0,798.0804499,48584950.1,0.859236366695373,Asia
Thailand,THA,1984,45116800.0,41797592963.0,818.0389335,49534015.8,0.9108245974274511,Asia
Thailand,THA,1985,47791670.0,38900692712.0,747.7034373,50483081.5,0.9466868618152796,Asia
Thailand,THA,1986,48768180.0,43096746122.0,813.4515045,51432147.2,0.9482042390794837,Asia
Thailand,THA,1987,53571300.0,50535438696.0,936.7804583,52381212.9,1.0227197316387457,Asia
Thailand,THA,1988,60490628.0,61667199835.0,1123.437643,53330278.6,1.1342642414022566,Asia
Thailand,THA,1989,71403816.0,72250877410.0,1295.464722,54279344.3,1.315487814394987,Asia
Thailand,THA,1990,86563260.0,85343063966.0,1508.94247,55228410.0,1.5673683164154102,Asia
Thailand,THA,1991,95044850.0,98234695722.0,1716.41542,56012229.3,1.696858903632318,Asia
Thailand,THA,1992,105513440.0,111453000000.0,1927.882603,56796048.6,1.857760224537874,Asia
Thailand,THA,1993,121855064.0,128889000000.0,2209.36303,57579867.9,2.1162789781252695,Asia
Thailand,THA,1994,136870020.0,146683000000.0,2491.427836,58363687.2,2.3451229106032216,Asia
Thailand,THA,1995,153650030.0,169279000000.0,2846.586834,59147506.5,2.5977431525367853,Asia
Thailand,THA,1996,173565810.0,183035000000.0,3043.980314,59931325.8,2.8960782642989686,Asia
Thailand,THA,1997,181202720.0,150181000000.0,2468.18473,60715145.1,2.984473144246838,Asia
Thailand,THA,1998,159704050.0,113676000000.0,1845.82887,61498964.4,2.5968575496858284,Asia
Thailand,THA,1999,167234720.0,126669000000.0,2033.258009,62282783.7,2.685087436128838,Asia
Thailand,THA,2000,167352140.0,126392000000.0,2007.735271,63066603.0,2.65357783738566,Asia
Thailand,THA,2001,172266850.0,120296000000.0,1893.264239,63586991.6,2.7091523858159694,Asia
Thailand,THA,2002,184665460.0,134301000000.0,2096.187802,64107380.2,2.880564755943653,Asia
Thailand,THA,2003,191087730.0,152281000000.0,2359.116831,64627768.8,2.956743417699421,Asia
Thailand,THA,2004,207330690.0,172896000000.0,2660.126835,65148157.4,3.1824490250279895,Asia
Thailand,THA,2005,214325140.0,189319000000.0,2894.062656,65668546.0,3.2637412133352246,Asia
Thailand,THA,2006,215824670.0,221758000000.0,3369.543198,66188934.6,3.260736425269489,Asia
Thailand,THA,2007,224082600.0,262942000000.0,3973.017172,66709323.2,3.3590896931779994,Asia
Thailand,THA,2008,224248700.0,291383000000.0,4379.658787,67229711.8,3.3355594423357324,Asia
Thailand,THA,2009,228836240.0,281710000000.0,4213.006654,67750100.4,3.3776516735612097,Asia
Thailand,THA,2010,241018980.0,341105000000.0,5076.339872,68270489.0,3.530353796059671,Asia
Thailand,THA,2011,244878160.0,370819000000.0,5492.1215,68675270.6,3.565740008893391,Asia
Thailand,THA,2012,262347660.0,397558000000.0,5860.581471,69080052.2,3.7977339571263378,Asia
Thailand,THA,2013,263753500.0,420333000000.0,6168.261356,69484833.8,3.7958427123704226,Asia
Thailand,THA,2014,272487650.0,407339000000.0,5951.883487,69889615.4,3.8988288666416095,Asia
Thailand,THA,2015,277098700.0,401296000000.0,5840.053067,70294397.0,3.9419742088405707,Asia
Thailand,THA,2016,284045300.0,413366000000.0,5993.305516,70530650.4,4.027260466039881,Asia
Thailand,THA,2017,283347620.0,456357000000.0,6593.818352,70766903.8,4.003956719666461,Asia
Thailand,THA,2018,288346340.0,506755000000.0,7298.947146,71003157.2,4.061035471814202,Asia
Thailand,THA,2019,281870340.0,544081000000.0,7814.384431,71239410.6,3.9566629991180755,Asia
Thailand,THA,2020,271852000.0,499682000000.0,7158.766684,71475664.0,3.8034204201306894,Asia
Togo,TGO,1970,274800.0,253976626.2,120.0538809,2197383.0,0.12505785290957472,Africa
Togo,TGO,1971,315104.0,286537525.0,131.0984359,2261455.7,0.13933679974363414,Africa
Togo,TGO,1972,404950.0,335677636.9,149.3508287,2325528.4,0.17413246813068378,Africa
Togo,TGO,1973,411639.0,406479906.2,176.4738164,2389601.1,0.17226264249710965,Africa
Togo,TGO,1974,390468.0,560437742.6,237.8142181,2453673.8,0.15913606772016722,Africa
Togo,TGO,1975,311440.0,617321669.4,256.1021441,2517746.5,0.12369791795957218,Africa
Togo,TGO,1976,322432.0,619375134.2,251.3265307,2581819.2,0.12488558455216384,Africa
Togo,TGO,1977,461664.0,777435020.5,308.6953426,2645891.9,0.17448331883853607,Africa
Togo,TGO,1978,355408.0,824263841.5,319.9418085,2709964.6,0.1311485766271633,Africa
Togo,TGO,1979,1381328.0,891775906.6,337.4496798,2774037.3,0.49794860364711035,Africa
Togo,TGO,1980,794433.0,1136408814.0,417.6691399,2838110.0,0.2799162118452068,Africa
Togo,TGO,1981,706484.0,962347001.0,342.1906961,2941893.7,0.24014599847710336,Africa
Togo,TGO,1982,817874.0,821651918.7,281.8105522,3045677.4,0.26853599136927636,Africa
Togo,TGO,1983,623627.0,765746590.6,252.973786,3149461.1,0.19801070094182144,Africa
Togo,TGO,1984,694581.0,718148959.6,228.6486926,3253244.8,0.21350406830743265,Africa
Togo,TGO,1985,659031.0,762359722.7,234.35611,3357028.5,0.1963137935826282,Africa
Togo,TGO,1986,847915.0,1060911735.0,315.4621221,3460812.2,0.24500462637065368,Africa
Togo,TGO,1987,924976.0,1249099130.0,359.7907244,3564595.9,0.25948972224313,Africa
Togo,TGO,1988,963449.0,1378847487.0,385.4254188,3668379.6,0.2626361241350268,Africa
Togo,TGO,1989,1024183.06,1352949663.0,367.7925841,3772163.3,0.27151079594035604,Africa
Togo,TGO,1990,977644.0,1628427515.0,431.4503884,3875947.0,0.25223358317335093,Africa
Togo,TGO,1991,1049806.0,1602299863.0,414.7814374,3989155.8,0.26316495334677076,Africa
Togo,TGO,1992,1030496.0,1692959110.0,429.042361,4102364.6,0.25119561532877893,Africa
Togo,TGO,1993,1068807.0,1233496846.0,306.1512474,4215573.4,0.25353775123450584,Africa
Togo,TGO,1994,1006679.06,982624324.5,238.4654535,4328782.2,0.2325547956651642,Africa
Togo,TGO,1995,1174741.0,1309382885.0,309.8182936,4441991.0,0.2644627150302646,Africa
Togo,TGO,1996,1265171.0,1465448290.0,336.9770039,4555199.8,0.27774215304452726,Africa
Togo,TGO,1997,878986.0,1498950899.0,334.1438424,4668408.6,0.18828386187104532,Africa
Togo,TGO,1998,1289967.0,1587345951.0,342.6579042,4781617.4,0.26977628950404936,Africa
Togo,TGO,1999,1850434.0,1576672792.0,329.8164697,4894826.2,0.37803875447099633,Africa
Togo,TGO,2000,1331372.0,1491891108.0,302.958592,5008035.0,0.26584718357599335,Africa
Togo,TGO,2001,1158913.0,1482437752.0,292.8231035,5164417.0,0.22440345154157768,Africa
Togo,TGO,2002,1322471.0,1706698099.0,328.3981073,5320799.0,0.2485474455998056,Africa
Togo,TGO,2003,1804731.0,2115836353.0,396.9205798,5477181.0,0.3294999745306938,Africa
Togo,TGO,2004,1743929.0,2259992642.0,413.3298662,5633563.0,0.3095605747197644,Africa
Togo,TGO,2005,1721591.0,2281482855.0,406.562366,5789945.0,0.2973415118796465,Africa
Togo,TGO,2006,1500506.0,2351584608.0,408.0571173,5946327.0,0.25234165561362504,Africa
Togo,TGO,2007,1516752.0,2662612348.0,449.7382505,6102709.0,0.2485374937589192,Africa
Togo,TGO,2008,1522778.0,3323677130.0,546.3503702,6259091.0,0.24329059922598983,Africa
Togo,TGO,2009,2740838.0,3379258565.0,540.6087126,6415473.0,0.4272230590012615,Africa
Togo,TGO,2010,2595698.0,3429461495.0,534.0447826,6571855.0,0.3949718914979104,Africa
Togo,TGO,2011,2503920.0,3872459250.0,587.0974928,6752129.8,0.3708341033372907,Africa
Togo,TGO,2012,2215629.0,3873308389.0,571.8067239,6932404.6,0.3196046866624028,Africa
Togo,TGO,2013,1642552.0,4321655656.0,621.3988536,7112679.4,0.23093294490399777,Africa
Togo,TGO,2014,1541898.0,4574986537.0,640.9342196,7292954.2,0.21142296492140317,Africa
Togo,TGO,2015,1863341.0,4180866177.0,570.9099672,7473229.0,0.2493354612845398,Africa
Togo,TGO,2016,2311978.0,6031632168.0,803.1518934,7667099.2,0.3015453354249023,Africa
Togo,TGO,2017,1991390.0,6395472574.0,830.7452767,7860969.4,0.2533262627889125,Africa
Togo,TGO,2018,2165189.0,7112200725.0,901.5230169,8054839.6,0.26880597349201096,Africa
Togo,TGO,2019,2414997.0,7220395248.0,893.3524541,8248709.8,0.29277269519167715,Africa
Togo,TGO,2020,2381218.0,7574636979.0,914.9507925,8442580.0,0.28204861547062626,Africa
Tonga,TON,1975,32976.0,32506741.72,368.0522381,91596.0,0.3600157212105332,Oceania
Tonga,TON,1976,29312.0,30036416.96,336.6254647,92618.4,0.3164813903068937,Oceania
Tonga,TON,1977,29312.0,34139387.89,378.2380471,93640.8,0.3130259459551819,Oceania
Tonga,TON,1978,36640.0,41567471.67,455.1050152,94663.2,0.38705642741846885,Oceania
Tonga,TON,1979,40304.0,44667002.01,484.0849456,95685.6,0.4212128052705945,Oceania
Tonga,TON,1980,40304.0,53260077.43,572.8984514,96708.0,0.41675973032220703,Oceania
Tonga,TON,1981,47632.0,62242013.33,666.2957055,96909.9,0.4915080915365716,Oceania
Tonga,TON,1982,43968.0,62068161.07,662.8664303,97111.8,0.4527565136265624,Oceania
Tonga,TON,1983,47632.0,60863963.96,649.3125796,97313.7,0.489468594863827,Oceania
Tonga,TON,1984,47632.0,64248354.54,685.0015944,97515.6,0.4884551805044526,Oceania
Tonga,TON,1985,47632.0,60058663.31,639.6296255,97717.5,0.48744595389771533,Oceania
Tonga,TON,1986,47632.0,68195855.61,724.8632095,97919.4,0.4864408891394351,Oceania
Tonga,TON,1987,54960.0,81667133.45,865.870072,98121.3,0.5601230313907378,Oceania
Tonga,TON,1988,69616.0,106657267.4,1127.550611,98323.2,0.7080322853609321,Oceania
Tonga,TON,1989,69616.0,106344855.0,1121.213468,98525.1,0.7065813686055634,Oceania
Tonga,TON,1990,84272.0,113563821.6,1194.541034,98727.0,0.8535861517112846,Oceania
Tonga,TON,1991,87936.0,132201141.4,1388.040501,99114.6,0.8872154051976197,Oceania
Tonga,TON,1992,69616.0,137066290.6,1436.783691,99502.2,0.6996428219677555,Oceania
Tonga,TON,1993,84272.0,138489884.4,1449.306003,99889.8,0.8436497019715726,Oceania
Tonga,TON,1994,91600.0,195990986.2,2047.138431,100277.4,0.9134660451906412,Oceania
Tonga,TON,1995,95264.0,208871665.7,2176.381296,100665.0,0.9463467938210898,Oceania
Tonga,TON,1996,76944.0,222100576.3,2307.130962,101052.6,0.7614252379453869,Oceania
Tonga,TON,1997,98928.0,214991452.3,2225.100675,101440.2,0.975234670278647,Oceania
Tonga,TON,1998,87936.0,191504892.8,1973.544795,101827.8,0.8635755658081584,Oceania
Tonga,TON,1999,109920.0,199214633.2,2043.751046,102215.4,1.075376117493059,Oceania
Tonga,TON,2000,95264.0,204849612.6,2091.113009,102603.0,0.9284718770406324,Oceania
Tonga,TON,2001,87936.0,181116952.8,1839.086867,103081.0,0.8530767066675721,Oceania
Tonga,TON,2002,102592.0,182763693.9,1845.669127,103559.0,0.9906623277551927,Oceania
Tonga,TON,2003,117248.0,202246959.7,2030.775469,104037.0,1.1269836692715092,Oceania
Tonga,TON,2004,109920.0,230657965.5,2301.654115,104515.0,1.0517150648232312,Oceania
Tonga,TON,2005,113584.0,261797606.1,2594.418739,104993.0,1.0818245025858866,Oceania
Tonga,TON,2006,128240.01,292232117.1,2873.076637,105471.0,1.21587934124072,Oceania
Tonga,TON,2007,113584.0,298513956.2,2910.145122,105949.0,1.072062973694891,Oceania
Tonga,TON,2008,120912.0,344428609.0,3331.546555,106427.0,1.136102680710722,Oceania
Tonga,TON,2009,131904.0,312377379.3,3006.606344,106905.0,1.2338431317524905,Oceania
Tonga,TON,2010,117248.0,366840012.4,3527.952342,107383.0,1.0918674278051461,Oceania
Tonga,TON,2011,102592.0,414523388.5,4002.813771,107130.8,0.9576330989780717,Oceania
Tonga,TON,2012,106256.0,470714083.4,4581.783245,106878.6,0.994174699144637,Oceania
Tonga,TON,2013,113584.0,450643615.2,4428.146521,106626.4,1.0652521326800868,Oceania
Tonga,TON,2014,113584.0,439878828.0,4354.24436,106374.2,1.0677777130168782,Oceania
Tonga,TON,2015,117248.0,437006227.2,4336.239603,106122.0,1.1048415974067582,Oceania
Tonga,TON,2016,124576.0,420540178.6,4157.877249,105948.4,1.175817662182723,Oceania
Tonga,TON,2017,135568.0,460379145.0,4513.432531,105774.8,1.2816663326236495,Oceania
Tonga,TON,2018,135568.0,489235527.4,4740.700272,105601.2,1.2837732904550327,Oceania
Tonga,TON,2019,161216.0,512350059.4,4903.012138,105427.6,1.5291631413405977,Oceania
Tonga,TON,2020,183200.0,488829964.1,4624.823449,105254.0,1.7405514279742338,Oceania
Trinidad and Tobago,TTO,1970,8990356.0,821850000.0,869.354117,988890.0,9.091361020942673,North America
Trinidad and Tobago,TTO,1971,8096400.5,896754316.7,938.269947,1002786.2,8.073904985928207,North America
Trinidad and Tobago,TTO,1972,8235512.5,1083381044.0,1119.038073,1016682.4,8.100378741679801,North America
Trinidad and Tobago,TTO,1973,9389822.0,1308799459.0,1332.78153,1030578.6,9.111213836576852,North America
Trinidad and Tobago,TTO,1974,10042043.0,2042031901.0,2049.247301,1044474.8,9.614442588753697,North America
Trinidad and Tobago,TTO,1975,9613296.0,2442667573.0,2416.248314,1058371.0,9.083106018588945,North America
Trinidad and Tobago,TTO,1976,15910818.0,2500410584.0,2439.177473,1072267.2,14.83848242303784,North America
Trinidad and Tobago,TTO,1977,16159260.0,3138666667.0,3020.242941,1086163.4,14.87737480382786,North America
Trinidad and Tobago,TTO,1978,15311864.0,3562333458.0,3381.234537,1100059.6,13.919122200288056,North America
Trinidad and Tobago,TTO,1979,16707079.0,4602416625.0,4306.781889,1113955.8,14.997972989592585,North America
Trinidad and Tobago,TTO,1980,16919436.0,6235833333.0,5748.673495,1127852.0,15.001468277752755,North America
Trinidad and Tobago,TTO,1981,17242380.0,6992083333.0,6345.001087,1141718.6,15.10212761708533,North America
Trinidad and Tobago,TTO,1982,18405236.0,8140416667.0,7268.105868,1155585.2,15.92719948299788,North America
Trinidad and Tobago,TTO,1983,16275545.0,7763750000.0,6821.850306,1169451.8,13.917243104846218,North America
Trinidad and Tobago,TTO,1984,17504410.0,7757083333.0,6715.606873,1183318.4,14.79264583395306,North America
Trinidad and Tobago,TTO,1985,20723080.0,7375918367.0,6302.609227,1197185.0,17.30983933143165,North America
Trinidad and Tobago,TTO,1986,17354846.0,4794444444.0,4051.476568,1211051.6,14.330393519153105,North America
Trinidad and Tobago,TTO,1987,17489066.0,4797777778.0,4016.449771,1224918.2,14.27774197493351,North America
Trinidad and Tobago,TTO,1988,15833101.0,4496852073.0,3734.461714,1238784.8,12.78115537097323,North America
Trinidad and Tobago,TTO,1989,16105026.0,4323058824.0,3564.356935,1252651.4,12.856750090248573,North America
Trinidad and Tobago,TTO,1990,16981164.0,5068000000.0,4150.284861,1266518.0,13.407755752385675,North America
Trinidad and Tobago,TTO,1991,16968162.0,5307905882.0,4318.502428,1273086.5,13.328365354592952,North America
Trinidad and Tobago,TTO,1992,19102764.0,5439552941.0,4398.495123,1279655.0,14.928057953120177,North America
Trinidad and Tobago,TTO,1993,17411194.0,4669488516.0,3754.800372,1286223.5,13.536678501053666,North America
Trinidad and Tobago,TTO,1994,15349368.0,4947205860.0,3959.262873,1292792.0,11.873037580678098,North America
Trinidad and Tobago,TTO,1995,14732517.0,5329214163.0,4249.094373,1299360.5,11.338282947650017,North America
Trinidad and Tobago,TTO,1996,18458328.0,5759537726.0,4579.978105,1305929.0,14.134250790050608,North America
Trinidad and Tobago,TTO,1997,18911194.0,5737751332.0,4554.356458,1312497.5,14.408556206773728,North America
Trinidad and Tobago,TTO,1998,19905198.0,6043694330.0,4790.123738,1319066.0,15.090373036678983,North America
Trinidad and Tobago,TTO,1999,22594362.0,6808982521.0,5387.164386,1325634.5,17.044186764903902,North America
Trinidad and Tobago,TTO,2000,24366292.0,8154338233.0,6435.134212,1332203.0,18.290224537851962,North America
Trinidad and Tobago,TTO,2001,26756396.0,8824873259.0,6939.828471,1340012.3,19.967276419776145,North America
Trinidad and Tobago,TTO,2002,28701796.0,9008273721.0,7053.087371,1347821.6,21.294951794807265,North America
Trinidad and Tobago,TTO,2003,32391288.0,11305459802.0,8807.866068,1355630.9,23.89388438991764,North America
Trinidad and Tobago,TTO,2004,32711342.0,13280275123.0,10293.86925,1363440.2,23.991768762575727,North America
Trinidad and Tobago,TTO,2005,38226790.0,15982282462.0,12327.28071,1371249.5,27.87734106739875,North America
Trinidad and Tobago,TTO,2006,42727050.0,18369361094.0,14102.59329,1379058.8,30.982761576228654,North America
Trinidad and Tobago,TTO,2007,45582096.0,21641620050.0,16539.89075,1386868.1,32.86692945060889,North America
Trinidad and Tobago,TTO,2008,44464628.0,27871587350.0,21204.00818,1394677.4,31.881658080929686,North America
Trinidad and Tobago,TTO,2009,44442092.0,19172165226.0,14514.24061,1402486.7,31.688066631933125,North America
Trinidad and Tobago,TTO,2010,47111836.0,22157948396.0,16683.39306,1410296.0,33.405636830849694,North America
Trinidad and Tobago,TTO,2011,47067340.0,25433011405.0,19034.12071,1420272.2,33.13966153811924,North America
Trinidad and Tobago,TTO,2012,46175890.0,25781712703.0,19171.21082,1430248.4,32.285224021225964,North America
Trinidad and Tobago,TTO,2013,45823650.0,27294453245.0,20162.73321,1440224.6,31.81701659588372,North America
Trinidad and Tobago,TTO,2014,46891730.0,27642525749.0,20290.51971,1450200.8,32.33464634690589,North America
Trinidad and Tobago,TTO,2015,45559680.0,25191551350.0,18383.5387,1460177.0,31.201477629081953,North America
Trinidad and Tobago,TTO,2016,39893100.0,22373566810.0,16241.41096,1471771.0,27.105507582361657,North America
Trinidad and Tobago,TTO,2017,40317892.0,23180107752.0,16747.9067,1483365.0,27.18002110067313,North America
Trinidad and Tobago,TTO,2018,40327880.0,23820742957.0,17139.18567,1494959.0,26.975910376137406,North America
Trinidad and Tobago,TTO,2019,40782852.0,23886216403.0,17123.11629,1506553.0,27.070306852795753,North America
Trinidad and Tobago,TTO,2020,35029664.0,21392536138.0,15285.94049,1518147.0,23.07396055849664,North America
Tunisia,TUN,1970,3738743.0,1439238095.0,284.220679,5047404.0,0.740725925644153,Africa
Tunisia,TUN,1971,4208133.0,1685217059.0,325.5646532,5200479.2,0.8091817769408635,Africa
Tunisia,TUN,1972,4732530.0,2237476420.0,422.8566931,5353554.4,0.8839977417619964,Africa
Tunisia,TUN,1973,4824843.0,2730787476.0,504.8284053,5506629.6,0.8761880406846323,Africa
Tunisia,TUN,1974,5393247.0,3545933562.0,641.1042608,5659704.8,0.9529201947069749,Africa
Tunisia,TUN,1975,5544025.0,4328610490.0,765.1896458,5812780.0,0.9537648078888242,Africa
Tunisia,TUN,1976,5844832.0,4507929104.0,779.0448678,5965855.2,0.9797140232300643,Africa
Tunisia,TUN,1977,6754190.0,5109324009.0,863.0676112,6118930.4,1.1038187327641444,Africa
Tunisia,TUN,1978,7488590.0,5968044210.0,984.8001008,6272005.6,1.1939705538528218,Africa
Tunisia,TUN,1979,8770340.0,7188191882.0,1157.377923,6425080.8,1.3650162967600346,Africa
Tunisia,TUN,1980,9495551.0,8744134354.0,1371.835501,6578156.0,1.4434973874137371,Africa
Tunisia,TUN,1981,9839484.0,8428513568.0,1286.553975,6764342.7,1.4546105122675113,Africa
Tunisia,TUN,1982,9531861.0,8133401050.0,1206.642967,6950529.4,1.371386329219757,Africa
Tunisia,TUN,1983,11319278.0,8350176783.0,1203.658234,7136716.1,1.5860625309167056,Africa
Tunisia,TUN,1984,11563105.0,8254891864.0,1156.914545,7322902.8,1.579032975830295,Africa
Tunisia,TUN,1985,11960545.0,8410185740.0,1147.42922,7509089.5,1.5928089550670557,Africa
Tunisia,TUN,1986,12087189.0,9018136020.0,1199.562537,7695276.2,1.57072841647971,Africa
Tunisia,TUN,1987,11779839.0,9696271268.0,1259.136146,7881462.9,1.4946259532605297,Africa
Tunisia,TUN,1988,12495245.0,10096292842.0,1281.201295,8067649.6,1.5488085898029087,Africa
Tunisia,TUN,1989,13268198.0,10102075213.0,1253.326397,8253836.3,1.607518918202921,Africa
Tunisia,TUN,1990,13483229.0,12290568182.0,1491.119777,8440023.0,1.5975346275715125,Africa
Tunisia,TUN,1991,16005548.0,13074782609.0,1551.377998,8585352.3,1.864285522680298,Africa
Tunisia,TUN,1992,15275014.0,15497286296.0,1799.111582,8730681.6,1.749578635418339,Africa
Tunisia,TUN,1993,16616589.0,14608946896.0,1660.875002,8876010.9,1.8720784806607211,Africa
Tunisia,TUN,1994,16135008.0,15632463424.0,1743.154533,9021340.2,1.7885378050591643,Africa
Tunisia,TUN,1995,16271666.0,18030876599.0,1975.899862,9166669.5,1.7750902876993657,Africa
Tunisia,TUN,1996,16619228.0,19587322786.0,2113.587432,9311998.8,1.78471114064147,Africa
Tunisia,TUN,1997,17218460.0,20746360430.0,2208.206243,9457328.1,1.8206474194334021,Africa
Tunisia,TUN,1998,17787744.0,21803372267.0,2292.711741,9602657.4,1.8523772388255775,Africa
Tunisia,TUN,1999,18639804.0,22943685719.0,2386.589492,9747986.7,1.912169617547796,Africa
Tunisia,TUN,2000,19554614.0,21473261837.0,2211.835015,9893316.0,1.976548004733701,Africa
Tunisia,TUN,2001,20429640.0,22066031834.0,2253.034852,9993490.7,2.0442946927443484,Africa
Tunisia,TUN,2002,20680184.0,23142153760.0,2344.396907,10093665.4,2.048827970857841,Africa
Tunisia,TUN,2003,21142368.0,27453007373.0,2760.405122,10193840.1,2.0740337098283503,Africa
Tunisia,TUN,2004,22094576.0,31183059012.0,3111.374381,10294014.8,2.146351683893052,Africa
Tunisia,TUN,2005,22548992.0,32273007554.0,3193.204358,10394189.5,2.169384346898813,Africa
Tunisia,TUN,2006,22969948.0,34377310293.0,3369.924443,10494364.2,2.188788912052433,Africa
Tunisia,TUN,2007,24591038.0,38914078352.0,3776.332046,10594538.9,2.3211050742378228,Africa
Tunisia,TUN,2008,25540792.0,44860969077.0,4307.580023,10694713.6,2.38816979633751,Africa
Tunisia,TUN,2009,25421650.0,43454935940.0,4128.463959,10794888.3,2.354971102387414,Africa
Tunisia,TUN,2010,28137812.0,46206091938.0,4344.619418,10895063.0,2.5826204033882134,Africa
Tunisia,TUN,2011,26436428.0,48122744708.0,4479.921629,11027606.2,2.3972952534340592,Africa
Tunisia,TUN,2012,28455854.0,47311159485.0,4361.684338,11160149.4,2.549773572027629,Africa
Tunisia,TUN,2013,28333024.0,48684187850.0,4444.847488,11292692.6,2.508969738536937,Africa
Tunisia,TUN,2014,29692062.0,50271072628.0,4543.992276,11425235.8,2.598813934325977,Africa
Tunisia,TUN,2015,31418044.0,45780128467.0,4094.841602,11557779.0,2.718346145916097,Africa
Tunisia,TUN,2016,30591786.0,44360614525.0,3924.349092,11678567.8,2.6194809606705367,Africa
Tunisia,TUN,2017,31271626.0,42164007605.0,3687.780316,11799356.6,2.650282304375817,Africa
Tunisia,TUN,2018,31134054.0,42685972269.0,3690.896932,11920145.4,2.6118854221358743,Africa
Tunisia,TUN,2019,30353464.0,41772900763.0,3571.945048,12040934.2,2.5208562305738704,Africa
Tunisia,TUN,2020,28493462.0,42514151614.0,3597.218525,12161723.0,2.3428803632511612,Africa
Turkey,TUR,1970,42579228.0,17086956522.0,489.9303677,35540990.0,1.1980315686197824,Asia
Turkey,TUR,1971,47638156.0,16275167785.0,455.6241054,36395797.9,1.3088916509232513,Asia
Turkey,TUR,1972,53721840.0,20359154930.0,556.4546521,37250605.8,1.442173592784899,Asia
Turkey,TUR,1973,59310000.0,25633802817.0,684.0728479,38105413.7,1.5564717514141566,Asia
Turkey,TUR,1974,60928644.0,35669064748.0,929.6014157,38960221.6,1.5638680042826039,Asia
Turkey,TUR,1975,65419330.0,44763888889.0,1139.690025,39815029.5,1.6430812891900533,Asia
Turkey,TUR,1976,73359400.0,51130434783.0,1272.231732,40669837.4,1.803779033549812,Asia
Turkey,TUR,1977,81120720.0,58683333333.0,1427.530392,41524645.3,1.9535560006336767,Asia
Turkey,TUR,1978,76713870.0,65098765432.0,1548.496474,42379453.2,1.8101665832724807,Asia
Turkey,TUR,1979,75037840.0,89327974277.0,2077.682582,43234261.1,1.7356105572485427,Asia
Turkey,TUR,1980,75212270.0,68823684211.0,1565.029289,44089069.0,1.7059164937231948,Asia
Turkey,TUR,1981,79185990.0,71040020140.0,1579.073778,45112576.3,1.755297446845216,Asia
Turkey,TUR,1982,86210030.0,64546332581.0,1402.406435,46136083.6,1.8686031252119544,Asia
Turkey,TUR,1983,89812184.0,61678280115.0,1310.255652,47159590.9,1.904430939412581,Asia
Turkey,TUR,1984,94906030.0,59989909458.0,1246.824468,48183098.2,1.9696954647055052,Asia
Turkey,TUR,1985,105662350.0,67234948265.0,1368.401652,49206605.5,2.1473204446098197,Asia
Turkey,TUR,1986,115617870.0,75728009963.0,1510.676311,50230112.8,2.3017640923951896,Asia
Turkey,TUR,1987,128442184.0,87172789528.0,1705.894384,51253620.1,2.5060119411935937,Asia
Turkey,TUR,1988,124727510.0,90852814005.0,1745.364927,52277127.4,2.3858906600900953,Asia
Turkey,TUR,1989,137569950.0,107143000000.0,2021.85953,53300634.7,2.581018983625724,Asia
Turkey,TUR,1990,151614980.0,150676000000.0,2794.350494,54324142.0,2.7909318843912896,Asia
Turkey,TUR,1991,158126320.0,150028000000.0,2735.707615,55303082.5,2.8592677451568815,Asia
Turkey,TUR,1992,164064880.0,158459000000.0,2842.369978,56282023.0,2.9150494466057126,Asia
Turkey,TUR,1993,171138860.0,180170000000.0,3180.187577,57260963.5,2.988752712832015,Asia
Turkey,TUR,1994,167565650.0,130690000000.0,2270.337325,58239904.0,2.8771621944981227,Asia
Turkey,TUR,1995,181355250.0,169486000000.0,2897.86664,59218844.5,3.062458437533343,Asia
Turkey,TUR,1996,199646700.0,181476000000.0,3053.947231,60197785.0,3.316512393271613,Asia
Turkey,TUR,1997,212108210.0,189835000000.0,3144.385703,61176725.5,3.467138985724236,Asia
Turkey,TUR,1998,212135040.0,275967000000.0,4499.737508,62155666.0,3.412963831808994,Asia
Turkey,TUR,1999,207927920.0,256386000000.0,4116.17056,63134606.5,3.2934064457976784,Asia
Turkey,TUR,2000,229936660.0,274303000000.0,4337.478003,64113547.0,3.5863974270523515,Asia
Turkey,TUR,2001,213581220.0,201751000000.0,3142.920998,65021726.8,3.2847669619257176,Asia
Turkey,TUR,2002,221225650.0,240253000000.0,3687.956093,65929906.6,3.3554673653974203,Asia
Turkey,TUR,2003,236765650.0,314592000000.0,4760.104019,66838086.4,3.542376252112448,Asia
Turkey,TUR,2004,244768590.0,408876000000.0,6101.632117,67746266.2,3.613019635316817,Asia
Turkey,TUR,2005,264870640.0,506308000000.0,7456.296101,68654446.0,3.8580260337400434,Asia
Turkey,TUR,2006,282368320.0,557058000000.0,8101.856924,69562625.8,4.059195821788545,Asia
Turkey,TUR,2007,313693340.0,681337000000.0,9791.88245,70470805.6,4.451394266450674,Asia
Turkey,TUR,2008,310622140.0,770462000000.0,10941.17215,71378985.4,4.351730950773643,Asia
Turkey,TUR,2009,316412300.0,649273000000.0,9103.474051,72287165.2,4.3771573988905015,Asia
Turkey,TUR,2010,316193060.0,776993000000.0,10742.77498,73195345.0,4.31985203430628,Asia
Turkey,TUR,2011,342057300.0,838763000000.0,11420.55546,74485511.6,4.592266236109198,Asia
Turkey,TUR,2012,356107200.0,880556000000.0,11795.63346,75775678.2,4.699492085839227,Asia
Turkey,TUR,2013,347331740.0,957783000000.0,12614.78161,77065844.8,4.506947804197691,Asia
Turkey,TUR,2014,364028300.0,938953000000.0,12157.99043,78356011.4,4.64582478735001,Asia
Turkey,TUR,2015,384929660.0,864317000000.0,11006.27952,79646178.0,4.832996003901154,Asia
Turkey,TUR,2016,405950200.0,869693000000.0,10894.60338,80544028.0,5.040103035323736,Asia
Turkey,TUR,2017,430900860.0,858996000000.0,10589.66772,81441878.0,5.290900339994615,Asia
Turkey,TUR,2018,422058620.0,778472000000.0,9454.348443,82339728.0,5.12581994441371,Asia
Turkey,TUR,2019,402692260.0,761004000000.0,9121.515167,83237578.0,4.837866137815783,Asia
Turkey,TUR,2020,412926880.0,719955000000.0,8536.43332,84135428.0,4.9078835137083985,Asia
Turkmenistan,TKM,1987,35790644.0,2336448598.0,685.7164737,3463065.5,10.334960167516323,Asia
Turkmenistan,TKM,1988,36972620.0,3010033445.0,861.513019,3548803.0,10.418335421830967,Asia
Turkmenistan,TKM,1989,37448250.0,3007518797.0,838.7145416,3634540.5,10.303434505682356,Asia
Turkmenistan,TKM,1990,31702526.0,3188097768.0,865.3954416,3720278.0,8.521547583272003,Asia
Turkmenistan,TKM,1991,32422294.0,3208098919.0,846.6454868,3805163.4,8.520604923299747,Asia
Turkmenistan,TKM,1992,31994180.0,3200539816.0,820.6842727,3890048.8,8.22462175795841,Asia
Turkmenistan,TKM,1993,27516396.0,3179225949.0,792.6684621,3974934.2,6.922478364547518,Asia
Turkmenistan,TKM,1994,34216140.0,2561118608.0,622.3701724,4059819.6,8.42799517495802,Asia
Turkmenistan,TKM,1995,34569176.0,2482228440.0,589.905474,4144705.0,8.340563683060676,Asia
Turkmenistan,TKM,1996,31654202.0,2378759975.0,554.8339157,4229590.4,7.483987574777926,Asia
Turkmenistan,TKM,1997,31196074.0,2450349634.0,562.6358909,4314475.8,7.230559503891527,Asia
Turkmenistan,TKM,1998,33445510.0,2605688065.0,590.3934846,4399361.2,7.602355996593324,Asia
Turkmenistan,TKM,1999,39796908.0,2450564468.0,548.6993933,4484246.6,8.874825929510656,Asia
Turkmenistan,TKM,2000,39361496.0,2904662605.0,643.1754381,4569132.0,8.614655037324376,Asia
Turkmenistan,TKM,2001,34034184.0,3534803922.0,774.482152,4639015.8,7.336509610508332,Asia
Turkmenistan,TKM,2002,30130800.0,4461978499.0,967.8874353,4708899.6,6.3986923823986395,Asia
Turkmenistan,TKM,2003,40567560.0,5977560877.0,1283.908782,4778783.4,8.48909787373916,Asia
Turkmenistan,TKM,2004,49355104.0,6838351088.0,1453.917784,4848667.2,10.179107363772047,Asia
Turkmenistan,TKM,2005,47928664.0,8103901996.0,1704.41538,4918551.0,9.74446823871502,Asia
Turkmenistan,TKM,2006,49499596.0,10276674365.0,2136.472101,4988434.8,9.922871197995812,Asia
Turkmenistan,TKM,2007,49182930.0,12664165103.0,2600.368758,5058318.6,9.723177579205865,Asia
Turkmenistan,TKM,2008,59438420.0,19271523179.0,3904.465301,5128202.4,11.59049806614497,Asia
Turkmenistan,TKM,2009,52462364.0,20214385965.0,4036.456805,5198086.2,10.09263063009613,Asia
Turkmenistan,TKM,2010,59184068.0,22583157895.0,4439.202128,5267970.0,11.234701032845669,Asia
Turkmenistan,TKM,2011,65155076.0,29233333333.0,5649.962106,5367662.2,12.138445671935168,Asia
Turkmenistan,TKM,2012,66938636.0,35164210526.0,6675.178055,5467354.4,12.243332168114069,Asia
Turkmenistan,TKM,2013,64339644.0,39197543860.0,7304.285771,5567046.6,11.557231081916937,Asia
Turkmenistan,TKM,2014,62799344.0,43524210526.0,7962.244925,5666738.8,11.082096107906015,Asia
Turkmenistan,TKM,2015,64322776.0,35799714286.0,6432.685325,5766431.0,11.154694472196061,Asia
Turkmenistan,TKM,2016,64450340.0,36169428571.0,6387.682575,5863232.4,10.992288144675964,Asia
Turkmenistan,TKM,2017,64359890.0,37926285714.0,6587.092604,5960033.8,10.79857802148706,Asia
Turkmenistan,TKM,2018,63760204.0,40765428571.0,6967.375043,6056835.2,10.52698346489599,Asia
Turkmenistan,TKM,2019,65324644.0,45231428571.0,7612.03518,6153636.6,10.61561613826855,Asia
Turks and Caicos Islands,TCA,2001,113584.0,358744800.0,16625.48892,19842.2,5.724365241757466,North America
Turks and Caicos Islands,TCA,2002,150224.0,366707910.0,15785.96255,20940.4,7.173883975473247,North America
Turks and Caicos Islands,TCA,2003,157552.0,409753640.0,16384.90243,22038.6,7.148911455355604,North America
Turks and Caicos Islands,TCA,2004,161216.0,485598810.0,18181.09289,23136.8,6.967947166418865,North America
Turks and Caicos Islands,TCA,2005,190528.0,578645760.0,20533.18761,24235.0,7.861687641840313,North America
Turks and Caicos Islands,TCA,2006,216176.0,721891470.0,24559.1437,25333.2,8.533308070042473,North America
Turks and Caicos Islands,TCA,2007,252815.98,773489740.0,25457.97782,26431.4,9.564986342002316,North America
Turks and Caicos Islands,TCA,2008,263808.0,862683630.0,27650.11635,27529.6,9.582703708008834,North America
Turks and Caicos Islands,TCA,2009,274800.0,703175750.0,22020.34729,28627.800000000003,9.59906105254333,North America
Turks and Caicos Islands,TCA,2010,282128.0,686787810.0,21029.69594,29726.0,9.490950682903856,North America
Turks and Caicos Islands,TCA,2011,282128.0,728789570.0,21839.00902,31088.4,9.075024768080699,North America
Turks and Caicos Islands,TCA,2012,282128.0,727161000.0,21345.02598,32450.8,8.694022951668371,North America
Turks and Caicos Islands,TCA,2013,285792.0,754238000.0,21715.31397,33813.2,8.452083801592279,North America
Turks and Caicos Islands,TCA,2014,307776.0,841070000.0,23778.51913,35175.6,8.749701497629038,North America
Turks and Caicos Islands,TCA,2015,311440.0,942070000.0,26183.88504,36538.0,8.523728720783842,North America
Turks and Caicos Islands,TCA,2016,329760.0,1032452000.0,28241.47929,38085.6,8.658390572814923,North America
Turks and Caicos Islands,TCA,2017,351744.0,1022365000.0,27545.12879,39633.2,8.87498359960841,North America
Turks and Caicos Islands,TCA,2018,362736.0,1113178000.0,29553.1367,41180.8,8.808376719247804,North America
Turks and Caicos Islands,TCA,2019,362736.0,1197415000.0,31350.86663,42728.4,8.489341983317887,North America
Turks and Caicos Islands,TCA,2020,359072.0,924583000.0,23879.92665,44276.0,8.109856355587677,North America
Tuvalu,TUV,1990,3664.0,8824447.74,990.3981751,9182.0,0.39904160313657155,Oceania
Tuvalu,TUV,1991,3664.0,9365165.914,1038.957834,9227.6,0.397069660583467,Oceania
Tuvalu,TUV,1992,3664.0,9742949.471,1069.478537,9273.2,0.3951171116766596,Oceania
Tuvalu,TUV,1993,3664.0,9630762.954,1047.505216,9318.8,0.39318367171738855,Oceania
Tuvalu,TUV,1994,3664.0,10886825.56,1175.810083,9364.4,0.39126906155226177,Oceania
Tuvalu,TUV,1995,3664.0,11025945.14,1185.840519,9410.0,0.3893730074388948,Oceania
Tuvalu,TUV,1996,3664.0,12334846.23,1323.907506,9455.6,0.38749524091543636,Oceania
Tuvalu,TUV,1997,3664.0,12700905.45,1361.589349,9501.2,0.3856354986738517,Oceania
Tuvalu,TUV,1998,10992.0,12757632.87,1367.084534,9546.8,1.1513805673105124,Oceania
Tuvalu,TUV,1999,10992.0,13687141.11,1464.805341,9592.4,1.1459071765147408,Oceania
Tuvalu,TUV,2000,7328.0,15074211.5,1605.005484,9638.0,0.7603237186138203,Oceania
Tuvalu,TUV,2001,10992.0,13965035.69,1473.415878,9729.2,1.129794844385972,Oceania
Tuvalu,TUV,2002,10992.0,16842334.02,1755.689985,9820.4,1.119302676062075,Oceania
Tuvalu,TUV,2003,10992.0,19456514.69,2000.875637,9911.6,1.1090035917510794,Oceania
Tuvalu,TUV,2004,10992.0,22797470.22,2309.540089,10002.8,1.0988923101531571,Oceania
Tuvalu,TUV,2005,10992.0,22909507.45,2291.638236,10094.0,1.0889637408361403,Oceania
Tuvalu,TUV,2006,10992.0,24096385.54,2381.536424,10185.2,1.0792129756902171,Oceania
Tuvalu,TUV,2007,10992.0,28449502.13,2783.981029,10276.4,1.0696352808376475,Oceania
Tuvalu,TUV,2008,10992.0,31873846.67,3090.04815,10367.6,1.060226088969482,Oceania
Tuvalu,TUV,2009,10992.0,28076743.1,2696.316441,10458.8,1.0509809920832218,Oceania
Tuvalu,TUV,2010,10992.0,32104201.06,3051.440078,10550.0,1.0418957345971565,Oceania
Tuvalu,TUV,2011,10992.0,39195461.58,3688.637453,10615.4,1.0354767601786086,Oceania
Tuvalu,TUV,2012,10992.0,39345620.21,3662.101658,10680.8,1.0291363942775822,Oceania
Tuvalu,TUV,2013,10992.0,38617493.72,3559.54408,10746.2,1.0228732016898996,Oceania
Tuvalu,TUV,2014,10992.0,38759689.92,3532.278312,10811.6,1.0166857819379185,Oceania
Tuvalu,TUV,2015,10992.0,36811659.53,3316.664522,10877.0,1.010572768226533,Oceania
Tuvalu,TUV,2016,10992.0,41629497.47,3706.329903,10915.4,1.0070176081499533,Oceania
Tuvalu,TUV,2017,10992.0,45217657.88,3978.676452,10953.8,1.0034873742445545,Oceania
Tuvalu,TUV,2018,10992.0,47818290.5,4156.305128,10992.2,0.9999818052801076,Oceania
Tuvalu,TUV,2019,10992.0,54223149.11,4652.350846,11030.6,0.9965006436639893,Oceania
Tuvalu,TUV,2020,10992.0,55054710.62,4668.818743,11069.0,0.9930436353780829,Oceania
Uganda,UGA,1970,1442843.0,1260084034.0,133.9715946,10317212.0,0.13984814889914057,Africa
Uganda,UGA,1971,1437743.0,1417787115.0,146.5889396,10613893.4,0.13545858676138578,Africa
Uganda,UGA,1972,1378383.0,1491596639.0,150.2165273,10910574.8,0.12633459054787838,Africa
Uganda,UGA,1973,1176441.0,1702521008.0,167.13582,11207256.2,0.10497136667581491,Africa
Uganda,UGA,1974,1189710.0,2100142653.0,200.9123531,11503937.6,0.10341763328062559,Africa
Uganda,UGA,1975,1128594.0,2359555556.0,219.7510474,11800619.0,0.09563854235104108,Africa
Uganda,UGA,1976,985384.0,2447300000.0,221.6160047,12097300.4,0.08145486740165599,Africa
Uganda,UGA,1977,801967.0,2936470588.0,258.2961789,12393981.8,0.06470616246991745,Africa
Uganda,UGA,1978,695171.0,2420260870.0,206.6384294,12690663.2,0.05477814587341661,Africa
Uganda,UGA,1979,670871.0,2139025000.0,177.2015733,12987344.6,0.05165574801179912,Africa
Uganda,UGA,1980,626023.0,1244610000.0,100.0302757,13284026.0,0.047125999301717715,Africa
Uganda,UGA,1981,527045.0,1337300000.0,104.2722215,13714286.4,0.0384303626618152,Africa
Uganda,UGA,1982,544697.0,2177500000.0,164.6877539,14144546.8,0.03850932855621786,Africa
Uganda,UGA,1983,613545.0,2240333333.0,164.2626181,14574807.2,0.04209626869026439,Africa
Uganda,UGA,1984,580422.0,3615647477.0,256.7408119,15005067.6,0.038681731763740936,Africa
Uganda,UGA,1985,616914.0,3519666339.0,241.7460015,15435328.0,0.039967663790494115,Africa
Uganda,UGA,1986,701855.0,3923232122.0,260.3284059,15865588.4,0.044237565119236294,Africa
Uganda,UGA,1987,768574.0,6269511615.0,401.5634663,16295848.8,0.04716379057223457,Africa
Uganda,UGA,1988,862875.0,6508931652.0,402.2793423,16726109.2,0.051588506907512,Africa
Uganda,UGA,1989,800488.0,5276480986.0,314.7687216,17156369.6,0.046658355972932636,Africa
Uganda,UGA,1990,760855.0,4304398866.0,248.0293243,17586630.0,0.0432632630583574,Africa
Uganda,UGA,1991,779805.0,3321729057.0,185.0181172,18230036.7,0.04277583270032583,Africa
Uganda,UGA,1992,797791.0,2857457860.0,153.9440238,18873443.4,0.04227055885308136,Africa
Uganda,UGA,1993,797457.0,3220439044.0,167.9412492,19516850.1,0.040859923395117945,Africa
Uganda,UGA,1994,708177.0,3990430447.0,201.6026565,20160256.8,0.03512737992504143,Africa
Uganda,UGA,1995,925485.0,5755818947.0,281.9661333,20803663.5,0.04448663573124993,Africa
Uganda,UGA,1996,1018092.06,6044585327.0,287.3882907,21447070.2,0.047469983102866896,Africa
Uganda,UGA,1997,1061946.0,6269333313.0,289.5044945,22090476.9,0.04807257013088749,Africa
Uganda,UGA,1998,1208757.0,6584815847.0,295.4052653,22733883.6,0.05316984204141874,Africa
Uganda,UGA,1999,1254724.0,5998563258.0,261.3479065,23377290.3,0.053672773187061804,Africa
Uganda,UGA,2000,1360870.0,6193246837.0,261.8691416,24020697.0,0.056654059622000146,Africa
Uganda,UGA,2001,1417088.0,5840503869.0,239.473127,24852800.1,0.057019249110686725,Africa
Uganda,UGA,2002,1446221.0,6178563591.0,245.5000403,25684903.2,0.05630626632067665,Africa
Uganda,UGA,2003,1512745.0,6606884391.0,254.3012043,26517006.3,0.057048106520229624,Africa
Uganda,UGA,2004,1607486.0,7939487474.0,296.0142675,27349109.4,0.058776539173154944,Africa
Uganda,UGA,2005,2017941.0,9239221859.0,333.7315763,28181212.5,0.07160589701383502,Africa
Uganda,UGA,2006,2383386.0,9977647645.0,349.2171001,29013315.6,0.08214800517318331,Africa
Uganda,UGA,2007,2709990.0,11902564401.0,403.6637446,29845418.7,0.09080087055371082,Africa
Uganda,UGA,2008,2779614.0,14440404021.0,474.5179496,30677521.8,0.09060751445705109,Africa
Uganda,UGA,2009,2999798.0,25127805566.0,799.9658963,31509624.9,0.09520259316066947,Africa
Uganda,UGA,2010,3569619.0,26673441667.0,822.5393725,32341728.0,0.1103719318893536,Africa
Uganda,UGA,2011,3824069.0,27871725206.0,832.5690782,33368853.6,0.11459995137501516,Africa
Uganda,UGA,2012,3626987.0,27305915761.0,790.1314506,34395979.2,0.10544799375852627,Africa
Uganda,UGA,2013,3754530.0,28915786997.0,810.090395,35423104.8,0.1059909915067637,Africa
Uganda,UGA,2014,4089666.0,32612397758.0,883.5287445,36450230.4,0.11219863235761605,Africa
Uganda,UGA,2015,4525570.0,32387183845.0,847.2676289,37477356.0,0.12075478323497528,Africa
Uganda,UGA,2016,4795435.0,29203988815.0,736.5598474,38862807.0,0.12339394321156472,Africa
Uganda,UGA,2017,5387882.0,30744473912.0,746.8307529,40248258.0,0.13386621602356058,Africa
Uganda,UGA,2018,5523001.0,32927025573.0,770.6007843,41633709.0,0.1326569535277292,Africa
Uganda,UGA,2019,5731925.0,35353060634.0,798.5857341,43019160.0,0.13324121159037042,Africa
Uganda,UGA,2020,5538408.0,37600368181.0,822.0276815,44404611.0,0.12472596595880549,Africa
Ukraine,UKR,1987,733831740.0,64087694038.0,1249.443237,51105047.9,14.359280935142221,Europe
Ukraine,UKR,1988,727357630.0,74703517903.0,1449.962524,51266637.6,14.187738148054398,Europe
Ukraine,UKR,1989,683160900.0,82709161099.0,1597.534668,51428227.3,13.28377305355808,Europe
Ukraine,UKR,1990,706226900.0,81393558423.0,1568.536621,51589817.0,13.689269337784237,Europe
Ukraine,UKR,1991,632924160.0,77350733982.0,1487.499756,51318810.8,12.33318056543898,Europe
Ukraine,UKR,1992,589282800.0,73945908384.0,1417.935547,51047804.6,11.54374423381177,Europe
Ukraine,UKR,1993,510320400.0,65607522124.0,1257.350098,50776798.4,10.050267367782684,Europe
Ukraine,UKR,1994,419492100.0,52543387167.0,1011.97937,50505792.2,8.30582160435848,Europe
Ukraine,UKR,1995,390072130.0,48214751924.0,935.9761353,50234786.0,7.764980426113491,Europe
Ukraine,UKR,1996,351769700.0,44558075977.0,872.6987305,49963779.8,7.040494162133026,Europe
Ukraine,UKR,1997,340514370.0,50150400172.0,991.2203979,49692773.6,6.852392115218942,Europe
Ukraine,UKR,1998,328807580.0,41883241478.0,835.2509766,49421767.4,6.653092297140309,Europe
Ukraine,UKR,1999,298578880.0,31580960682.0,635.7644043,49150761.2,6.074755969394833,Europe
Ukraine,UKR,2000,285674200.0,32375280321.0,658.3486328,48879755.0,5.8444278208841265,Europe
Ukraine,UKR,2001,303891300.0,39309580983.0,807.8019409,48560081.5,6.258047569380624,Europe
Ukraine,UKR,2002,295900900.0,43956369917.0,911.9111328,48240408.0,6.133880542635543,Europe
Ukraine,UKR,2003,307245380.0,52010238716.0,1087.785645,47920734.5,6.411533195510599,Europe
Ukraine,UKR,2004,310625760.0,67220154164.0,1416.60376,47601061.0,6.525605805299172,Europe
Ukraine,UKR,2005,313530560.0,89239370109.0,1894.470825,47281387.5,6.631162420942068,Europe
Ukraine,UKR,2006,333061630.0,111885000000.0,2391.323975,46961714.0,7.092194931386023,Europe
Ukraine,UKR,2007,336819550.0,148734000000.0,3197.934326,46642040.5,7.221372529788871,Europe
Ukraine,UKR,2008,325983400.0,188111000000.0,4066.547852,46322367.0,7.037278557030559,Europe
Ukraine,UKR,2009,277593340.0,121553000000.0,2639.391602,46002693.5,6.034284492493901,Europe
Ukraine,UKR,2010,294365800.0,141210000000.0,3078.429932,45683020.0,6.443658934982845,Europe
Ukraine,UKR,2011,308376420.0,169333000000.0,3704.824951,45542928.8,6.771115255986787,Europe
Ukraine,UKR,2012,304424100.0,182592000000.0,4004.804443,45402837.6,6.704957577365164,Europe
Ukraine,UKR,2013,297479000.0,190499000000.0,4187.739746,45262746.4,6.572270214694705,Europe
Ukraine,UKR,2014,257639000.0,133503000000.0,3104.643311,45122655.2,5.709748215348816,Europe
Ukraine,UKR,2015,223787570.0,91030959455.0,2124.662354,44982564.0,4.974984751869636,Europe
Ukraine,UKR,2016,233961020.0,93355993629.0,2187.730469,44767984.4,5.22607892974516,Europe
Ukraine,UKR,2017,223080820.0,112091000000.0,2638.326172,44553404.8,5.007043142974339,Europe
Ukraine,UKR,2018,231663820.0,130891000000.0,3096.561768,44338825.2,5.224852461810377,Europe
Ukraine,UKR,2019,221943170.0,153883000000.0,3661.456299,44124245.6,5.029959537710487,Europe
Ukraine,UKR,2020,206823860.0,156618000000.0,3751.740723,43909666.0,4.710212553199562,Europe
United Arab Emirates,ARE,1975,31045072.0,14720672507.0,26848.08818,656066.0,47.32004401996141,Asia
United Arab Emirates,ARE,1976,39617012.0,19213022691.0,30117.94893,727662.3999999999,54.44422028677035,Asia
United Arab Emirates,ARE,1977,38751290.0,24871775165.0,33823.18166,799258.8,48.48403295653423,Asia
United Arab Emirates,ARE,1978,44753588.0,23775831783.0,28457.07803,870855.2000000001,51.39038958485865,Asia
United Arab Emirates,ARE,1979,36546456.0,31225463218.0,33512.63342,942451.6,38.77807199860449,Asia
United Arab Emirates,ARE,1980,36823400.0,43598748449.0,42764.54056,1014048.0,36.313271166650885,Asia
United Arab Emirates,ARE,1981,36766936.0,49333424135.0,44987.53799,1102658.3,33.34390717414452,Asia
United Arab Emirates,ARE,1982,36752772.0,46622718605.0,40025.82262,1191268.6,30.851792786278423,Asia
United Arab Emirates,ARE,1983,35220452.0,42803323345.0,34843.15963,1279878.9,27.518581640809927,Asia
United Arab Emirates,ARE,1984,46155644.0,41807954236.0,32309.83271,1368489.2,33.72744483478569,Asia
United Arab Emirates,ARE,1985,49652536.0,40603650232.0,29720.89772,1457099.5,34.076283740403454,Asia
United Arab Emirates,ARE,1986,47030090.0,33943612095.0,23467.87932,1545709.7999999998,30.426209369960652,Asia
United Arab Emirates,ARE,1987,47450350.0,36384908744.0,23726.30705,1634320.1,29.033694194913224,Asia
United Arab Emirates,ARE,1988,48095596.0,36275674203.0,22295.11871,1722930.4,27.914996450233858,Asia
United Arab Emirates,ARE,1989,54186136.0,41464995914.0,24028.2625,1811540.7000000002,29.911630470129648,Asia
United Arab Emirates,ARE,1990,51703772.0,50701443748.0,27729.39059,1900151.0,27.21034907225794,Asia
United Arab Emirates,ARE,1991,56673424.0,51552165622.0,26612.25311,2037669.2,27.812867760871097,Asia
United Arab Emirates,ARE,1992,57757056.0,54239171888.0,26420.85988,2175187.4,26.552680472496302,Asia
United Arab Emirates,ARE,1993,65565560.0,55625170253.0,25596.73939,2312705.6,28.350154036034677,Asia
United Arab Emirates,ARE,1994,75010504.0,59305093980.0,25848.01625,2450223.8,30.61373577385054,Asia
United Arab Emirates,ARE,1995,72463500.0,65743666576.0,27221.93441,2587742.0,28.00259840432315,Asia
United Arab Emirates,ARE,1996,75412150.0,73571233996.0,28975.07996,2725260.2,27.671541234851627,Asia
United Arab Emirates,ARE,1997,72919520.0,78839008445.0,29512.67479,2862778.4,25.47159081541205,Asia
United Arab Emirates,ARE,1998,80106300.0,75674336283.0,26899.60177,3000296.6,26.69946031335702,Asia
United Arab Emirates,ARE,1999,77316160.0,84445473111.0,28470.88586,3137814.8,24.64012853786017,Asia
United Arab Emirates,ARE,2000,111813100.0,104337000000.0,33291.36625,3275333.0,34.137933455926465,Asia
United Arab Emirates,ARE,2001,101417960.0,103312000000.0,31280.75586,3795976.8,26.717223350785495,Asia
United Arab Emirates,ARE,2002,84649070.0,109816000000.0,31567.54631,4316620.6,19.610032440655083,Asia
United Arab Emirates,ARE,2003,106443120.0,124346000000.0,33499.10278,4837264.4,22.004817433589114,Asia
United Arab Emirates,ARE,2004,111702584.0,147824000000.0,36333.18733,5357908.2,20.848170560294406,Asia
United Arab Emirates,ARE,2005,114399416.0,180617000000.0,39365.45964,5878552.0,19.460475300720315,Asia
United Arab Emirates,ARE,2006,121705080.0,222117000000.0,41907.42147,6399195.8,19.018808582165903,Asia
United Arab Emirates,ARE,2007,133124510.0,257916000000.0,41809.46216,6919839.6,19.238091877158542,Asia
United Arab Emirates,ARE,2008,153683520.0,315475000000.0,44498.94051,7440483.4,20.655045074087525,Asia
United Arab Emirates,ARE,2009,168013250.0,253547000000.0,32024.19778,7961127.2,21.10420368613128,Asia
United Arab Emirates,ARE,2010,184842300.0,289787000000.0,33893.27725,8481771.0,21.792889716074626,Asia
United Arab Emirates,ARE,2011,197573140.0,350666000000.0,39194.67527,8568796.6,23.05727971183258,Asia
United Arab Emirates,ARE,2012,207392260.0,374591000000.0,40976.49642,8655822.2,23.959856753989243,Asia
United Arab Emirates,ARE,2013,213335140.0,390108000000.0,42412.63649,8742847.8,24.401104180264923,Asia
United Arab Emirates,ARE,2014,209983040.0,403137000000.0,43751.81731,8829873.4,23.780979691056498,Asia
United Arab Emirates,ARE,2015,225683650.0,358135000000.0,38663.38826,8916899.0,25.309656417550542,Asia
United Arab Emirates,ARE,2016,226604720.0,357045000000.0,38141.87689,8990977.0,25.203570201547617,Asia
United Arab Emirates,ARE,2017,212490380.0,385606000000.0,40644.79119,9065055.0,23.44060571061069,Asia
United Arab Emirates,ARE,2018,209278510.0,422215000000.0,43839.32449,9139133.0,22.899164504991884,Asia
United Arab Emirates,ARE,2019,219556580.0,417216000000.0,42701.44305,9213211.0,23.830625392167835,Asia
United Arab Emirates,ARE,2020,216768320.0,358869000000.0,36284.55524,9287289.0,23.340322455778,Asia
United Kingdom,GBR,1970,652577400.0,130672000000.0,2347.544318,55650166.0,11.726423241936061,Europe
United Kingdom,GBR,1971,660388200.0,148114000000.0,2649.801514,55717782.2,11.852377713626943,Europe
United Kingdom,GBR,1972,648026300.0,169965000000.0,3030.432514,55785398.4,11.616414305288892,Europe
United Kingdom,GBR,1973,659577100.0,192538000000.0,3426.276221,55853014.6,11.809158462146822,Europe
United Kingdom,GBR,1974,617183600.0,206131000000.0,3665.862798,55920630.8,11.036778218889477,Europe
United Kingdom,GBR,1975,603247040.0,241757000000.0,4299.745618,55988247.0,10.774529875886273,Europe
United Kingdom,GBR,1976,598526000.0,232615000000.0,4138.167788,56055863.2,10.677313055808941,Europe
United Kingdom,GBR,1977,604361700.0,263066000000.0,4681.439932,56123479.4,10.76842894384057,Europe
United Kingdom,GBR,1978,604713500.0,335883000000.0,5976.938169,56191095.6,10.761731792964008,Europe
United Kingdom,GBR,1979,644512800.0,438994000000.0,7804.762081,56258711.8,11.456231033004208,Europe
United Kingdom,GBR,1980,579035400.0,564948000000.0,10032.06208,56326328.0,10.280013282598503,Europe
United Kingdom,GBR,1981,560554500.0,540766000000.0,9599.306222,56414739.4,9.936312849474938,Europe
United Kingdom,GBR,1982,548240400.0,515049000000.0,9146.077357,56503150.8,9.702828819946092,Europe
United Kingdom,GBR,1983,545485100.0,489618000000.0,8691.518813,56591562.2,9.638982894167215,Europe
United Kingdom,GBR,1984,529108160.0,461487000000.0,8179.194441,56679973.6,9.33501069944041,Europe
United Kingdom,GBR,1985,559627300.0,489285000000.0,8652.216542,56768385.0,9.85808033820233,Europe
United Kingdom,GBR,1986,568554000.0,601453000000.0,10611.11221,56856796.4,9.999754400513497,Europe
United Kingdom,GBR,1987,571667600.0,745163000000.0,13118.58653,56945207.8,10.038906206256746,Europe
United Kingdom,GBR,1988,570293760.0,910123000000.0,15987.16808,57033619.2,9.999256017755927,Europe
United Kingdom,GBR,1989,581576100.0,926885000000.0,16239.2822,57122030.6,10.181292469669312,Europe
United Kingdom,GBR,1990,601945100.0,1093170000000.0,19095.467,57210442.0,10.521594991347909,Europe
United Kingdom,GBR,1991,609412700.0,1142800000000.0,19900.72665,57374402.1,10.621682800943733,Europe
United Kingdom,GBR,1992,593845950.0,1179660000000.0,20487.17079,57538362.2,10.320869890870824,Europe
United Kingdom,GBR,1993,579612540.0,1061390000000.0,18389.01957,57702322.3,10.044873705195744,Europe
United Kingdom,GBR,1994,574016900.0,1140490000000.0,19709.2381,57866282.4,9.919712761779216,Europe
United Kingdom,GBR,1995,566158900.0,1346420000000.0,23206.56856,58030242.5,9.756273205303252,Europe
United Kingdom,GBR,1996,586760700.0,1421510000000.0,24438.53117,58194202.6,10.08280333409019,Europe
United Kingdom,GBR,1997,562708160.0,1559570000000.0,26742.98485,58358162.7,9.642321381718208,Europe
United Kingdom,GBR,1998,568543700.0,1653390000000.0,28269.32251,58522122.8,9.715021820773734,Europe
United Kingdom,GBR,1999,561649600.0,1685760000000.0,28726.85721,58686082.9,9.570405320066097,Europe
United Kingdom,GBR,2000,569033660.0,1662130000000.0,28223.06757,58850043.0,9.669214005502086,Europe
United Kingdom,GBR,2001,577970560.0,1643910000000.0,27806.44882,59241042.6,9.756252331723816,Europe
United Kingdom,GBR,2002,560273200.0,1784080000000.0,30049.89632,59632042.2,9.395505827569997,Europe
United Kingdom,GBR,2003,571618750.0,2057090000000.0,34487.46757,60023041.8,9.523321925347675,Europe
United Kingdom,GBR,2004,573429760.0,2421810000000.0,40371.71083,60414041.4,9.491663638314387,Europe
United Kingdom,GBR,2005,570338370.0,2544830000000.0,42132.09072,60805041.0,9.379787606754512,Europe
United Kingdom,GBR,2006,567845600.0,2717060000000.0,44654.09692,61196040.6,9.279123198699232,Europe
United Kingdom,GBR,2007,559566460.0,3106180000000.0,50653.25691,61587040.2,9.085782628664138,Europe
United Kingdom,GBR,2008,544932400.0,2938880000000.0,47549.34863,61978039.8,8.792346478824909,Europe
United Kingdom,GBR,2009,494107700.0,2425800000000.0,38952.21103,62369039.4,7.9223233956045185,Europe
United Kingdom,GBR,2010,511904580.0,2491110000000.0,39688.61497,62760039.0,8.156536996415824,Europe
United Kingdom,GBR,2011,469713300.0,2674890000000.0,42284.88449,63252904.0,7.4259562849478025,Europe
United Kingdom,GBR,2012,487476770.0,2719160000000.0,42686.80005,63745769.0,7.647201965670851,Europe
United Kingdom,GBR,2013,477611260.0,2803290000000.0,43713.81412,64238634.0,7.434953551471845,Europe
United Kingdom,GBR,2014,438807070.0,3087170000000.0,47787.2413,64731499.0,6.778880093600181,Europe
United Kingdom,GBR,2015,422460800.0,2956570000000.0,45404.56777,65224364.0,6.4770397761180165,Europe
United Kingdom,GBR,2016,399430140.0,2722850000000.0,41499.5557,65591386.0,6.0896737263640075,Europe
United Kingdom,GBR,2017,387367140.0,2699020000000.0,40857.75558,65958408.0,5.8729000857631375,Europe
United Kingdom,GBR,2018,379729760.0,2900790000000.0,43646.95197,66325430.0,5.725251385479145,Europe
United Kingdom,GBR,2019,364753280.0,2878670000000.0,43070.49836,66692452.0,5.469183829078589,Europe
United Kingdom,GBR,2020,326263200.0,2756900000000.0,41098.07865,67059474.0,4.865281227824721,Europe
United States,USA,1970,4339686000.0,1073300000000.0,5234.296666,200328340.0,21.662866072768335,North America
United States,USA,1971,4365465000.0,1164850000000.0,5609.3826,202609507.8,21.546200113714505,North America
United States,USA,1972,4573015000.0,1279110000000.0,6094.01799,204890675.6,22.31929289416624,North America
United States,USA,1973,4785103000.0,1425380000000.0,6726.358956,207171843.4,23.097265156641456,North America
United States,USA,1974,4621099500.0,1545240000000.0,7225.69136,209453011.2,22.06270262492173,North America
United States,USA,1975,4478275000.0,1684900000000.0,7801.456664,211734179.0,21.15045866071533,North America
United States,USA,1976,4747817500.0,1873410000000.0,8592.253537,214015346.8,22.184472146461975,North America
United States,USA,1977,4889665500.0,2081830000000.0,9452.576519,216296514.6,22.60630740649022,North America
United States,USA,1978,4941423000.0,2351600000000.0,10564.94822,218577682.4,22.607170804186364,North America
United States,USA,1979,5008641500.0,2627330000000.0,11674.18187,220858850.2,22.678020353109673,North America
United States,USA,1980,4808556000.0,2857310000000.0,12574.79151,223140018.0,21.54950081611986,North America
United States,USA,1981,4686420500.0,3207040000000.0,13976.10539,225634389.4,20.769974437238865,North America
United States,USA,1982,4447298000.0,3343790000000.0,14433.78773,228128760.8,19.494683548028984,North America
United States,USA,1983,4429423000.0,3634040000000.0,15543.89372,230623132.2,19.206325739079524,North America
United States,USA,1984,4662174000.0,4037610000000.0,17121.22548,233117503.6,19.99924470707999,North America
United States,USA,1985,4652632600.0,4338980000000.0,18236.82773,235611875.0,19.74702081548309,North America
United States,USA,1986,4663429600.0,4579630000000.0,19071.22719,238106246.4,19.58549878681385,North America
United States,USA,1987,4825711600.0,4855220000000.0,20038.9411,240600617.8,20.056937692534884,North America
United States,USA,1988,5050543600.0,5236440000000.0,21417.01193,243094989.2,20.776008656619403,North America
United States,USA,1989,5132206000.0,5641580000000.0,22857.15443,245589360.6,20.897509515320593,North America
United States,USA,1990,5120957000.0,5963140000000.0,23888.60001,248083732.0,20.64205080565299,North America
United States,USA,1991,5062956500.0,6158130000000.0,24342.2589,251515214.2,20.129822031259053,North America
United States,USA,1992,5174227500.0,6520330000000.0,25418.99078,254946696.4,20.29533064386866,North America
United States,USA,1993,5272850400.0,6858560000000.0,26387.29373,258378178.6,20.407491176578795,North America
United States,USA,1994,5364279300.0,7287240000000.0,27694.85342,261809660.8,20.489233604323893,North America
United States,USA,1995,5425259500.0,7639750000000.0,28690.8757,265241143.0,20.454064699909697,North America
United States,USA,1996,5612983000.0,8073120000000.0,29967.71272,268672625.2,20.8915329420766,North America
United States,USA,1997,5688142300.0,8577550000000.0,31459.13898,272104107.4,20.904286797987528,North America
United States,USA,1998,5733281000.0,9062820000000.0,32853.67695,275535589.6,20.807769364106857,North America
United States,USA,1999,5803918000.0,9631170000000.0,34515.39023,278967071.8,20.805028932450515,North America
United States,USA,2000,6010135600.0,10250900000000.0,36329.95607,282398554.0,21.2824588329868,North America
United States,USA,2001,5907739600.0,10581900000000.0,37133.62311,285276983.1,20.708784619785188,North America
United States,USA,2002,5946308000.0,10929100000000.0,37997.75966,288155412.2,20.635767187578786,North America
United States,USA,2003,6010145300.0,11456400000000.0,39490.27496,291033841.3,20.651018703370287,North America
United States,USA,2004,6112655000.0,12217200000000.0,41724.63163,293912270.4,20.797549526193585,North America
United States,USA,2005,6132183000.0,13039200000000.0,44123.40707,296790699.5,20.661641386778026,North America
United States,USA,2006,6052686000.0,13815600000000.0,46302.00088,299669128.6,20.197896354145836,North America
United States,USA,2007,6130123000.0,14474200000000.0,48050.22378,302547557.7,20.261683969957893,North America
United States,USA,2008,5915118600.0,14769900000000.0,48570.04598,305425986.8,19.366782315983336,North America
United States,USA,2009,5480725500.0,14478100000000.0,47194.94335,308304415.9,17.77699318383328,North America
United States,USA,2010,5679715300.0,15049000000000.0,48650.64313,311182845.0,18.252019323237437,North America
United States,USA,2011,5546116000.0,15599700000000.0,50065.9665,313867831.2,17.670227556598352,North America
United States,USA,2012,5344086000.0,16254000000000.0,51784.41857,316552817.4,16.88213058374757,North America
United States,USA,2013,5480156700.0,16843200000000.0,53291.12769,319237803.6,17.166377660167562,North America
United States,USA,2014,5528681000.0,17550700000000.0,55123.84979,321922789.8,17.173934791739306,North America
United States,USA,2015,5376473000.0,18206000000000.0,56762.72945,324607776.0,16.562982767239685,North America
United States,USA,2016,5252932000.0,18695100000000.0,57866.74493,326874621.4,16.07017387125913,North America
United States,USA,2017,5212162000.0,19479600000000.0,59914.7778,329141466.8,15.83562852372875,North America
United States,USA,2018,5377797000.0,20527200000000.0,62805.25376,331408312.2,16.227103551810067,North America
United States,USA,2019,5262145000.0,21372600000000.0,65094.79943,333675157.6,15.770263024219815,North America
United States,USA,2020,4714628000.0,20893700000000.0,63027.67953,335942003.0,14.034053372004214,North America
Uruguay,URY,1970,5735803.0,2137096774.0,760.5870648,2790265.0,2.0556481194438523,South America
Uruguay,URY,1971,5801934.0,2807258065.0,996.0880666,2806613.5,2.0672365468205722,South America
Uruguay,URY,1972,6069376.0,2189418001.0,775.9881598,2822962.0,2.1500027276314735,South America
Uruguay,URY,1973,5768719.0,3964295673.0,1404.726557,2839310.5,2.0317323519213555,South America
Uruguay,URY,1974,5677001.0,4090209682.0,1448.325811,2855659.0,1.9879828088717875,South America
Uruguay,URY,1975,5962407.0,3538283322.0,1250.200808,2872007.5,2.076041584153245,South America
Uruguay,URY,1976,5887086.0,3667161241.0,1290.630911,2888356.0,2.038213433524122,South America
Uruguay,URY,1977,5639634.0,4114667063.0,1440.226655,2904704.5,1.9415517137801797,South America
Uruguay,URY,1978,5729321.0,4910257283.0,1707.485587,2921053.0,1.9613889237887845,South America
Uruguay,URY,1979,6262352.0,7181185278.0,2479.962509,2937401.5,2.1319359985347592,South America
Uruguay,URY,1980,5818505.0,10163020116.0,3485.991103,2953750.0,1.9698705035971222,South America
Uruguay,URY,1981,5355957.0,11048335541.0,3764.821504,2970076.2,1.8033062586071023,South America
Uruguay,URY,1982,4853822.0,9178802163.0,3107.400832,2986402.4,1.6253074267553496,South America
Uruguay,URY,1983,3803538.0,5102281256.0,1716.178567,3002728.6,1.2666938996751154,South America
Uruguay,URY,1984,3438156.0,4850241442.0,1620.934562,3019054.8,1.138818679276706,South America
Uruguay,URY,1985,3283824.0,4732017873.0,1571.306,3035381.0,1.0818490331197304,South America
Uruguay,URY,1986,3164926.0,5880112788.0,1940.214425,3051707.2,1.037100151679034,South America
Uruguay,URY,1987,3542533.0,7367494080.0,2415.903719,3068033.4,1.1546592028626546,South America
Uruguay,URY,1988,4785973.0,8213515459.0,2676.533381,3084359.6,1.5516909895979702,South America
Uruguay,URY,1989,4852638.0,8438951476.0,2732.287535,3100685.8,1.5650208737692803,South America
Uruguay,URY,1990,3967289.0,9298839655.0,2990.367133,3117012.0,1.2727859244686899,South America
Uruguay,URY,1991,4527678.0,11205971155.0,3578.288157,3134533.2,1.4444504846846093,South America
Uruguay,URY,1992,5142888.0,12878199881.0,4082.538363,3152054.4,1.6315987439810684,South America
Uruguay,URY,1993,4439220.0,15002106518.0,4721.007648,3169575.6,1.4005723668493661,South America
Uruguay,URY,1994,4030404.0,17474647792.0,5458.867361,3187096.8,1.26460043510445,South America
Uruguay,URY,1995,4557192.0,19297663097.0,5985.116994,3204618.0,1.4220702748346292,South America
Uruguay,URY,1996,5405165.0,20515543039.0,6317.561877,3222139.2,1.677508221867013,South America
Uruguay,URY,1997,5513665.0,23969823010.0,7329.866939,3239660.4,1.7019268439370991,South America
Uruguay,URY,1998,5638758.0,25385928189.0,7713.618768,3257181.6,1.7311770396836332,South America
Uruguay,URY,1999,6682218.0,23983945191.0,7250.27477,3274702.8,2.040557085058223,South America
Uruguay,URY,2000,5268017.0,22823255802.0,6875.025469,3292224.0,1.600139297933555,South America
Uruguay,URY,2001,5030443.0,20898788417.0,6284.45968,3298266.7,1.5251777547279606,South America
Uruguay,URY,2002,4557757.0,13606494599.0,4090.891888,3304309.4,1.3793372376085606,South America
Uruguay,URY,2003,4526888.0,12045631093.0,3624.205685,3310352.1,1.3674944124523793,South America
Uruguay,URY,2004,5564822.0,13686329890.0,4120.544205,3316394.8,1.6779733221147255,South America
Uruguay,URY,2005,5726669.0,17362857684.0,5226.9441,3322437.5,1.7236348313549916,South America
Uruguay,URY,2006,6597095.0,19579457966.0,5887.845162,3328480.2,1.9820141937452413,South America
Uruguay,URY,2007,5947501.0,23410572634.0,7026.503055,3334522.9,1.783613781749707,South America
Uruguay,URY,2008,8201628.5,30366213119.0,9091.079039,3340565.6,2.4551616349039813,South America
Uruguay,URY,2009,7946771.0,31660911277.0,9451.932449,3346608.3,2.3745745804789884,South America
Uruguay,URY,2010,6297960.0,40284481652.0,11992.02377,3352651.0,1.8785015201403308,South America
Uruguay,URY,2011,7652644.0,47962439304.0,14236.715,3362684.4,2.275754453792928,South America
Uruguay,URY,2012,8591791.0,51264390116.0,15171.58017,3372717.8,2.5474384486007104,South America
Uruguay,URY,2013,7492373.0,57531233351.0,16973.68924,3382751.2,2.214875572285659,South America
Uruguay,URY,2014,6684323.0,57236013086.0,16831.94819,3392784.6,1.9701583766915234,South America
Uruguay,URY,2015,6742026.0,53274304222.0,15613.74597,3402818.0,1.9813066699423831,South America
Uruguay,URY,2016,6521229.0,57236652490.0,16715.63347,3408071.6,1.9134659612198288,South America
Uruguay,URY,2017,6162573.0,64233966861.0,18690.89384,3413325.2,1.805445610632119,South America
Uruguay,URY,2018,6570970.0,64515038268.0,18703.86029,3418578.8,1.9221350111923705,South America
Uruguay,URY,2019,6489942.0,61231149881.0,17688.01501,3423832.4,1.8955197690167311,South America
Uruguay,URY,2020,6477168.0,53560755047.0,15418.81531,3429086.0,1.8888905090161052,South America
Uzbekistan,UZB,1990,103783350.0,13360607918.0,651.4192061,20579100.0,5.04314328614954,Asia
Uzbekistan,UZB,1991,102288880.0,13677622222.0,652.8074753,21013745.4,4.867712920896054,Asia
Uzbekistan,UZB,1992,110984330.0,12941297376.0,603.3520153,21448390.8,5.174482833462732,Asia
Uzbekistan,UZB,1993,115617240.0,13099013836.0,596.9835856,21883036.2,5.2834185779028235,Asia
Uzbekistan,UZB,1994,109784970.0,12899156991.0,576.4471105,22317681.6,4.9191924128893385,Asia
Uzbekistan,UZB,1995,104802930.0,13350468917.0,585.9323642,22752327.0,4.606251044123971,Asia
Uzbekistan,UZB,1996,108184184.0,13948892216.0,600.5981578,23186972.4,4.665731348349731,Asia
Uzbekistan,UZB,1997,109027840.0,14744603774.0,623.0026524,23621617.8,4.61559580394193,Asia
Uzbekistan,UZB,1998,120974760.0,14988971211.0,623.2161328,24056263.2,5.028825923387802,Asia
Uzbekistan,UZB,1999,123586570.0,17078465982.0,702.4807441,24490908.6,5.04622233574462,Asia
Uzbekistan,UZB,2000,123477320.0,13760513969.0,558.2268024,24925554.0,4.953844556474051,Asia
Uzbekistan,UZB,2001,126221210.0,11401421329.0,456.7062895,25294421.3,4.990080955123492,Asia
Uzbekistan,UZB,2002,132575224.0,9687788513.0,383.343068,25663288.6,5.165948373428649,Asia
Uzbekistan,UZB,2003,130294420.0,10134453435.0,396.377979,26032155.9,5.005133670085312,Asia
Uzbekistan,UZB,2004,129097550.0,12030023548.0,465.1198869,26401023.2,4.889869192645533,Asia
Uzbekistan,UZB,2005,121599860.0,14307509839.0,546.7768502,26769890.5,4.5424115574921755,Asia
Uzbekistan,UZB,2006,124900550.0,17330833853.0,654.2838373,27138757.8,4.602294287765816,Asia
Uzbekistan,UZB,2007,123820770.0,22311393928.0,830.4076942,27507625.1,4.501325343422685,Asia
Uzbekistan,UZB,2008,128388290.0,29549438884.0,1082.286025,27876492.4,4.605611357331312,Asia
Uzbekistan,UZB,2009,109227384.0,33689223673.0,1213.265328,28245359.7,3.867091273049003,Asia
Uzbekistan,UZB,2010,107665944.0,49765676402.0,1742.349256,28614227.0,3.7626717646435113,Asia
Uzbekistan,UZB,2011,116756070.0,60178909297.0,2051.129515,29081265.0,4.014820882103994,Asia
Uzbekistan,UZB,2012,118854700.0,67517349212.0,2267.623275,29548303.0,4.0223866663341035,Asia
Uzbekistan,UZB,2013,112281976.0,73180036692.0,2419.718703,30015341.0,3.740819602882406,Asia
Uzbekistan,UZB,2014,107399464.0,80845384375.0,2628.460008,30482379.0,3.523329461916342,Asia
Uzbekistan,UZB,2015,103695920.0,86196265192.0,2753.971072,30949417.0,3.350496715333927,Asia
Uzbekistan,UZB,2016,110139080.0,86138288615.0,2704.677188,31464864.8,3.5003830685457133,Asia
Uzbekistan,UZB,2017,108930904.0,62081323299.0,1916.764642,31980312.6,3.4061863422810945,Asia
Uzbekistan,UZB,2018,102288104.0,52633143808.0,1597.068337,32495760.4,3.147736896779926,Asia
Uzbekistan,UZB,2019,108429080.0,59907674027.0,1784.009816,33011208.2,3.284614102673164,Asia
Uzbekistan,UZB,2020,109631970.0,59894305353.0,1749.655815,33526656.0,3.269994180153249,Asia
Vanuatu,VUT,1979,62288.0,119258835.3,1059.673506,115042.3,0.5414356284601403,Oceania
Vanuatu,VUT,1980,62288.0,121185497.6,1048.33559,118156.0,0.5271674735095975,Oceania
Vanuatu,VUT,1981,51296.0,113781795.8,959.811346,121428.6,0.42243754766175345,Oceania
Vanuatu,VUT,1982,51296.0,114501912.5,943.1943897,124701.2,0.41135129413349675,Oceania
Vanuatu,VUT,1983,54960.0,117389554.2,945.0665727,127973.8,0.4294629056885081,Oceania
Vanuatu,VUT,1984,54960.0,144482515.4,1137.138278,131246.4,0.4187543429762645,Oceania
Vanuatu,VUT,1985,120912.0,131856420.7,1014.36599,134519.0,0.898847003025595,Oceania
Vanuatu,VUT,1986,58624.0,126498935.3,951.2056376,137791.6,0.42545409154113895,Oceania
Vanuatu,VUT,1987,47632.0,139464173.5,1024.906658,141064.2,0.33766185892664474,Oceania
Vanuatu,VUT,1988,65952.0,158351368.4,1136.609999,144336.8,0.4569312884863736,Oceania
Vanuatu,VUT,1989,62288.0,154013202.1,1078.516272,147609.4,0.4219785460817536,Oceania
Vanuatu,VUT,1990,65952.0,168879207.2,1152.169246,150882.0,0.4371097944088758,Oceania
Vanuatu,VUT,1991,65952.0,201334169.1,1335.833604,155001.2,0.425493480050477,Oceania
Vanuatu,VUT,1992,65952.0,209088824.6,1347.430174,159120.4,0.4144785960819606,Oceania
Vanuatu,VUT,1993,65952.0,200491853.2,1255.090071,163239.6,0.4040196128880492,Oceania
Vanuatu,VUT,1994,65952.0,233701301.5,1423.896602,167358.8,0.3940754833328155,Oceania
Vanuatu,VUT,1995,65952.0,249333250.1,1482.705562,171478.0,0.38460910437490525,Oceania
Vanuatu,VUT,1996,84272.0,261370044.5,1522.062208,175597.2,0.4799165362545644,Oceania
Vanuatu,VUT,1997,87936.0,272771209.1,1559.43224,179716.4,0.4893042593775527,Oceania
Vanuatu,VUT,1998,84272.0,262293410.7,1473.666114,183835.6,0.45840957899340495,Oceania
Vanuatu,VUT,1999,87936.0,268006972.7,1478.58574,187954.8,0.4678571656589776,Oceania
Vanuatu,VUT,2000,87936.0,272014693.1,1470.63587,192074.0,0.4578235471745265,Oceania
Vanuatu,VUT,2001,91600.0,257926881.7,1363.185058,197411.9,0.46400444957978726,Oceania
Vanuatu,VUT,2002,84272.0,262596597.8,1354.100243,202749.8,0.41564529286835306,Oceania
Vanuatu,VUT,2003,84272.0,314471328.1,1580.575634,208087.7,0.4049830912639238,Oceania
Vanuatu,VUT,2004,58624.0,364996869.1,1788.122206,213425.6,0.27468120038083527,Oceania
Vanuatu,VUT,2005,58624.0,394962552.3,1887.226576,218763.5,0.26797889044561823,Oceania
Vanuatu,VUT,2006,47632.0,439376794.1,2049.532809,224101.4,0.21254664183267039,Oceania
Vanuatu,VUT,2007,98928.0,516392922.5,2352.973255,229439.3,0.43117286358527074,Oceania
Vanuatu,VUT,2008,95264.0,590748237.0,2629.053124,234777.2,0.4057634216610471,Oceania
Vanuatu,VUT,2009,120912.0,592622502.4,2573.889015,240115.1,0.5035585017352094,Oceania
Vanuatu,VUT,2010,120912.0,670713208.1,2839.40634,245453.0,0.49260754604751217,Oceania
Vanuatu,VUT,2011,135568.0,770153304.2,3173.822022,251650.0,0.5387164712894894,Oceania
Vanuatu,VUT,2012,117248.0,747839697.7,2997.293432,257847.0,0.4547192715059706,Oceania
Vanuatu,VUT,2013,109920.0,758304466.2,2954.774511,264044.0,0.4162942539879717,Oceania
Vanuatu,VUT,2014,157552.0,772315721.3,2926.67996,270241.0,0.5830055394999278,Oceania
Vanuatu,VUT,2015,135568.0,730870581.7,2695.666186,276438.0,0.49041014621723494,Oceania
Vanuatu,VUT,2016,150224.0,780889605.9,2805.66532,283487.4,0.5299142042997325,Oceania
Vanuatu,VUT,2017,142896.0,880062103.0,3082.540055,290536.8,0.4918344251055288,Oceania
Vanuatu,VUT,2018,179536.0,914736985.4,3125.436014,297586.2,0.60330754584722,Oceania
Vanuatu,VUT,2019,164880.0,936526267.6,3122.982599,304635.6,0.5412368088299595,Oceania
Vanuatu,VUT,2020,201520.0,896827873.1,2919.8368,311685.0,0.6465502029292395,Oceania
Venezuela,VEN,1970,74489416.0,11561111111.0,1014.453263,11355475.0,6.55977984188244,South America
Venezuela,VEN,1971,62500184.0,12986590909.0,1105.622678,11740971.8,5.323254758179386,South America
Venezuela,VEN,1972,62514096.0,13977727273.0,1155.404076,12126468.6,5.1551773283773645,South America
Venezuela,VEN,1973,66432852.0,17035581395.0,1367.912274,12511965.4,5.309545692957239,South America
Venezuela,VEN,1974,75057576.0,26100930233.0,2036.437849,12897462.2,5.819561618874138,South America
Venezuela,VEN,1975,63750450.0,27464651163.0,2082.310039,13282959.0,4.79941630475559,South America
Venezuela,VEN,1976,57273444.0,31419534884.0,2314.990328,13668455.8,4.190191257742517,South America
Venezuela,VEN,1977,63650064.0,36210697674.0,2593.076488,14053952.6,4.528979555545107,South America
Venezuela,VEN,1978,68591440.0,39316279070.0,2737.001671,14439449.4,4.750280852121688,South America
Venezuela,VEN,1979,76447390.0,48310930233.0,3270.600986,14824946.2,5.156672339222385,South America
Venezuela,VEN,1980,90640600.0,59116511628.0,3893.697346,15210443.0,5.959103229274782,South America
Venezuela,VEN,1981,91791580.0,66327441860.0,4252.337521,15664456.6,5.859863661022241,South America
Venezuela,VEN,1982,93201040.0,67736744186.0,4228.902648,16118470.2,5.7822509731723795,South America
Venezuela,VEN,1983,92907944.0,67556279070.0,4108.481006,16572483.8,5.6061568755312345,South America
Venezuela,VEN,1984,93002890.0,60010285714.0,3555.806233,17026497.4,5.46224439560893,South America
Venezuela,VEN,1985,101026510.0,61965466667.0,3577.783432,17480511.0,5.779379676028921,South America
Venezuela,VEN,1986,109239830.0,60391604938.0,3398.132171,17934524.6,6.091035722240443,South America
Venezuela,VEN,1987,110661140.0,48029034483.0,2634.22025,18388538.2,6.017941110729509,South America
Venezuela,VEN,1988,115751750.0,60226413793.0,3220.861914,18842551.8,6.143103716981688,South America
Venezuela,VEN,1989,108571080.0,43526253602.0,2270.957799,19296565.4,5.626445833723342,South America
Venezuela,VEN,1990,121823040.0,48598315565.0,2475.380473,19750579.0,6.1680743637946005,South America
Venezuela,VEN,1991,115052180.0,53476971831.0,2661.033851,20218294.0,5.69049891153032,South America
Venezuela,VEN,1992,105576780.0,60401798246.0,2938.160197,20686009.0,5.103777147152938,South America
Venezuela,VEN,1993,123966330.0,60065011013.0,2857.93866,21153724.0,5.860260349430672,South America
Venezuela,VEN,1994,119765340.0,58418666667.0,2720.367063,21621439.0,5.539193760415299,South America
Venezuela,VEN,1995,124730820.0,77407726244.0,3529.589128,22089154.0,5.646699733271813,South America
Venezuela,VEN,1996,118253256.0,70543211119.0,3151.269278,22556869.0,5.242449916253891,South America
Venezuela,VEN,1997,129666980.0,85843534589.0,3758.844934,23024584.0,5.631675256326021,South America
Venezuela,VEN,1998,170367140.0,91331203433.0,3921.718474,23492299.0,7.252042041521777,South America
Venezuela,VEN,1999,143049710.0,97976886247.0,4127.108981,23960014.0,5.970351686772804,South America
Venezuela,VEN,2000,142834900.0,117141000000.0,4842.036601,24427729.0,5.847244334501991,South America
Venezuela,VEN,2001,130533940.0,122904000000.0,4986.675788,24856458.3,5.25151002707413,South America
Venezuela,VEN,2002,164152850.0,92893587734.0,3700.87974,25285187.6,6.492055846957608,South America
Venezuela,VEN,2003,154262140.0,83620628582.0,3272.615024,25713916.9,5.99916926697387,South America
Venezuela,VEN,2004,142766900.0,112453000000.0,4325.696756,26142646.2,5.461073026341151,South America
Venezuela,VEN,2005,148310640.0,145510000000.0,5504.97724,26571375.5,5.581594373990914,South America
Venezuela,VEN,2006,155596930.0,183478000000.0,6833.378912,27000104.8,5.762826890953401,South America
Venezuela,VEN,2007,153962110.0,230364000000.0,8454.469536,27428834.1,5.613148172419038,South America
Venezuela,VEN,2008,155505170.0,315953000000.0,11432.74592,27857563.4,5.5821526013290885,South America
Venezuela,VEN,2009,151848180.0,329788000000.0,11765.09976,28286292.7,5.368260224500895,South America
Venezuela,VEN,2010,189316720.0,393192000000.0,13825.35712,28715022.0,6.592950546929757,South America
Venezuela,VEN,2011,168413150.0,316482000000.0,10955.53801,29077960.8,5.791779938020963,South America
Venezuela,VEN,2012,175719550.0,381286000000.0,12986.22269,29440899.6,5.968552333231012,South America
Venezuela,VEN,2013,198427040.0,371005000000.0,12457.7686,29803838.4,6.657767947097714,South America
Venezuela,VEN,2014,175961380.0,482359000000.0,16055.64532,30166777.2,5.832952550198169,South America
Vietnam,VNM,1985,21097420.0,14094687821.0,231.4522858,59940441.5,0.35197304978142346,Asia
Vietnam,VNM,1986,20584666.0,26336616250.0,422.7802977,61334875.8,0.33561111409310135,Asia
Vietnam,VNM,1987,23296900.0,36658108850.0,575.4626827,62729310.1,0.3713877924507893,Asia
Vietnam,VNM,1988,23072536.0,25423812649.0,390.4122234,64123744.4,0.35981267494416624,Asia
Vietnam,VNM,1989,17397910.0,6293304975.0,94.56473524,65518178.7,0.2655432483809261,Asia
Vietnam,VNM,1990,21298646.0,6471740806.0,95.18825998,66912613.0,0.3183053993123838,Asia
Vietnam,VNM,1991,21375534.0,9613369520.0,138.4474504,68121465.9,0.31378558458179034,Asia
Vietnam,VNM,1992,21466460.0,9866990236.0,139.2001228,69330318.8,0.30962586602154785,Asia
Vietnam,VNM,1993,22853002.0,13180953598.0,182.3084018,70539171.7,0.3239760469146535,Asia
Vietnam,VNM,1994,27362152.0,16286433533.0,221.1291752,71748024.6,0.38136453445994944,Asia
Vietnam,VNM,1995,30088820.0,20736164459.0,276.8126628,72956877.5,0.41241924039306643,Asia
Vietnam,VNM,1996,35481510.0,24657470575.0,324.1472239,74165730.4,0.47840842136437717,Asia
Vietnam,VNM,1997,45502070.0,26843700442.0,348.0174071,75374583.3,0.6036792245855109,Asia
Vietnam,VNM,1998,47866350.0,27209602050.0,348.3243173,76583436.2,0.6250222290234608,Asia
Vietnam,VNM,1999,48548324.0,28683659007.0,362.9195028,77792289.1,0.6240763006419875,Asia
Vietnam,VNM,2000,53935468.0,31172518403.0,390.0933309,79001142.0,0.6827175738801345,Asia
Vietnam,VNM,2001,60983830.0,32685198735.0,404.8078612,79842129.0,0.7638051585523227,Asia
Vietnam,VNM,2002,69527790.0,35064105501.0,430.0528724,80683116.0,0.8617390285223987,Asia
Vietnam,VNM,2003,77261570.0,39552513316.0,480.5798343,81524103.0,0.9477144446471248,Asia
Vietnam,VNM,2004,88939180.0,45427854693.0,546.909619,82365090.0,1.0798164610759242,Asia
Vietnam,VNM,2005,95845720.0,57633255618.0,687.4797274,83206077.0,1.151907690588513,Asia
Vietnam,VNM,2006,99652260.0,66371664817.0,784.3723759,84047064.0,1.18567211342445,Asia
Vietnam,VNM,2007,101429540.0,77414425532.0,906.2842299,84888051.0,1.194862395886554,Asia
Vietnam,VNM,2008,114302696.0,99130304099.0,1149.424495,85729038.0,1.3333019787297742,Asia
Vietnam,VNM,2009,124493390.0,106015000000.0,1217.268583,86570025.0,1.4380657739211695,Asia
Vietnam,VNM,2010,139563840.0,147199000000.0,1673.329289,87411012.0,1.5966391053795372,Asia
Vietnam,VNM,2011,152560270.0,172596000000.0,1942.08701,88367089.2,1.7264376520846179,Asia
Vietnam,VNM,2012,144277150.0,195592000000.0,2178.043171,89323166.4,1.6152265511268304,Asia
Vietnam,VNM,2013,151437980.0,213711000000.0,2354.874117,90279243.6,1.6774396191330077,Asia
Vietnam,VNM,2014,181842880.0,233450000000.0,2545.416768,91235320.8,1.9931193139400898,Asia
Vietnam,VNM,2015,215461950.0,239257000000.0,2581.622442,92191398.0,2.3371155517134037,Asia
Vietnam,VNM,2016,223203940.0,257096000000.0,2745.565588,93082855.4,2.397906027279004,Asia
Vietnam,VNM,2017,229642500.0,281353000000.0,2974.117229,93974312.8,2.443673097016784,Asia
Vietnam,VNM,2018,257722290.0,308702000000.0,3230.927713,94865770.2,2.716704765656348,Asia
Vietnam,VNM,2019,341788800.0,330391000000.0,3425.089253,95757227.6,3.569326395159753,Asia
Vietnam,VNM,2020,363342660.0,343243000000.0,3526.274579,96648685.0,3.7594164886982164,Asia
Yemen,YEM,1990,9520184.0,5647119229.0,482.2481211,13375121.0,0.7117830186358688,Asia
Yemen,YEM,1991,9127376.0,5930370370.0,482.0605713,13900478.9,0.6566231326030069,Asia
Yemen,YEM,1992,9873645.0,6463649985.0,498.9633818,14425836.8,0.6844417510670854,Asia
Yemen,YEM,1993,8625426.0,5368270615.0,393.7390588,14951194.7,0.5769054696344768,Asia
Yemen,YEM,1994,9910087.0,4167356037.0,291.472071,15476552.6,0.6403291001640766,Asia
Yemen,YEM,1995,11062451.0,4258788725.0,285.5695931,16001910.5,0.6913206394948903,Asia
Yemen,YEM,1996,11302606.0,5785685311.0,374.0114314,16527268.4,0.6838762296617631,Asia
Yemen,YEM,1997,12171426.0,6838557384.0,428.0605956,17052626.3,0.7137566839191216,Asia
Yemen,YEM,1998,12842866.0,6325141676.0,384.4999404,17577984.2,0.7306222291404723,Asia
Yemen,YEM,1999,14687685.0,7641102523.0,451.5709253,18103342.1,0.8113245012367081,Asia
Yemen,YEM,2000,15725321.0,9652436180.0,554.4486653,18628700.0,0.8441448410248702,Asia
Yemen,YEM,2001,17077302.0,9861560095.0,550.3603645,19240224.6,0.8875832977542267,Asia
Yemen,YEM,2002,16581434.0,10694628092.0,579.8531406,19851749.2,0.83526312129714,Asia
Yemen,YEM,2003,18481570.0,11777966673.0,620.382726,20463273.8,0.9031580274315637,Asia
Yemen,YEM,2004,19977182.0,13872791659.0,709.9653788,21074798.4,0.947918059325303,Asia
Yemen,YEM,2005,21661558.0,16746344766.0,832.8441987,21686323.0,0.9988580360073028,Asia
Yemen,YEM,2006,23790956.0,19061978586.0,921.4183549,22297847.6,1.0669619968162307,Asia
Yemen,YEM,2007,23570650.0,21650532264.0,1017.292048,22909372.2,1.028864946373345,Asia
Yemen,YEM,2008,24407098.0,26910851362.0,1229.246675,23520896.8,1.0376771858460772,Asia
Yemen,YEM,2009,26776694.0,25130274124.0,1116.084396,24132421.4,1.1095734471137655,Asia
Yemen,YEM,2010,25713402.0,30906749533.0,1334.784902,24743946.0,1.0391795229427028,Asia
Yemen,YEM,2011,22515330.0,32726417212.0,1374.621401,25498465.8,0.8830072435181571,Asia
Yemen,YEM,2012,20355792.0,35401341663.0,1446.536472,26252985.6,0.7753705544256269,Asia
Yemen,YEM,2013,27160398.0,40415235702.0,1607.152173,27007505.4,1.005661115224659,Asia
Yemen,YEM,2014,26476566.0,43228585321.0,1674.002572,27762025.2,0.953697210821637,Asia
Yemen,YEM,2015,14083540.0,42444495590.0,1601.807163,28516545.0,0.49387259220918944,Asia
Yemen,YEM,2016,10007327.0,31317828584.0,1152.738019,29270045.2,0.341896533866644,Asia
Yemen,YEM,2017,9694605.0,26842231205.0,964.3403436,30023545.4,0.3229000729540756,Asia
Yemen,YEM,2018,11591975.0,21606161066.0,758.1459489,30777045.6,0.3766435268237702,Asia
Yemen,YEM,2019,11837194.0,21887614217.0,750.5545834,31530545.8,0.3754198888621839,Asia
Yemen,YEM,2020,10883986.0,18840511908.0,631.68149,32284046.0,0.3371320310967219,Asia
Zambia,ZMB,1970,3765879.0,1825285714.0,436.7692354,4281671.0,0.8795348825260044,Africa
Zambia,ZMB,1971,3786676.0,1687000000.0,390.579238,4425547.7,0.8556400826953011,Africa
Zambia,ZMB,1972,4061415.2,1910714286.0,427.819426,4569424.4,0.8888242466600388,Africa
Zambia,ZMB,1973,4585665.0,2268714286.0,491.1116401,4713301.1,0.9729200198985802,Africa
Zambia,ZMB,1974,4197161.0,3121833333.0,653.278691,4857177.8,0.8641151658067778,Africa
Zambia,ZMB,1975,4076219.0,2618666667.0,529.7428421,5001054.5,0.8150719013360083,Africa
Zambia,ZMB,1976,4019392.0,2746714286.0,537.2206872,5144931.2,0.7812333817019749,Africa
Zambia,ZMB,1977,3734905.0,2483000000.0,469.594201,5288807.9,0.70619033071706,Africa
Zambia,ZMB,1978,3470873.0,2813375000.0,514.4919068,5432684.6,0.638887263950497,Africa
Zambia,ZMB,1979,3596470.0,3325500000.0,587.944616,5576561.3,0.6449261124413713,Africa
Zambia,ZMB,1980,3523262.0,3829500000.0,654.4120135,5720438.0,0.6159077329393309,Africa
Zambia,ZMB,1981,3358031.0,3872666667.0,639.5434833,5917034.3,0.567519272281386,Africa
Zambia,ZMB,1982,3510781.0,3994777778.0,637.5456904,6113630.6,0.5742546826430763,Africa
Zambia,ZMB,1983,3260766.0,3216307692.0,496.1977536,6310226.9,0.5167430667192014,Africa
Zambia,ZMB,1984,2804441.0,2739444444.0,408.7779201,6506823.2,0.43100003085991334,Africa
Zambia,ZMB,1985,2732732.0,2281258065.0,329.5116708,6703419.5,0.4076623878305692,Africa
Zambia,ZMB,1986,2865572.0,1661948718.0,232.5390873,6900015.8,0.41529933887977477,Africa
Zambia,ZMB,1987,2673762.0,2269894737.0,307.8727161,7096612.1,0.37676597823347285,Africa
Zambia,ZMB,1988,3109022.0,3713614458.0,488.744735,7293208.4,0.4262900262112351,Africa
Zambia,ZMB,1989,2570005.0,3998637681.0,511.3217299,7489804.7,0.34313378024396285,Africa
Zambia,ZMB,1990,2407113.0,3285217391.0,408.7693313,7686401.0,0.3131651601315102,Africa
Zambia,ZMB,1991,2381811.0,3378882353.0,409.7272755,7906874.5,0.3012329334429173,Africa
Zambia,ZMB,1992,2424693.0,3181921788.0,376.498819,8127348.0,0.29833753888722375,Africa
Zambia,ZMB,1993,2466007.0,3273237853.0,378.1255592,8347821.5,0.2954072508617967,Africa
Zambia,ZMB,1994,2393258.0,3656647744.0,412.2607521,8568295.0,0.27931554644185336,Africa
Zambia,ZMB,1995,2142313.0,3807067122.0,418.5150247,8788768.5,0.24375576623732892,Africa
Zambia,ZMB,1996,1837995.0,3597220962.0,385.1521522,9009242.0,0.20401216883728954,Africa
Zambia,ZMB,1997,2354102.0,4303281932.0,448.3701601,9229715.5,0.25505683246682953,Africa
Zambia,ZMB,1998,2278458.0,3537683046.0,358.5559589,9450189.0,0.24110184462977408,Africa
Zambia,ZMB,1999,1777604.0,3404311977.0,335.7122914,9670662.5,0.18381408719412967,Africa
Zambia,ZMB,2000,1784113.0,3600683040.0,345.6896207,9891136.0,0.1803749336779921,Africa
Zambia,ZMB,2001,1885603.0,4094480988.0,382.9410352,10281231.0,0.1834024544337152,Africa
Zambia,ZMB,2002,1960891.0,4193845678.0,382.2419633,10671326.0,0.18375326552670213,Africa
Zambia,ZMB,2003,2074413.0,4901839731.0,435.4581994,11061421.0,0.18753585095441175,Africa
Zambia,ZMB,2004,2104131.0,6221077675.0,538.591553,11451516.0,0.18374257172587455,Africa
Zambia,ZMB,2005,2242543.0,8331870169.0,702.7411184,11841611.0,0.18937820200308894,Africa
Zambia,ZMB,2006,2231118.0,12756858899.0,1047.918843,12231706.0,0.1824044822529253,Africa
Zambia,ZMB,2007,2294254.0,14056957976.0,1124.290586,12621801.0,0.18176914689116078,Africa
Zambia,ZMB,2008,2553028.0,17910858638.0,1394.0005,13011896.0,0.19620722452746317,Africa
Zambia,ZMB,2009,2940336.0,15328342304.0,1159.907499,13401991.0,0.21939546146538974,Africa
Zambia,ZMB,2010,3120300.0,20265559484.0,1489.459087,13792086.0,0.22623843847841435,Africa
Zambia,ZMB,2011,3372367.0,23459515276.0,1672.907535,14283314.8,0.23610534719853685,Africa
Zambia,ZMB,2012,4165843.0,25503060420.0,1763.069442,14774543.6,0.2819608586758646,Africa
Zambia,ZMB,2013,4416159.0,28037239463.0,1878.346811,15265772.4,0.28928500204811125,Africa
Zambia,ZMB,2014,4876557.0,27141023558.0,1762.427817,15757001.2,0.3094850941561139,Africa
Zambia,ZMB,2015,5064975.0,21251216799.0,1338.290927,16248230.0,0.31172472324677825,Africa
Zambia,ZMB,2016,5864282.0,20958412538.0,1280.806543,16784127.0,0.3493945201916072,Africa
Zambia,ZMB,2017,6850203.0,25873601261.0,1535.196574,17320024.0,0.39550770830340654,Africa
Zambia,ZMB,2018,7419369.0,26311590297.0,1516.368371,17855921.0,0.4155130950680169,Africa
Zambia,ZMB,2019,7750827.0,23308667781.0,1305.001031,18391818.0,0.421427995862073,Africa
Zambia,ZMB,2020,8144346.0,18110631358.0,985.132436,18927715.0,0.4302868042972963,Africa
Zimbabwe,ZWE,1970,8154132.0,1884206300.0,356.2289954,5202918.0,1.5672228545596913,Africa
Zimbabwe,ZWE,1971,8732719.0,2178716300.0,397.7953353,5387618.8,1.6208865779442303,Africa
Zimbabwe,ZWE,1972,8215826.0,2677729400.0,471.9369028,5572319.6,1.4743996378097195,Africa
Zimbabwe,ZWE,1973,9270850.0,3309353600.0,563.0330783,5757020.4,1.6103555929730593,Africa
Zimbabwe,ZWE,1974,9047019.0,3982161400.0,654.4141916,5941721.2,1.5226259690542194,Africa
Zimbabwe,ZWE,1975,8310912.0,4371300700.0,694.5324939,6126422.0,1.3565686464301676,Africa
Zimbabwe,ZWE,1976,10854930.0,4318372000.0,664.1027557,6311122.8,1.719968117242149,Africa
Zimbabwe,ZWE,1977,9284411.0,4364382100.0,650.1557988,6495823.6,1.4292892744193362,Africa
Zimbabwe,ZWE,1978,9279682.0,4351600500.0,627.9671176,6680524.4,1.3890649063417835,Africa
Zimbabwe,ZWE,1979,9431655.0,5177459400.0,723.1067339,6865225.2,1.3738303879674625,Africa
Zimbabwe,ZWE,1980,9613952.0,6678868200.0,901.4984147,7049926.0,1.3636954487181852,Africa
Zimbabwe,ZWE,1981,9405387.0,8011373800.0,1043.748057,7356322.7,1.278544645682822,Africa
Zimbabwe,ZWE,1982,8779857.0,8539700700.0,1073.064116,7662719.4,1.1457886608767116,Africa
Zimbabwe,ZWE,1983,10425096.0,7764067000.0,940.557953,7969116.1,1.3081872404895696,Africa
Zimbabwe,ZWE,1984,9879639.0,6352125900.0,741.8750005,8275512.8,1.1938400965315406,Africa
Zimbabwe,ZWE,1985,10213709.0,5637259300.0,635.0060586,8581909.5,1.1901441048754942,Africa
Zimbabwe,ZWE,1986,13068023.0,6217523700.0,675.8067749,8888306.2,1.4702489659953435,Africa
Zimbabwe,ZWE,1987,15170106.0,6741215100.0,707.57554,9194702.9,1.6498745163370097,Africa
Zimbabwe,ZWE,1988,16029461.0,7814784100.0,793.4492583,9501099.6,1.6871164049264362,Africa
Zimbabwe,ZWE,1989,16113653.0,8286322700.0,816.0767657,9807496.3,1.6429935334260588,Africa
Zimbabwe,ZWE,1990,15551593.0,8783816700.0,841.9739583,10113893.0,1.537646581786064,Africa
Zimbabwe,ZWE,1991,15501544.0,8641481700.0,809.0511401,10285971.3,1.5070568979713175,Africa
Zimbabwe,ZWE,1992,16713457.0,6751472200.0,619.3720826,10458049.6,1.598142831527592,Africa
Zimbabwe,ZWE,1993,16046612.0,6563813300.0,591.7196824,10630127.9,1.509540821235086,Africa
Zimbabwe,ZWE,1994,17393590.0,6890675000.0,611.8652764,10802206.2,1.6101886668299297,Africa
Zimbabwe,ZWE,1995,15028392.0,7111270700.0,623.2095851,10974284.5,1.3694188445725095,Africa
Zimbabwe,ZWE,1996,14908902.0,8553146600.0,741.0958552,11146362.8,1.337557575283661,Africa
Zimbabwe,ZWE,1997,13911984.0,8529571600.0,731.947626,11318441.1,1.229143119364733,Africa
Zimbabwe,ZWE,1998,14131139.0,6401968200.0,544.9838381,11490519.4,1.229808549820646,Africa
Zimbabwe,ZWE,1999,15727769.0,6858013100.0,580.0705709,11662597.7,1.348564822740992,Africa
Zimbabwe,ZWE,2000,13818202.0,6689957600.0,563.0575041,11834676.0,1.1676028984654925,Africa
Zimbabwe,ZWE,2001,12508722.0,6777384700.0,568.3862905,11935185.5,1.048054259399655,Africa
Zimbabwe,ZWE,2002,11895839.0,6342116400.0,530.5304463,12035695.0,0.988379898294199,Africa
Zimbabwe,ZWE,2003,10609583.0,5727591800.0,478.0076044,12136204.5,0.8742093131341022,Africa
Zimbabwe,ZWE,2004,9428642.0,5805598400.0,482.9984515,12236714.0,0.7705207460107346,Africa
Zimbabwe,ZWE,2005,10698489.0,5755215200.0,476.5554025,12337223.5,0.8671715317469931,Africa
Zimbabwe,ZWE,2006,10365461.0,5443896500.0,447.8547399,12437733.0,0.8333882870777175,Africa
Zimbabwe,ZWE,2007,9835161.0,5291950100.0,431.7872587,12538242.5,0.78441304672485,Africa
Zimbabwe,ZWE,2008,7720094.0,4415702800.0,356.6932344,12638752.0,0.6108272399046994,Africa
Zimbabwe,ZWE,2009,8249769.0,9665793300.0,771.5990323,12739261.5,0.6475861257734603,Africa
Zimbabwe,ZWE,2010,8754012.0,12041655200.0,948.331481,12839771.0,0.6817887951428417,Africa
Zimbabwe,ZWE,2011,10363199.0,14101920300.0,1093.653409,13102804.2,0.7909145891075744,Africa
Zimbabwe,ZWE,2012,11253769.0,17114849900.0,1304.968011,13365837.4,0.8419800917224984,Africa
Zimbabwe,ZWE,2013,11671374.0,19091020000.0,1429.998461,13628870.6,0.8563713269095093,Africa
Zimbabwe,ZWE,2014,11946148.0,19495519600.0,1434.896277,13891903.8,0.8599359865996192,Africa
Zimbabwe,ZWE,2015,12254954.0,19963120600.0,1445.069702,14154937.0,0.8657724156596388,Africa
Zimbabwe,ZWE,2016,10533453.0,20548678100.0,1464.588957,14457882.8,0.7285612385791369,Africa
Zimbabwe,ZWE,2017,9295629.0,17584890937.0,1235.189032,14760828.6,0.6297498095736983,Africa
Zimbabwe,ZWE,2018,10714598.0,18115543791.0,1254.642265,15063774.4,0.7112824260034059,Africa
Zimbabwe,ZWE,2019,9775428.0,19284289739.0,1316.740657,15366720.2,0.6361427730037019,Africa
Zimbabwe,ZWE,2020,7849639.0,18051170799.0,1214.50982,15669666.0,0.5009448829349649,Africa
