Entity,Code,Year,Annual_CO2_emissions,Population,Continent,Emissions_per_Capita
Afghanistan,AFG,1970,1670397.0,10752971,Asia,0.15534283501741053
Albania,ALB,1970,3739486.0,2324731,Europe,1.608567184762452
Algeria,DZA,1970,15058960.0,13795915,Africa,1.0915521007486637
Andorra,AND,1970,0.0,19860,Europe,0.0
Angola,AGO,1970,3577917.0,6029700,Africa,0.5933822578237723
Antigua and Barbuda,ATG,1970,461664.0,64516,North America,7.155806311612623
Argentina,ARG,1970,82648000.0,23842803,South America,3.4663709631791195
Armenia,ARM,1970,5180804.0,2534377,Asia,2.0442120489571995
Aruba,ABW,1970,928761.0,59106,North America,15.713480864886813
Australia,AUS,1970,147861020.0,12595034,Oceania,11.739628491673782
Austria,AUT,1970,50631700.0,7465301,Europe,6.782271739612375
Azerbaijan,AZE,1970,31105304.0,5425317,Asia,5.733361571314635
Bahamas,BHS,1970,2568770.0,179129,North America,14.340335735698854
Bahrain,BHR,1970,2590448.0,222555,Asia,11.639585720383725
Bangladesh,BGD,1970,3803195.0,67541860,Asia,0.056308709887468306
Barbados,BRB,1970,428688.0,241397,North America,1.7758629974688998
Belarus,BLR,1970,65798090.0,9170786,Europe,7.174749252681286
Belgium,BEL,1970,125490456.0,9629376,Europe,13.032044444001356
Belize,BLZ,1970,120912.0,120905,North America,1.000057896695753
Benin,BEN,1970,282128.0,3023443,Africa,0.09331348399820999
Bermuda,BMU,1970,227168.0,52019,North America,4.367019742786289
Bhutan,BTN,1970,3664.0,298894,Asia,0.012258526434120457
Bolivia,BOL,1970,2483717.0,4585693,South America,0.5416230436708258
Bosnia and Herzegovina,BIH,1970,10905834.0,3815561,Europe,2.8582517747717833
Brazil,BRA,1970,93488200.0,96369875,South America,0.9700977613595535
British Virgin Islands,VGB,1970,18320.0,9581,North America,1.9121177330132555
Brunei,BRN,1970,8203696.5,133343,Asia,61.52326331340978
Bulgaria,BGR,1970,61173972.0,8582950,Europe,7.127383009338281
Burkina Faso,BFA,1970,142896.0,5611666,Africa,0.02546409568923026
Burundi,BDI,1970,62288.0,3497834,Africa,0.017807591783944008
Cambodia,KHM,1970,1172331.0,6708525,Asia,0.17475242322269052
Cameroon,CMR,1970,637417.0,6452787,Africa,0.09878165821992885
Canada,CAN,1970,341177200.0,21434577,North America,15.91714172852583
Cape Verde,CPV,1970,36581.0,287262,Africa,0.1273436792892899
Central African Republic,CAF,1970,208848.0,2067356,Africa,0.10102178821644651
Chad,TCD,1970,124576.0,3667394,Africa,0.03396853460522649
Chile,CHL,1970,24635802.0,9820481,South America,2.508614598409182
China,CHN,1970,807952640.0,822534450,Asia,0.9822720981473785
Colombia,COL,1970,28370052.0,20905254,South America,1.357077603553633
Comoros,COM,1970,29312.0,242351,Africa,0.12094854157812429
Congo,COG,1970,571584.0,1396989,Africa,0.40915425962552315
Cook Islands,COK,1970,10992.0,20470,Oceania,0.536980947728383
Costa Rica,CRI,1970,1248681.0,1855697,North America,0.6728905634917769
Cote d'Ivoire,CIV,1970,2242368.0,5477086,Africa,0.4094089448294221
Croatia,HRV,1970,11796174.0,4492638,Europe,2.625667592180808
Cuba,CUB,1970,18654088.0,8869636,North America,2.103140196508628
Curacao,CUW,1970,13978085.0,150385,North America,92.94866509292815
Cyprus,CYP,1970,1702690.0,640804,Europe,2.6571151241253177
Czechia,CZE,1970,154419700.0,9795744,Europe,15.763958306791194
Democratic Republic of Congo,COD,1970,2709666.0,20151733,Africa,0.13446317495373722
Denmark,DNK,1970,62039320.0,4922963,Europe,12.602028493815615
Djibouti,DJI,1970,139232.0,144379,Africa,0.9643507712340438
Dominica,DMA,1970,25648.0,68895,North America,0.37227665287756734
Dominican Republic,DOM,1970,3105081.0,4475871,North America,0.6937378222026506
Ecuador,ECU,1970,4278215.0,6172215,South America,0.6931409550704245
Egypt,EGY,1970,21654010.0,34781986,Africa,0.6225639329508097
El Salvador,SLV,1970,1428306.0,3619090,North America,0.39465887833681945
Equatorial Guinea,GNQ,1970,36640.0,316955,Africa,0.11560000631004401
Estonia,EST,1970,23870596.0,1361999,Europe,17.526147963397918
Eswatini,SWZ,1970,366400.0,442865,Africa,0.8273401600939339
Ethiopia,ETH,1970,1651721.0,28308246,Africa,0.05834769840561651
Faroe Islands,FRO,1970,256480.02,38416,Europe,6.676385360266555
Fiji,FJI,1970,520050.0,527634,Oceania,0.9856264001182637
Finland,FIN,1970,40355044.0,4606621,Europe,8.760226639005031
France,FRA,1970,460424580.0,50523586,Europe,9.113062164668992
French Polynesia,PYF,1970,194192.0,117891,Oceania,1.6472164965943117
Gabon,GAB,1970,2081152.0,597192,Africa,3.484895979852376
Gambia,GMB,1970,47632.0,528731,Africa,0.090087397939595
Georgia,GEO,1970,9639578.0,4800426,Asia,2.0080672007026044
Germany,DEU,1970,1026022340.0,78294583,Europe,13.104640202247452
Ghana,GHA,1970,2621641.0,8861895,Africa,0.29583300185795475
Greece,GRC,1970,24126176.0,8544873,Europe,2.82346806090623
Greenland,GRL,1970,381056.0,45434,North America,8.387022934366334
Grenada,GRD,1970,43968.0,98794,North America,0.4450472700771302
Guatemala,GTM,1970,2296437.0,5453208,North America,0.42111670781675664
Guinea,GIN,1970,791424.0,4222374,Africa,0.18743578849244524
Guinea-Bissau,GNB,1970,69616.0,591663,Africa,0.11766157424074178
Guyana,GUY,1970,1579184.0,705261,South America,2.2391483436628428
Haiti,HTI,1970,384482.0,4680812,North America,0.08214002185945515
Honduras,HND,1970,1388032.0,2782753,North America,0.4987981326405901
Hong Kong,HKG,1970,8392500.0,3955072,Asia,2.1219588417100876
Hungary,HUN,1970,69934550.0,10315366,Europe,6.779647954323676
Iceland,ISL,1970,1388300.0,204468,Europe,6.78981552125516
India,IND,1970,181722640.0,557501301,Asia,0.3259591317079276
Indonesia,IDN,1970,35791384.0,115228394,Asia,0.310612538781023
Iran,IRN,1970,91787460.0,28449705,Asia,3.2263062130169717
Iraq,IRQ,1970,23883784.0,9811347,Asia,2.4343022420876563
Ireland,IRL,1970,19393740.0,2937637,Europe,6.601816357841353
Israel,ISR,1970,16559357.0,2907307,Asia,5.69577172276612
Italy,ITA,1970,296364540.0,53324036,Europe,5.557803989180414
Jamaica,JAM,1970,4988584.0,1859091,North America,2.683345785655463
Japan,JPN,1970,767963140.0,105416839,Asia,7.285013924578027
Jordan,JOR,1970,1555684.0,1557374,Asia,0.998914839980634
Kazakhstan,KAZ,1970,157081230.0,12265305,Asia,12.806956696144123
Kenya,KEN,1970,3078215.0,11473087,Africa,0.26829875865144226
Kiribati,KIR,1970,21984.0,57437,Oceania,0.38274979542803417
Kuwait,KWT,1970,25021456.0,802786,Asia,31.168276477168263
Kyrgyzstan,KGZ,1970,13578134.0,3016384,Asia,4.501460689355201
Laos,LAO,1970,571584.0,2675283,Asia,0.21365365832325028
Latvia,LVA,1970,15644642.0,2397414,Europe,6.525632202031022
Lebanon,LBN,1970,3940725.0,2381791,Asia,1.6545217443512046
Liberia,LBR,1970,1450587.0,1463563,Africa,0.9911339655347942
Libya,LBY,1970,32305104.0,1909177,Africa,16.920958088223355
Liechtenstein,LIE,1970,111005.0,21089,Europe,5.263644554032908
Lithuania,LTU,1970,24328818.0,3210147,Europe,7.578723964977304
Luxembourg,LUX,1970,13735355.0,339342,Europe,40.47643675112423
Macao,MAC,1970,205184.0,247284,Asia,0.8297504084372624
Madagascar,MDG,1970,970663.0,6639751,Africa,0.1461896688595702
Malawi,MWI,1970,454069.0,4625141,Africa,0.09817408809807096
Malaysia,MYS,1970,14585889.0,10306508,Asia,1.4152115343043443
Mali,MLI,1970,201520.0,6153587,Africa,0.03274837911611553
Malta,MLT,1970,663184.0,315414,Europe,2.1025826374225622
Mauritania,MRT,1970,428688.0,1122198,Africa,0.38200745323017865
Mauritius,MUS,1970,498304.0,830115,Africa,0.6002830933063491
Mexico,MEX,1970,113950680.0,50289306,North America,2.2659028144075006
Moldova,MDA,1970,24593414.0,3711140,Europe,6.626916257538115
Mongolia,MNG,1970,2846542.0,1293880,Asia,2.200004637215198
Montenegro,MNE,1970,1076106.0,530268,Europe,2.0293625110321574
Montserrat,MSR,1970,14656.0,11402,North America,1.2853885283283635
Morocco,MAR,1970,7282020.0,15274351,Africa,0.4767482428549665
Mozambique,MOZ,1970,2980891.0,8411676,Africa,0.35437539439227095
Myanmar,MMR,1970,4612293.0,27284112,Asia,0.16904684308582227
Nauru,NRU,1970,65952.0,6663,Oceania,9.89824403421882
Nepal,NPL,1970,227168.0,12501285,Asia,0.018171571962402266
Netherlands,NLD,1970,141803300.0,13037686,Europe,10.876416259756525
New Caledonia,NCL,1970,2392592.0,110982,Oceania,21.558378836207673
New Zealand,NZL,1970,14179986.0,2824061,Oceania,5.021133042097887
Nicaragua,NIC,1970,1402807.0,2444767,North America,0.5737998754073497
Niger,NER,1970,216057.0,4669708,Africa,0.046267775201361626
Nigeria,NGA,1970,21519958.0,55569264,Africa,0.3872636859109741
Niue,NIU,1970,3664.0,5185,Oceania,0.7066538090646094
North Korea,PRK,1970,73476320.0,14996879,Asia,4.899440743637393
North Macedonia,MKD,1970,6067497.0,1656783,Europe,3.6622158725675
Norway,NOR,1970,27978744.0,3875546,Europe,7.219303809063291
Oman,OMN,1970,234496.0,670693,Asia,0.3496323951494946
Pakistan,PAK,1970,20504408.0,59290872,Asia,0.3458273981870262
Palau,PLW,1970,135568.0,11366,Oceania,11.927503079359493
Panama,PAN,1970,2201083.0,1516188,North America,1.4517216862288846
Papua New Guinea,PNG,1970,692496.0,2489059,Oceania,0.2782159844342782
Paraguay,PRY,1970,743435.0,2408787,South America,0.3086345949226727
Peru,PER,1970,17765824.0,13562371,South America,1.3099349663860398
Philippines,PHL,1970,24751418.0,37435586,Asia,0.6611735154887117
Poland,POL,1970,304143400.0,32482943,Europe,9.363172542586428
Portugal,PRT,1970,15236482.0,8683631,Europe,1.754621079592166
Qatar,QAT,1970,7561456.0,118007,Asia,64.07633445473573
Romania,ROU,1970,119981480.0,19922618,Europe,6.022375171777123
Russia,RUS,1970,1440532200.0,130093010,Europe,11.073094549814783
Rwanda,RWA,1970,58624.0,3896367,Africa,0.01504581062307529
Saint Lucia,LCA,1970,65952.0,103090,North America,0.639751673295179
Saint Pierre and Miquelon,SPM,1970,36640.0,5537,North America,6.617301787971826
Saint Vincent and the Grenadines,VCT,1970,29312.0,98459,North America,0.2977076752760032
Samoa,WSM,1970,29312.0,142771,Oceania,0.20530780060376408
Sao Tome and Principe,STP,1970,14656.0,77583,Africa,0.1889073637265896
Saudi Arabia,SAU,1970,45251332.0,6106191,Asia,7.410729864165729
Senegal,SEN,1970,1307067.0,4367744,Africa,0.29925448927409665
Serbia,SRB,1970,31721422.0,7193533,Europe,4.409713836024663
Seychelles,SYC,1970,29312.0,54379,Africa,0.5390316114676621
Sierra Leone,SLE,1970,857376.0,2778557,Africa,0.30856880028014544
Singapore,SGP,1970,17832688.0,2061831,Asia,8.648957164772476
Sint Maarten (Dutch part),SXM,1970,1547690.0,6260,North America,247.23482428115017
Slovakia,SVK,1970,49345176.0,4522867,Europe,10.910154112424708
Slovenia,SVN,1970,9001363.0,1741286,Europe,5.169376541245953
Solomon Islands,SLB,1970,40304.0,172833,Oceania,0.23319620674292524
Somalia,SOM,1970,216176.0,3720977,Africa,0.05809656979873834
South Africa,ZAF,1970,149618180.0,22368306,Africa,6.68884715722326
South Korea,KOR,1970,53716350.0,32601143,Asia,1.6476830275551995
South Sudan,SSD,1970,403983.0,3342410,Africa,0.12086578247432242
Spain,ESP,1970,116766490.0,33792617,Europe,3.455384648072684
Sri Lanka,LKA,1970,3593077.0,12388769,Asia,0.2900269590949674
Sudan,SDN,1970,4446688.0,11305206,Africa,0.39333100166418905
Suriname,SUR,1970,1608496.0,379918,South America,4.233797819529477
Sweden,SWE,1970,92287020.0,8027702,Europe,11.496069485389468
Switzerland,CHE,1970,40244320.0,6181227,Europe,6.51073322497297
Syria,SYR,1970,6649929.0,6319199,Asia,1.0523373294621676
Taiwan,TWN,1970,28734026.0,14957870,Asia,1.9209971740628846
Tajikistan,TJK,1970,7702683.0,2993019,Asia,2.5735496500356327
Tanzania,TZA,1970,1765365.0,13618192,Africa,0.12963284700347888
Thailand,THA,1970,15352543.0,35791728,Asia,0.4289410949926754
Togo,TGO,1970,274800.0,2197383,Africa,0.12505785290957472
Tonga,TON,1970,25648.0,86484,Oceania,0.29656352620137827
Trinidad and Tobago,TTO,1970,8990356.0,988890,North America,9.091361020942673
Tunisia,TUN,1970,3738743.0,5047404,Africa,0.740725925644153
Turkey,TUR,1970,42579228.0,35540990,Asia,1.1980315686197824
Turkmenistan,TKM,1970,19631972.0,2201432,Asia,8.917818946939992
Tuvalu,TUV,1970,0.0,5814,Oceania,0.0
Uganda,UGA,1970,1442843.0,10317212,Africa,0.13984814889914057
Ukraine,UKR,1970,456820030.0,47279086,Europe,9.66220095709972
United Arab Emirates,ARE,1970,15234912.0,298084,Asia,51.109459078648975
United Kingdom,GBR,1970,652577400.0,55650166,Europe,11.726423241936061
United States,USA,1970,4339686000.0,200328340,North America,21.662866072768335
Uruguay,URY,1970,5735803.0,2790265,South America,2.0556481194438523
Uzbekistan,UZB,1970,60562076.0,12011361,Asia,5.042066090595395
Vanuatu,VUT,1970,40304.0,87019,Oceania,0.46316321722842135
Venezuela,VEN,1970,74489416.0,11355475,South America,6.55977984188244
Vietnam,VNM,1970,28172980.0,41928849,Asia,0.6719235245403469
Yemen,YEM,1970,2509840.0,6843607,Asia,0.36674227494360795
Zambia,ZMB,1970,3765879.0,4281671,Africa,0.8795348825260044
Zimbabwe,ZWE,1970,8154132.0,5202918,Africa,1.5672228545596913
Afghanistan,AFG,1980,1756302.0,12486631,Asia,0.14065459290019863
Albania,ALB,1980,5170837.0,2941651,Europe,1.7578009763904692
Algeria,DZA,1980,66416464.0,18739378,Africa,3.544219237159312
Andorra,AND,1980,0.0,35611,Europe,0.0
Angola,AGO,1980,5334352.0,8330047,Africa,0.64037477819753
Antigua and Barbuda,ATG,1980,142896.0,64888,North America,2.2021945506102822
Argentina,ARG,1980,108656130.0,28024803,South America,3.877141616303244
Armenia,ARM,1980,7719751.0,3135123,Asia,2.462343901658723
Aruba,ABW,1980,585435.0,62267,North America,9.40201069587422
Australia,AUS,1980,204370200.0,14706322,Oceania,13.896758142518571
Austria,AUT,1980,52024932.0,7547561,Europe,6.8929462113655
Azerbaijan,AZE,1980,46109770.0,6383060,Asia,7.223771983970071
Bahamas,BHS,1980,7972125.0,223752,North America,35.629290464442775
Bahrain,BHR,1980,7881264.0,362595,Asia,21.735721672940883
Bangladesh,BGD,1980,7597219.0,83929765,Asia,0.09051876887776344
Barbados,BRB,1980,674176.0,253575,North America,2.6586848072562357
Belarus,BLR,1980,97202570.0,9817257,Europe,9.901194396764799
Belgium,BEL,1980,134835790.0,9828986,Europe,13.71817906750503
Belize,BLZ,1980,190528.0,145133,North America,1.3127820688609757
Benin,BEN,1980,479826.0,3833939,Africa,0.12515222594830017
Bermuda,BMU,1980,436016.0,53565,North America,8.1399421263885
Bhutan,BTN,1980,21984.0,415257,Asia,0.05294070900671151
Bolivia,BOL,1980,4658973.0,5736088,South America,0.8122213257537193
Bosnia and Herzegovina,BIH,1980,16534994.0,4199820,Europe,3.9370720649932616
Botswana,BWA,1980,985616.0,938578,Africa,1.0501162396732078
Brazil,BRA,1980,186190690.0,122288383,South America,1.5225541906135107
British Virgin Islands,VGB,1980,29312.0,11109,North America,2.638581330452786
Brunei,BRN,1980,6877328.0,187921,Asia,36.596910403839914
Bulgaria,BGR,1980,77250580.0,8980606,Europe,8.601933989755256
Burkina Faso,BFA,1980,432352.0,6932967,Africa,0.06236175651780832
Burundi,BDI,1980,146560.0,4312834,Africa,0.03398229563206003
Cambodia,KHM,1980,285792.0,6198959,Asia,0.04610322475112354
Cameroon,CMR,1980,3885945.0,8519891,Africa,0.4561026661021837
Canada,CAN,1980,442846850.0,24511510,North America,18.066893879650824
Cape Verde,CPV,1980,120912.0,317234,Africa,0.38114451792683
Central African Republic,CAF,1980,106256.0,2415276,Africa,0.04399331587777132
Chad,TCD,1980,208848.0,4408230,Africa,0.04737683832286428
Chile,CHL,1980,25099940.0,11469828,South America,2.1883449342047676
China,CHN,1980,1494495900.0,982372466,Asia,1.5213128947773258
Colombia,COL,1980,44174240.0,26176195,South America,1.6875730028753224
Comoros,COM,1980,47632.0,328328,Africa,0.1450744377573646
Congo,COG,1980,405529.0,1829256,Africa,0.22169067642801227
Cook Islands,COK,1980,29312.0,17651,Oceania,1.6606424565180442
Costa Rica,CRI,1980,2448461.0,2414303,North America,1.014148182726029
Cote d'Ivoire,CIV,1980,5569280.0,8303809,Africa,0.6706898003073047
Croatia,HRV,1980,17856868.0,4680144,Europe,3.8154526869258722
Cuba,CUB,1980,31374024.0,9809107,North America,3.198458738394841
Curacao,CUW,1980,8810933.0,156851,North America,56.17390389605422
Cyprus,CYP,1980,3260647.0,679327,Europe,4.799819527267428
Czechia,CZE,1980,184677390.0,10270060,Europe,17.982114028545112
Democratic Republic of Congo,COD,1980,3485020.0,26708686,Africa,0.1304826452338389
Denmark,DNK,1980,60286204.0,5125392,Europe,11.762262086490166
Djibouti,DJI,1980,348080.0,324121,Africa,1.0739199249662934
Dominica,DMA,1980,36640.0,72978,North America,0.5020691167201075
Dominican Republic,DOM,1980,6427009.0,5755800,North America,1.1166143715903958
Ecuador,ECU,1980,13407168.0,8135845,South America,1.647913400513407
Egypt,EGY,1980,45176028.0,43748556,Africa,1.032629008372299
El Salvador,SLV,1980,2119434.0,4508992,North America,0.47004607681716887
Equatorial Guinea,GNQ,1980,58624.0,282509,Africa,0.2075119730698845
Estonia,EST,1980,35313856.0,1476983,Europe,23.909453257078788
Eswatini,SWZ,1980,465328.0,598564,Africa,0.7774072613789001
Ethiopia,ETH,1980,1817483.0,34945469,Africa,0.05200911740517777
Faroe Islands,FRO,1980,421360.0,43054,Europe,9.786779393320018
Fiji,FJI,1980,792420.0,644582,Oceania,1.2293548377087786
Finland,FIN,1980,58139290.0,4779418,Europe,12.164512499220617
France,FRA,1980,511046700.0,53713830,Europe,9.514248006518992
French Polynesia,PYF,1980,293120.0,163591,Oceania,1.791785611677904
Gabon,GAB,1980,6624651.0,749078,Africa,8.843739904255632
Gambia,GMB,1980,157552.0,718586,Africa,0.21925281038038594
Georgia,GEO,1980,14295843.0,5145843,Asia,2.7781343115209696
Germany,DEU,1980,1100066000.0,77786703,Europe,14.142082869870446
Ghana,GHA,1980,2483492.0,11865246,Africa,0.20930809188448346
Greece,GRC,1980,50888696.0,9307148,Europe,5.467700309482561
Greenland,GRL,1980,564256.0,50106,North America,11.261246158144733
Grenada,GRD,1980,47632.0,94838,North America,0.5022459351736646
Guatemala,GTM,1980,4492606.0,6987767,North America,0.6429244134785833
Guinea,GIN,1980,963632.0,4972609,Africa,0.19378800947349772
Guinea-Bissau,GNB,1980,146560.0,831462,Africa,0.17626782703238392
Guyana,GUY,1980,1788032.0,778176,South America,2.297721852125997
Haiti,HTI,1980,745071.0,5646676,North America,0.13194860126559413
Honduras,HND,1980,2037957.0,3777990,North America,0.5394289026704676
Hong Kong,HKG,1980,16600216.0,4978544,Asia,3.3343515694548445
Hungary,HUN,1980,86608750.0,10698679,Europe,8.095275126957263
Iceland,ISL,1980,1861846.0,228263,Europe,8.156582538562974
India,IND,1980,291711100.0,696828385,Asia,0.4186268904645726
Indonesia,IDN,1980,94872870.0,148177096,Asia,0.6402667656545247
Iran,IRN,1980,120493920.0,38520664,Asia,3.1280333070063384
Iraq,IRQ,1980,45358190.0,13653369,Asia,3.3221243782395393
Ireland,IRL,1980,26271548.0,3391387,Europe,7.746549715499882
Israel,ISR,1980,20984618.0,3744608,Asia,5.603955874687017
Italy,ITA,1980,386433020.0,56329482,Europe,6.860226763668801
Jamaica,JAM,1980,8445355.0,2135546,North America,3.9546584339555317
Japan,JPN,1980,944868600.0,117624196,Asia,8.032944174173144
Jordan,JOR,1980,4695815.0,2216903,Asia,2.1181869481885314
Kazakhstan,KAZ,1980,230434880.0,14172710,Asia,16.25905560757258
Kenya,KEN,1980,6189277.0,16187124,Africa,0.3823580396369361
Kiribati,KIR,1980,29312.0,60813,Oceania,0.4820022034762304
Kuwait,KWT,1980,24616182.0,1493870,Asia,16.478128618956134
Kyrgyzstan,KGZ,1980,19988408.0,3691209,Asia,5.415138508819197
Laos,LAO,1980,186864.0,3297519,Asia,0.056668058622255095
Latvia,LVA,1980,23196282.0,2572037,Europe,9.018642422329073
Lebanon,LBN,1980,5889758.0,2963702,Asia,1.9872976432853235
Liberia,LBR,1980,2037558.1,1932169,Africa,1.0545444523745076
Libya,LBY,1980,26780556.0,2962720,Africa,9.03917886266674
Liechtenstein,LIE,1980,157827.0,25003,Europe,6.312322521297444
Lithuania,LTU,1980,36422224.0,3521206,Europe,10.343678841851343
Luxembourg,LUX,1980,11073563.0,363741,Europe,30.443538121905423
Macao,MAC,1980,527616.0,245332,Asia,2.1506203838064337
Madagascar,MDG,1980,1613940.0,8948162,Africa,0.18036553205004557
Malawi,MWI,1980,710076.0,6267369,Africa,0.11329730226511316
Malaysia,MYS,1980,28032596.0,13215707,Asia,2.121157498422143
Maldives,MDV,1980,43968.0,164887,Asia,0.266655345782263
Mali,MLI,1980,391343.0,7372581,Africa,0.053080868151872455
Malta,MLT,1980,1022256.0,333587,Europe,3.06443596423122
Mauritania,MRT,1980,630208.0,1506694,Africa,0.4182720578962948
Mauritius,MUS,1980,589904.0,954865,Africa,0.6177878548276458
Mexico,MEX,1980,267743840.0,67705186,North America,3.9545543822891203
Moldova,MDA,1980,36412664.0,4103240,Europe,8.87412483793295
Mongolia,MNG,1980,6855166.0,1697780,Asia,4.03772337994322
Montenegro,MNE,1980,1632626.0,589324,Europe,2.7703368605385155
Montserrat,MSR,1980,14656.0,11452,North America,1.2797764582605657
Morocco,MAR,1980,15817737.0,19678444,Africa,0.8038103520786501
Mozambique,MOZ,1980,3198489.0,11413587,Africa,0.2802352143984183
Myanmar,MMR,1980,5508783.0,33465781,Asia,0.1646094259685737
Nauru,NRU,1980,124576.0,7635,Oceania,16.316437459070073
Nepal,NPL,1980,541295.0,15600442,Asia,0.034697414342491066
Netherlands,NLD,1980,176631780.0,14130387,Europe,12.500137469695629
New Caledonia,NCL,1980,1998603.0,148599,Oceania,13.449639634183272
New Zealand,NZL,1980,17478874.0,3147168,Oceania,5.553842057367131
Nicaragua,NIC,1980,2022342.9,3303309,North America,0.6122172948398106
Niger,NER,1980,566275.0,6173177,Africa,0.09173153467007344
Nigeria,NGA,1980,68035180.0,72951439,Africa,0.9326091566199263
Niue,NIU,1980,3664.0,3637,Oceania,1.0074237008523508
North Korea,PRK,1980,114082190.0,17973650,Asia,6.347191026864326
North Macedonia,MKD,1980,9108163.0,1907023,Europe,4.776115967138309
Norway,NOR,1980,31777006.0,4085776,Europe,7.777471403229154
Oman,OMN,1980,6041936.0,1017462,Asia,5.9382424110187895
Pakistan,PAK,1980,31931550.0,80624057,Asia,0.39605486486496205
Palau,PLW,1980,157552.0,12252,Oceania,12.859288279464577
Panama,PAN,1980,3107614.0,1956987,North America,1.5879584279302825
Papua New Guinea,PNG,1980,1828336.0,3104788,Oceania,0.5888762775429434
Paraguay,PRY,1980,1485470.0,3078912,South America,0.4824658840525484
Peru,PER,1980,24064700.0,17492406,South America,1.3757226993244955
Philippines,PHL,1980,36868560.0,48419546,Asia,0.7614396054023307
Poland,POL,1980,463329060.0,35521429,Europe,13.043649229314507
Portugal,PRT,1980,26773498.0,9785252,Europe,2.73610715390876
Qatar,QAT,1980,13081691.0,277450,Asia,47.14972427464408
Romania,ROU,1980,195806610.0,22125224,Europe,8.849926671928836
Russia,RUS,1980,2129110400.0,138257420,Europe,15.399610378958323
Rwanda,RWA,1980,494640.0,5247532,Africa,0.09426145471814179
Saint Lucia,LCA,1980,113584.0,121633,North America,0.9338255243231689
Saint Pierre and Miquelon,SPM,1980,36640.0,6106,North America,6.000655093350803
Saint Vincent and the Grenadines,VCT,1980,36640.0,107480,North America,0.3409006326758467
Samoa,WSM,1980,76944.0,164905,Oceania,0.4665959188623753
Sao Tome and Principe,STP,1980,40304.0,97210,Africa,0.41460755066351196
Saudi Arabia,SAU,1980,169240420.0,10171710,Asia,16.6383449783763
Senegal,SEN,1980,3336441.0,5703869,Africa,0.5849434830989281
Serbia,SRB,1980,47981216.0,7777010,Europe,6.169622515594039
Seychelles,SYC,1980,95264.0,65290,Africa,1.4590902128963088
Sierra Leone,SLE,1980,608224.0,3367477,Africa,0.18061712077023837
Singapore,SGP,1980,30433184.0,2400729,Asia,12.676642803081897
Sint Maarten (Dutch part),SXM,1980,975569.0,12243,North America,79.68381932532876
Slovakia,SVK,1980,59100590.0,4973883,Europe,11.882183396754607
Slovenia,SVN,1980,13558960.0,1901570,Europe,7.130402772445926
Solomon Islands,SLB,1980,102592.0,233668,Oceania,0.43905027646061934
Somalia,SOM,1980,813408.0,5892224,Africa,0.13804770490734908
South Africa,ZAF,1980,228197800.0,29463549,Africa,7.745088685684132
South Korea,KOR,1980,134524430.0,38170501,Asia,3.524303492898875
South Sudan,SSD,1980,311836.0,4192011,Africa,0.07438816358067762
Spain,ESP,1980,213911900.0,37491666,Europe,5.7055853426198775
Sri Lanka,LKA,1980,3388599.0,14943645,Asia,0.22675853180398758
Sudan,SDN,1980,3427041.0,16673586,Africa,0.20553712920543907
Suriname,SUR,1980,2369417.0,375112,South America,6.316558787775384
Sweden,SWE,1980,71713690.0,8311763,Europe,8.62797579767373
Switzerland,CHE,1980,40490604.0,6319113,Europe,6.4076404394097715
Syria,SYR,1980,20726688.0,8898954,Asia,2.3291150847616473
Taiwan,TWN,1980,83514630.0,18100281,Asia,4.613996324145465
Tajikistan,TJK,1980,11411372.0,4045965,Asia,2.8204327027050407
Tanzania,TZA,1980,1873642.0,19297659,Africa,0.09709167314024982
Thailand,THA,1980,39717524.0,45737753,Asia,0.8683750598766844
Togo,TGO,1980,794433.0,2838110,Africa,0.2799162118452068
Tonga,TON,1980,40304.0,96708,Oceania,0.41675973032220703
Trinidad and Tobago,TTO,1980,16919436.0,1127852,North America,15.001468277752755
Tunisia,TUN,1980,9495551.0,6578156,Africa,1.4434973874137371
Turkey,TUR,1980,75212270.0,44089069,Asia,1.7059164937231948
Turkmenistan,TKM,1980,29141752.0,2862903,Asia,10.179091642294551
Tuvalu,TUV,1980,0.0,7731,Oceania,0.0
Uganda,UGA,1980,626023.0,13284026,Africa,0.047125999301717715
Ukraine,UKR,1980,674859700.0,49973920,Europe,13.504237810441927
United Arab Emirates,ARE,1980,36823400.0,1014048,Asia,36.313271166650885
United Kingdom,GBR,1980,579035400.0,56326328,Europe,10.280013282598503
United States,USA,1980,4808556000.0,223140018,North America,21.54950081611986
Uruguay,URY,1980,5818505.0,2953750,South America,1.9698705035971222
Uzbekistan,UZB,1980,89785944.0,15947129,Asia,5.630226230690177
Vanuatu,VUT,1980,62288.0,118156,Oceania,0.5271674735095975
Venezuela,VEN,1980,90640600.0,15210443,South America,5.959103229274782
Vietnam,VNM,1980,16789038.0,52968270,Asia,0.31696406169202807
Yemen,YEM,1980,3313518.0,9204938,Asia,0.3599717890549616
Zambia,ZMB,1980,3523262.0,5720438,Africa,0.6159077329393309
Zimbabwe,ZWE,1980,9613952.0,7049926,Africa,1.3636954487181852
Afghanistan,AFG,1990,2024326.1,10694796,Asia,0.18928141312840377
Albania,ALB,1990,5520602.0,3295066,Europe,1.6754146957906155
Algeria,DZA,1990,76737624.0,25518074,Africa,3.007187141161202
Andorra,AND,1990,406704.0,53569,Europe,7.592152177565383
Angola,AGO,1990,5089864.0,11828638,Africa,0.4303000903400713
Anguilla,AIA,1990,47632.0,8316,North America,5.727753727753727
Antigua and Barbuda,ATG,1990,241824.0,63328,North America,3.8185952501263265
Argentina,ARG,1990,112079090.0,32637657,South America,3.4340421556608676
Armenia,ARM,1990,8947546.0,3556539,Asia,2.5158014575406034
Aruba,ABW,1990,487312.0,65712,North America,7.415875334794253
Australia,AUS,1990,278160300.0,17048003,Oceania,16.31629816113946
Austria,AUT,1990,62167160.0,7678729,Europe,8.096022141164248
Azerbaijan,AZE,1990,51151204.0,7427836,Asia,6.88642075565481
Bahamas,BHS,1990,2022527.9,270679,North America,7.472053243879281
Bahrain,BHR,1990,11555729.0,517418,Asia,22.333449937961184
Bangladesh,BGD,1990,14081596.0,107147651,Asia,0.1314223491469729
Barbados,BRB,1990,1275266.0,258868,North America,4.926317659965696
Belarus,BLR,1990,108345060.0,10428525,Europe,10.389298582493689
Belgium,BEL,1990,120292800.0,9959560,Europe,12.078123933185804
Belize,BLZ,1990,311440.0,182589,North America,1.7056887326180656
Benin,BEN,1990,579346.0,5133419,Africa,0.11285772698468603
Bermuda,BMU,1990,501968.03,57470,North America,8.734435879589352
Bhutan,BTN,1990,185730.0,558442,Asia,0.33258601609477795
Bolivia,BOL,1990,10006868.0,7096194,South America,1.4101739608584545
Bosnia and Herzegovina,BIH,1990,19886236.0,4494310,Europe,4.424758416753629
Botswana,BWA,1990,2700368.0,1341474,Africa,2.0129857157127162
Brazil,BRA,1990,218658000.0,150706446,South America,1.4508868452780048
British Virgin Islands,VGB,1990,65952.0,15617,North America,4.223090222193763
Brunei,BRN,1990,5455696.0,261928,Asia,20.828991173146818
Bulgaria,BGR,1990,76637980.0,8767778,Europe,8.74086684220335
Burkina Faso,BFA,1990,582576.0,9131361,Africa,0.06379947085653496
Burundi,BDI,1990,208848.0,5483793,Africa,0.03808458853206166
Cambodia,KHM,1990,1260416.0,8910808,Asia,0.14144800336849364
Cameroon,CMR,1990,2604793.0,11430520,Africa,0.22788053386897533
Canada,CAN,1990,458503070.0,27657204,North America,16.57807021996873
Cape Verde,CPV,1990,179536.0,364563,Africa,0.4924690657033215
Central African Republic,CAF,1990,183200.0,2809221,Africa,0.06521380838317811
Chad,TCD,1990,377392.0,5827069,Africa,0.06476532198262969
Chile,CHL,1990,32908116.0,13342868,South America,2.466345016678573
China,CHN,1990,2484854800.0,1153704252,Asia,2.1538057051383737
Colombia,COL,1990,56897744.0,32601393,South America,1.7452549956991101
Comoros,COM,1990,65952.0,431119,Africa,0.15297864394749477
Congo,COG,1990,1007907.06,2385435,Africa,0.42252547648542094
Cook Islands,COK,1990,43968.0,17123,Oceania,2.5677743386088885
Costa Rica,CRI,1990,2913015.0,3158253,North America,0.9223501093800909
Cote d'Ivoire,CIV,1990,4781520.0,11910540,Africa,0.4014528308540167
Croatia,HRV,1990,22974684.0,4873707,Europe,4.714005991743041
Cuba,CUB,1990,29648420.0,10626680,North America,2.7899983814323948
Curacao,CUW,1990,4823944.0,155446,North America,31.032924616908765
Cyprus,CYP,1990,4644861.0,788500,Europe,5.890755865567534
Czechia,CZE,1990,164250450.0,10301192,Europe,15.944800368734025
Democratic Republic of Congo,COD,1990,4248965.0,35987541,Africa,0.1180676668072431
Denmark,DNK,1990,53476972.0,5144623,Europe,10.394730964737358
Djibouti,DJI,1990,296784.0,577173,Africa,0.5142028473265381
Dominica,DMA,1990,58624.0,69481,North America,0.843741454498352
Dominican Republic,DOM,1990,8936017.0,7129004,North America,1.2534734164828636
Ecuador,ECU,1990,16457821.0,10449837,South America,1.5749356664606347
Egypt,EGY,1990,75217530.0,57214630,Africa,1.3146555347819255
El Salvador,SLV,1990,2475071.0,5367179,North America,0.4611493300297978
Equatorial Guinea,GNQ,1990,62288.0,465549,Africa,0.1337947240784536
Eritrea,ERI,1990,0.0,2149960,Africa,0.0
Estonia,EST,1990,36919604.0,1570674,Europe,23.50558040688265
Eswatini,SWZ,1990,959968.0,854011,Africa,1.1240698304822772
Ethiopia,ETH,1990,2986507.0,47878073,Africa,0.062377343382220084
Faroe Islands,FRO,1990,703488.0,47479,Europe,14.816824280208092
Fiji,FJI,1990,801220.0,780430,Oceania,1.0266391604628218
Finland,FIN,1990,56915000.0,4986545,Europe,11.413714305195281
France,FRA,1990,393430700.0,56412897,Europe,6.9741268561336245
French Polynesia,PYF,1990,468992.0,211089,Oceania,2.221773754198466
Gabon,GAB,1990,4484725.0,983028,Africa,4.56215387557628
Gambia,GMB,1990,197856.0,1040616,Africa,0.1901335362900436
Georgia,GEO,1990,15948386.0,5391636,Asia,2.9579864070942476
Germany,DEU,1990,1054740600.0,79370196,Europe,13.288874831555159
Ghana,GHA,1990,3513776.0,15446982,Africa,0.22747330190454032
Greece,GRC,1990,83438040.0,10302255,Europe,8.099007450310635
Greenland,GRL,1990,624714.0,55599,North America,11.236065396859656
Grenada,GRD,1990,106256.0,99047,North America,1.072783627974598
Guatemala,GTM,1990,4972245.0,9084780,North America,0.547315950413769
Guinea,GIN,1990,1003936.06,6354145,Africa,0.15799703343250746
Guinea-Bissau,GNB,1990,172208.0,973551,Africa,0.17688647025168686
Guyana,GUY,1990,1128512.0,747116,South America,1.5104910080897747
Haiti,HTI,1990,994997.0,6925331,North America,0.14367500990205379
Honduras,HND,1990,2504658.0,5053234,North America,0.4956544660310605
Hong Kong,HKG,1990,27147690.0,5838574,Asia,4.649712412654186
Hungary,HUN,1990,73376824.0,10375989,Europe,7.07179084326323
Iceland,ISL,1990,2222787.0,255019,Europe,8.716162325160086
India,IND,1990,577996000.0,870452165,Asia,0.6640181083356832
Indonesia,IDN,1990,155080830.0,182159874,Asia,0.8513446270829107
Iran,IRN,1990,209943740.0,55793629,Asia,3.7628622436443417
Iraq,IRQ,1990,49057050.0,17658381,Asia,2.7781170878576016
Ireland,IRL,1990,32944420.0,3485374,Europe,9.452190783542886
Israel,ISR,1990,35824360.0,4803254,Asia,7.458352192076455
Italy,ITA,1990,438904300.0,56756561,Europe,7.733102433743299
Jamaica,JAM,1990,7527165.0,2392030,North America,3.1467686442059675
Japan,JPN,1990,1157195500.0,123686321,Asia,9.355889080086714
Jordan,JOR,1990,10476423.0,3480587,Asia,3.009958665018286
Kazakhstan,KAZ,1990,268173090.0,16866563,Asia,15.899688039584591
Kenya,KEN,1990,5819044.0,23162269,Africa,0.25122944561260385
Kiribati,KIR,1990,21984.0,75124,Oceania,0.2926361748575688
Kuwait,KWT,1990,37807036.0,1674938,Asia,22.572200284428437
Kyrgyzstan,KGZ,1990,18997598.0,4394734,Asia,4.322809526128316
Laos,LAO,1990,512960.03,4314443,Asia,0.11889368569708768
Latvia,LVA,1990,19662722.0,2689391,Europe,7.311217297893835
Lebanon,LBN,1990,7868195.0,3593700,Asia,2.189441244399922
Lesotho,LSO,1990,1472928.0,1798997,Africa,0.8187495587819212
Liberia,LBR,1990,456132.0,2209731,Africa,0.20641969542899113
Libya,LBY,1990,36513784.0,4236983,Africa,8.617873614314714
Liechtenstein,LIE,1990,198971.0,28765,Europe,6.917121501825135
Lithuania,LTU,1990,35737676.0,3785847,Europe,9.439809902513229
Luxembourg,LUX,1990,11815503.0,381267,Europe,30.99010142498564
Macao,MAC,1990,1033247.94,350227,Asia,2.9502235407321535
Madagascar,MDG,1990,944296.0,11882762,Africa,0.07946771971028284
Malawi,MWI,1990,740333.0,9539665,Africa,0.07760576498231332
Malaysia,MYS,1990,54269364.0,17517054,Asia,3.09808738387174
Maldives,MDV,1990,172208.0,224957,Asia,0.7655151873469151
Mali,MLI,1990,422243.0,8945026,Africa,0.0472042227714039
Malta,MLT,1990,2427397.0,365392,Europe,6.643268051845689
Mauritania,MRT,1990,853712.0,2006027,Africa,0.42557353415482446
Mauritius,MUS,1990,1461936.0,1090290,Africa,1.3408689431252236
Mexico,MEX,1990,317042370.0,81720428,North America,3.879597522421199
Moldova,MDA,1990,36239530.0,4480199,Europe,8.08882150100922
Mongolia,MNG,1990,9791058.0,2161433,Asia,4.529891974444732
Montenegro,MNE,1990,1962026.0,621442,Europe,3.157214993515083
Montserrat,MSR,1990,29312.0,10805,North America,2.712818139750116
Morocco,MAR,1990,22297998.0,24570814,Africa,0.9074993608270365
Mozambique,MOZ,1990,1025375.94,13303459,Africa,0.07707588981181511
Myanmar,MMR,1990,4235719.0,40099553,Asia,0.1056300802156074
Namibia,NAM,1990,0.0,1369011,Africa,0.0
Nauru,NRU,1990,124576.0,9598,Oceania,12.97937070222963
Nepal,NPL,1990,721436.0,19616530,Asia,0.036776942711070716
Netherlands,NLD,1990,162665120.0,14944548,Europe,10.88457944663164
New Caledonia,NCL,1990,1576355.0,177264,Oceania,8.892696768661432
New Zealand,NZL,1990,25502508.0,3397389,Oceania,7.506502199188848
Nicaragua,NIC,1990,2043946.0,4227820,North America,0.4834515187496156
Niger,NER,1990,598802.0,8370647,Africa,0.07153592786794138
Nigeria,NGA,1990,38857280.0,95214257,Africa,0.40810358894046717
Niue,NIU,1990,7328.0,2533,Oceania,2.893012238452428
North Korea,PRK,1990,118378920.0,20799523,Asia,5.691424750461826
North Macedonia,MKD,1990,11106583.0,2044174,Europe,5.43328650105128
Norway,NOR,1990,35003000.0,4241636,Europe,8.252240409125159
Oman,OMN,1990,11222441.0,1804524,Asia,6.219058876468254
Pakistan,PAK,1990,67827370.0,115414069,Asia,0.5876871908917795
Palau,PLW,1990,234496.0,15293,Oceania,15.333551297979469
Palestine,PSE,1990,861040.0,2124609,Asia,0.40526986377258123
Panama,PAN,1990,2631999.0,2449968,North America,1.0742993377872692
Papua New Guinea,PNG,1990,2154432.0,3864972,Oceania,0.5574249955756472
Paraguay,PRY,1990,2135640.0,4059195,South America,0.5261240221275401
Peru,PER,1990,21400794.0,22109099,South America,0.9679631901779444
Philippines,PHL,1990,41349500.0,61558898,Asia,0.6717063063734506
Poland,POL,1990,376641280.0,38064255,Europe,9.894881168697509
Portugal,PRT,1990,45278820.0,10007346,Europe,4.5245582595025695
Qatar,QAT,1990,11411196.0,441675,Asia,25.836182713533706
Romania,ROU,1990,176506900.0,22836234,Europe,7.7292473005838005
Russia,RUS,1990,2536247800.0,148005704,Europe,17.136149023013328
Rwanda,RWA,1990,523863.97,7319962,Africa,0.07156648764023638
Saint Kitts and Nevis,KNA,1990,106256.0,40636,North America,2.614824293729698
Saint Lucia,LCA,1990,179536.0,142301,North America,1.261663656615203
Saint Pierre and Miquelon,SPM,1990,91600.0,6324,North America,14.484503478810879
Saint Vincent and the Grenadines,VCT,1990,80608.0,112487,North America,0.7165983624774418
Samoa,WSM,1990,87936.0,168186,Oceania,0.522849702115515
Sao Tome and Principe,STP,1990,47632.0,120343,Africa,0.39580199928537596
Saudi Arabia,SAU,1990,208497000.0,16004763,Asia,13.02718447002308
Senegal,SEN,1990,3138804.0,7536001,Africa,0.4165079065143436
Serbia,SRB,1990,57827508.0,7987529,Europe,7.239724325257535
Seychelles,SYC,1990,150224.0,71057,Africa,2.114133723630325
Sierra Leone,SLE,1990,498304.0,4325388,Africa,0.11520446258231631
Singapore,SGP,1990,43535576.0,3022209,Asia,14.405216846353115
Sint Maarten (Dutch part),SXM,1990,534120.0,27845,North America,19.181899802478004
Slovakia,SVK,1990,61472836.0,5261305,Europe,11.683952175363336
Slovenia,SVN,1990,15094546.0,1986024,Europe,7.600384486793715
Solomon Islands,SLB,1990,146560.0,324171,Oceania,0.4521070669492336
Somalia,SOM,1990,782197.0,6999096,Africa,0.11175686117178561
South Africa,ZAF,1990,312930240.0,39877570,Africa,7.847274545565339
South Korea,KOR,1990,250510830.0,44120039,Asia,5.6779376373624695
South Sudan,SSD,1990,433885.0,4750817,Africa,0.09132850202396767
Spain,ESP,1990,230500240.0,38889889,Europe,5.926996603153071
Sri Lanka,LKA,1990,3830820.0,17204094,Asia,0.22266909260086581
Sudan,SDN,1990,4768885.0,21090886,Africa,0.22611117427688907
Suriname,SUR,1990,1737368.0,412756,South America,4.209188963939955
Sweden,SWE,1990,57509900.0,8548406,Europe,6.727558330757804
Switzerland,CHE,1990,44161000.0,6711693,Europe,6.579710961153914
Syria,SYR,1990,37045332.0,12408996,Asia,2.985360942980399
Taiwan,TWN,1990,124184000.0,20586174,Asia,6.032398249427018
Tajikistan,TJK,1990,11965114.0,5417860,Asia,2.2084575828832786
Tanzania,TZA,1990,2112309.0,26206012,Africa,0.08060398507029608
Thailand,THA,1990,86563260.0,55228410,Asia,1.5673683164154102
Togo,TGO,1990,977644.0,3875947,Africa,0.25223358317335093
Tonga,TON,1990,84272.0,98727,Oceania,0.8535861517112846
Trinidad and Tobago,TTO,1990,16981164.0,1266518,North America,13.407755752385675
Tunisia,TUN,1990,13483229.0,8440023,Africa,1.5975346275715125
Turkey,TUR,1990,151614980.0,54324142,Asia,2.7909318843912896
Turkmenistan,TKM,1990,31702526.0,3720278,Asia,8.521547583272003
Turks and Caicos Islands,TCA,1990,62288.0,11709,North America,5.319668630967632
Tuvalu,TUV,1990,3664.0,9182,Oceania,0.39904160313657155
Uganda,UGA,1990,760855.0,17586630,Africa,0.0432632630583574
Ukraine,UKR,1990,706226900.0,51589817,Europe,13.689269337784237
United Arab Emirates,ARE,1990,51703772.0,1900151,Asia,27.21034907225794
United Kingdom,GBR,1990,601945100.0,57210442,Europe,10.521594991347909
United States,USA,1990,5120957000.0,248083732,North America,20.64205080565299
Uruguay,URY,1990,3967289.0,3117012,South America,1.2727859244686899
Uzbekistan,UZB,1990,103783350.0,20579100,Asia,5.04314328614954
Vanuatu,VUT,1990,65952.0,150882,Oceania,0.4371097944088758
Venezuela,VEN,1990,121823040.0,19750579,South America,6.1680743637946005
Vietnam,VNM,1990,21298646.0,66912613,Asia,0.3183053993123838
Wallis and Futuna,WLF,1990,18320.0,13454,Oceania,1.361676824736138
Yemen,YEM,1990,9520184.0,13375121,Asia,0.7117830186358688
Zambia,ZMB,1990,2407113.0,7686401,Africa,0.3131651601315102
Zimbabwe,ZWE,1990,15551593.0,10113893,Africa,1.537646581786064
Afghanistan,AFG,2000,1047127.94,19542982,Asia,0.05358076571937691
Albania,ALB,2000,3024926.0,3182021,Europe,0.9506304326715631
Algeria,DZA,2000,85398600.0,30774621,Africa,2.7749683741028037
Andorra,AND,2000,523952.0,66097,Europe,7.92701635475135
Angola,AGO,2000,15995108.0,16394062,Africa,0.9756647254353435
Anguilla,AIA,2000,76944.0,11047,North America,6.965148909206119
Antigua and Barbuda,ATG,2000,355408.0,75055,North America,4.735300779428419
Argentina,ARG,2000,142765220.0,37070774,South America,3.8511529324960954
Armenia,ARM,2000,3491407.0,3168523,Asia,1.1019036314396329
Aruba,ABW,2000,2377936.0,89101,North America,26.688095532036677
Australia,AUS,2000,350007680.0,19017963,Oceania,18.404057258918844
Austria,AUT,2000,66171724.0,8010428,Europe,8.260697680573372
Azerbaijan,AZE,2000,29765310.0,8190337,Asia,3.634198446291038
Bahamas,BHS,2000,2026192.0,325014,North America,6.2341683742854155
Bahrain,BHR,2000,19233764.0,711442,Asia,27.034900947652794
Bangladesh,BGD,2000,26524610.0,129193327,Asia,0.20530944295598177
Barbados,BRB,2000,1748824.0,264657,North America,6.607888701224604
Belarus,BLR,2000,54905984.0,10256483,Europe,5.353295471751867
Belgium,BEL,2000,126721544.0,10264343,Europe,12.345801772212795
Belize,BLZ,2000,395712.0,240406,North America,1.6460154904619686
Benin,BEN,2000,1472928.0,6998023,Africa,0.21047773063906763
Bermuda,BMU,2000,516623.97,61371,North America,8.4180471232341
Bhutan,BTN,2000,396871.0,587207,Asia,0.6758621746675363
Bolivia,BOL,2000,8433878.0,8592656,South America,0.9815216622194581
Bosnia and Herzegovina,BIH,2000,13702201.0,4179350,Europe,3.278548338856521
Botswana,BWA,2000,3777584.0,1726985,Africa,2.1873866883615087
Brazil,BRA,2000,340183000.0,175873720,South America,1.9342457758896554
British Virgin Islands,VGB,2000,117248.0,20104,North America,5.832073219259849
Brunei,BRN,2000,5328739.0,333926,Asia,15.957843953450764
Bulgaria,BGR,2000,45413456.0,8097691,Europe,5.608198188841733
Burkina Faso,BFA,2000,1029710.06,11882888,Africa,0.08665486538289345
Burundi,BDI,2000,271136.0,6307659,Africa,0.042985202592594175
Cambodia,KHM,2000,1974896.0,12118841,Asia,0.16296079798389962
Cameroon,CMR,2000,5588569.0,15091594,Africa,0.370310054723179
Canada,CAN,2000,567096100.0,30683313,North America,18.482231693820026
Cape Verde,CPV,2000,296784.0,458251,Africa,0.6476450678776479
Central African Republic,CAF,2000,234496.0,3759170,Africa,0.06237972743983379
Chad,TCD,2000,487512.0,8259137,Africa,0.05902699035020245
Chile,CHL,2000,58502596.0,15351799,South America,3.8107974185956968
China,CHN,2000,3649201000.0,1264099069,Asia,2.886799847805283
Colombia,COL,2000,56591360.0,39215135,South America,1.4430999663777773
Comoros,COM,2000,102592.0,536758,Africa,0.19113268921935025
Congo,COG,2000,4284250.0,3134030,Africa,1.3670098882269792
Cook Islands,COK,2000,51296.0,15897,Oceania,3.2267723469837075
Costa Rica,CRI,2000,5393873.0,3979193,North America,1.3555193226365245
Cote d'Ivoire,CIV,2000,6633573.0,16799670,Africa,0.39486329195752057
Croatia,HRV,2000,19660010.0,4548434,Europe,4.322368973585195
Cuba,CUB,2000,25775496.0,11105791,North America,2.3209059129601846
Curacao,CUW,2000,4990174.0,141424,North America,35.285199117547236
Cyprus,CYP,2000,7104597.0,948237,Europe,7.492427526029885
Czechia,CZE,2000,127235980.0,10234710,Europe,12.431810964844143
Democratic Republic of Congo,COD,2000,1704731.0,48616317,Africa,0.03506499679932563
Denmark,DNK,2000,54306576.0,5340655,Europe,10.168523523799983
Djibouti,DJI,2000,366400.0,742033,Africa,0.493778578580737
Dominica,DMA,2000,102592.0,68346,North America,1.501068094694642
Dominican Republic,DOM,2000,18991626.0,8540791,North America,2.2236378340132665
East Timor,TLS,2000,219860.0,878360,Asia,0.25030739104695116
Ecuador,ECU,2000,20927296.0,12626507,South America,1.6574097650284438
Egypt,EGY,2000,143836050.0,71371371,Africa,2.015318579210143
El Salvador,SLV,2000,5670975.0,5958482,North America,0.9517482808540833
Equatorial Guinea,GNQ,2000,2699265.0,684977,Africa,3.940665161020005
Eritrea,ERI,2000,604433.0,2392880,Africa,0.25259645281000304
Estonia,EST,2000,15481725.0,1396877,Europe,11.08309822554169
Eswatini,SWZ,2000,1209120.0,1030496,Africa,1.173337887774431
Ethiopia,ETH,2000,3462855.0,67031867,Africa,0.05165983218101325
Faroe Islands,FRO,2000,688832.0,45660,Europe,15.086114761279019
Fiji,FJI,2000,814852.0,832509,Oceania,0.9787906196809885
Finland,FIN,2000,57010000.0,5176209,Europe,11.013852029545175
France,FRA,2000,406507520.0,58665453,Europe,6.929248803380075
French Polynesia,PYF,2000,611888.0,250927,Oceania,2.4385100049018242
Gabon,GAB,2000,6128187.0,1272935,Africa,4.814218322223837
Gambia,GMB,2000,274800.0,1437539,Africa,0.19116003113654656
Georgia,GEO,2000,4500388.0,4265172,Asia,1.0551480690579418
Germany,DEU,2000,898938050.0,81551677,Europe,11.02292537773319
Ghana,GHA,2000,5312800.0,19665502,Africa,0.2701583717517102
Greece,GRC,2000,102973170.0,11038109,Europe,9.328877799630353
Greenland,GRL,2000,667765.0,56184,North America,11.885323223693579
Grenada,GRD,2000,190528.0,107432,North America,1.7734753146176185
Guatemala,GTM,2000,9764762.0,11735894,North America,0.8320424502811631
Guinea,GIN,2000,1491248.0,8336967,Africa,0.17887176475569594
Guinea-Bissau,GNB,2000,146560.0,1230849,Africa,0.1190722826276822
Guyana,GUY,2000,1747728.0,759051,South America,2.3025172221629377
Haiti,HTI,2000,1634144.0,8360225,North America,0.19546650957360598
Honduras,HND,2000,5031508.0,6656725,North America,0.7558533663325434
Hong Kong,HKG,2000,40282788.0,6731195,Asia,5.984492798084144
Hungary,HUN,2000,58505984.0,10202055,Europe,5.734725405812848
Iceland,ISL,2000,2933190.0,281462,Europe,10.421264682266168
India,IND,2000,977526400.0,1059633675,Asia,0.922513528083184
Indonesia,IDN,2000,281330370.0,214072421,Asia,1.3141831567364766
Iran,IRN,2000,364302370.0,65544383,Asia,5.558102057349445
Iraq,IRQ,2000,83265550.0,24628858,Asia,3.380812459919985
Ireland,IRL,2000,45249110.0,3768950,Europe,12.005760224996353
Israel,ISR,2000,59519380.0,6116958,Asia,9.730225383270573
Italy,ITA,2000,470524100.0,56966397,Europe,8.25967806951175
Jamaica,JAM,2000,10313990.0,2612205,North America,3.948384602280449
Japan,JPN,2000,1263754800.0,126803861,Asia,9.966217038138925
Jordan,JOR,2000,15200204.0,5056174,Asia,3.006266002712723
Kazakhstan,KAZ,2000,143380210.0,15236253,Asia,9.410463976937113
Kenya,KEN,2000,10408840.0,30851606,Africa,0.3373840570892809
Kiribati,KIR,2000,36640.0,88826,Oceania,0.4124918379753676
Kuwait,KWT,2000,54889610.0,1934901,Asia,28.36817490920724
Kyrgyzstan,KGZ,2000,4575258.0,4935182,Asia,0.9270697615609718
Laos,LAO,2000,960400.0,5430853,Asia,0.1768414648674895
Latvia,LVA,2000,7082575.0,2392530,Europe,2.9602868093608024
Lebanon,LBN,2000,15466264.0,4320642,Asia,3.579621732140733
Lesotho,LSO,2000,1850320.0,1998630,Africa,0.9257941690057689
Liberia,LBR,2000,398769.0,2895224,Africa,0.13773338435989754
Libya,LBY,2000,53238540.0,5154790,Africa,10.327974563464274
Liechtenstein,LIE,2000,216860.0,33026,Europe,6.566341670199237
Lithuania,LTU,2000,11843035.0,3599637,Europe,3.2900636925334417
Luxembourg,LUX,2000,8703619.0,435628,Europe,19.979475607628526
Macao,MAC,2000,1630480.0,431896,Asia,3.775168096023117
Madagascar,MDG,2000,1947883.0,16216431,Africa,0.12011786070560163
Malawi,MWI,2000,857646.0,11229387,Africa,0.0763751396224923
Malaysia,MYS,2000,122878050.0,22945150,Asia,5.3552951277285175
Maldives,MDV,2000,450672.0,282507,Asia,1.5952595864881225
Mali,MLI,2000,1066224.0,11239101,Africa,0.09486737417877106
Malta,MLT,2000,2468153.0,399212,Europe,6.1825621474304375
Marshall Islands,MHL,2000,98928.0,54224,Oceania,1.8244319858365299
Mauritania,MRT,2000,1113856.0,2695003,Africa,0.41330417814006143
Mauritius,MUS,2000,2689376.0,1215930,Africa,2.211785217899057
Mexico,MEX,2000,391725000.0,97873442,North America,4.002362561234946
Micronesia (country),FSM,2000,179536.0,111709,Oceania,1.6071757870896706
Moldova,MDA,2000,3572952.0,4251573,Europe,0.8403835474540835
Mongolia,MNG,2000,7431864.0,2450979,Asia,3.032202234290869
Montenegro,MNE,2000,1520843.0,633324,Europe,2.40136644118966
Montserrat,MSR,2000,25648.0,5138,North America,4.991825613079019
Morocco,MAR,2000,33199036.0,28554415,Africa,1.1626585941263374
Mozambique,MOZ,2000,1321945.0,17768505,Africa,0.07439821189233421
Myanmar,MMR,2000,10219368.0,45538332,Asia,0.22441243565969873
Namibia,NAM,2000,1604832.0,1819141,Africa,0.882192199505151
Nauru,NRU,2000,84272.0,10377,Oceania,8.12103690854775
Nepal,NPL,2000,3037431.0,24559500,Asia,0.12367641849386185
Netherlands,NLD,2000,172016290.0,15899135,Europe,10.819223184154358
New Caledonia,NCL,2000,2220454.0,221537,Oceania,10.022948762509197
New Zealand,NZL,2000,32245506.0,3855266,Oceania,8.364015868165776
Nicaragua,NIC,2000,3721323.0,5123222,North America,0.726363799968067
Niger,NER,2000,686970.0,11622665,Africa,0.05910606560543559
Nigeria,NGA,2000,96846750.0,122851984,Africa,0.7883206021320747
Niue,NIU,2000,7328.0,2074,Oceania,3.5332690453230473
North Korea,PRK,2000,69164936.0,23367059,Asia,2.9599332975536203
North Macedonia,MKD,2000,8467603.0,2037936,Europe,4.154989656201176
Norway,NOR,2000,42110000.0,4491202,Europe,9.376109112883366
Oman,OMN,2000,23890246.0,2344253,Asia,10.19098450551199
Pakistan,PAK,2000,103939510.0,154369924,Asia,0.6733145117050132
Palau,PLW,2000,208848.0,19726,Oceania,10.587448038122275
Palestine,PSE,2000,1659792.0,3139954,Asia,0.5286039222230644
Panama,PAN,2000,5728391.0,3001731,North America,1.9083625414802325
Papua New Guinea,PNG,2000,2937897.0,5508297,Oceania,0.5333584953752494
Paraguay,PRY,2000,3606132.0,5123819,South America,0.703797694649245
Peru,PER,2000,28677526.0,26654439,South America,1.0759005657556702
Philippines,PHL,2000,72356790.0,77958223,Asia,0.9281482724407405
Poland,POL,2000,317452220.0,38504431,Europe,8.244563333503097
Portugal,PRT,2000,65611372.0,10300626,Europe,6.369648990265252
Qatar,QAT,2000,40314500.0,645937,Asia,62.41243341068866
Romania,ROU,2000,93334050.0,21919876,Europe,4.2579643242507395
Russia,RUS,2000,1479142400.0,146844839,Europe,10.072825235621663
Rwanda,RWA,2000,515133.03,8109989,Africa,0.0635183389274634
Saint Kitts and Nevis,KNA,2000,172208.0,45461,North America,3.7880380985900004
Saint Lucia,LCA,2000,348080.0,159500,North America,2.182319749216301
Saint Pierre and Miquelon,SPM,2000,54960.0,6274,North America,8.759961746891936
Saint Vincent and the Grenadines,VCT,2000,146560.0,113813,North America,1.2877263581488934
Samoa,WSM,2000,142896.0,184008,Oceania,0.7765749315247163
Sao Tome and Principe,STP,2000,47632.0,143714,Africa,0.33143604659253795
Saudi Arabia,SAU,2000,302328160.0,21547390,Asia,14.030848283713247
Senegal,SEN,2000,3902052.0,9704287,Africa,0.4020956923471039
Serbia,SRB,2000,44950190.0,7935022,Europe,5.664784546281031
Seychelles,SYC,2000,315104.0,80060,Africa,3.935848113914564
Sierra Leone,SLE,2000,271136.0,4584067,Africa,0.05914747755650168
Singapore,SGP,2000,48394110.0,4053602,Asia,11.93854502736085
Sint Maarten (Dutch part),SXM,2000,552525.0,30489,North America,18.12210961330316
Slovakia,SVK,2000,41138784.0,5376690,Europe,7.651321537972247
Slovenia,SVN,2000,15053848.0,1984339,Europe,7.586328747255383
Solomon Islands,SLB,2000,223504.0,429978,Oceania,0.5198033387754722
Somalia,SOM,2000,476320.0,8721465,Africa,0.05461467769463043
South Africa,ZAF,2000,378306880.0,46813266,Africa,8.081189635433683
South Korea,KOR,2000,439980670.0,46788591,Asia,9.403588793686906
South Sudan,SSD,2000,459821.0,6114440,Africa,0.07520247152641943
Spain,ESP,2000,310071230.0,40741651,Europe,7.610669238711019
Sri Lanka,LKA,2000,10134099.0,18776371,Asia,0.5397261803146093
Sudan,SDN,2000,5276282.0,26298773,Africa,0.20062844757053874
Suriname,SUR,2000,2192347.0,478998,South America,4.576943953836968
Sweden,SWE,2000,54930064.0,8871043,Europe,6.192063774237145
Switzerland,CHE,2000,43614184.0,7182059,Europe,6.072657437094293
Syria,SYR,2000,54171076.0,16307654,Asia,3.32181906729196
Taiwan,TWN,2000,226900000.0,22194731,Asia,10.223147106401065
Tajikistan,TJK,2000,2233862.0,6272998,Asia,0.3561075581404617
Tanzania,TZA,2000,2571821.0,34463704,Africa,0.07462404505331174
Thailand,THA,2000,167352140.0,63066603,Asia,2.65357783738566
Togo,TGO,2000,1331372.0,5008035,Africa,0.26584718357599335
Tonga,TON,2000,95264.0,102603,Oceania,0.9284718770406324
Trinidad and Tobago,TTO,2000,24366292.0,1332203,North America,18.290224537851962
Tunisia,TUN,2000,19554614.0,9893316,Africa,1.976548004733701
Turkey,TUR,2000,229936660.0,64113547,Asia,3.5863974270523515
Turkmenistan,TKM,2000,39361496.0,4569132,Asia,8.614655037324376
Turks and Caicos Islands,TCA,2000,109920.0,18744,North America,5.8642765685019205
Tuvalu,TUV,2000,7328.0,9638,Oceania,0.7603237186138203
Uganda,UGA,2000,1360870.0,24020697,Africa,0.056654059622000146
Ukraine,UKR,2000,285674200.0,48879755,Europe,5.8444278208841265
United Arab Emirates,ARE,2000,111813100.0,3275333,Asia,34.137933455926465
United Kingdom,GBR,2000,569033660.0,58850043,Europe,9.669214005502086
United States,USA,2000,6010135600.0,282398554,North America,21.2824588329868
Uruguay,URY,2000,5268017.0,3292224,South America,1.600139297933555
Uzbekistan,UZB,2000,123477320.0,24925554,Asia,4.953844556474051
Vanuatu,VUT,2000,87936.0,192074,Oceania,0.4578235471745265
Venezuela,VEN,2000,142834900.0,24427729,South America,5.847244334501991
Vietnam,VNM,2000,53935468.0,79001142,Asia,0.6827175738801345
Wallis and Futuna,WLF,2000,25648.0,14723,Oceania,1.7420362697819738
Yemen,YEM,2000,15725321.0,18628700,Asia,0.8441448410248702
Zambia,ZMB,2000,1784113.0,9891136,Africa,0.1803749336779921
Zimbabwe,ZWE,2000,13818202.0,11834676,Africa,1.1676028984654925
Afghanistan,AFG,2010,8364803.5,28189672,Asia,0.29673291338756974
Albania,ALB,2010,4783865.0,2913399,Europe,1.6420219132360518
Algeria,DZA,2010,118353256.0,35856344,Africa,3.300761951636787
Andorra,AND,2010,516623.97,71519,Europe,7.223590514408758
Angola,AGO,2010,22983320.0,23364185,Africa,0.9836987680075294
Anguilla,AIA,2010,131904.0,13172,North America,10.01396902520498
Antigua and Barbuda,ATG,2010,549600.0,85695,North America,6.413443024680553
Argentina,ARG,2010,185854340.0,41100123,South America,4.52198987336364
Armenia,ARM,2010,4252750.0,2946293,Asia,1.443423990757199
Aruba,ABW,2010,2506176.0,100341,North America,24.976589828684187
Australia,AUS,2010,405512200.0,22019168,Oceania,18.416327083748122
Austria,AUT,2010,72017330.0,8362829,Europe,8.611599017509505
Azerbaijan,AZE,2010,27549052.0,9237202,Asia,2.982402246914163
Bahamas,BHS,2010,2227712.0,373272,North America,5.968066182301378
Bahrain,BHR,2010,29075436.0,1213645,Asia,23.95711760852638
Bangladesh,BGD,2010,53991556.0,148391139,Asia,0.3638462266941694
Barbados,BRB,2010,1845064.0,274711,North America,6.716381943205769
Belarus,BLR,2010,62445120.0,9731427,Europe,6.416851300431067
Belgium,BEL,2010,114604104.0,10877947,Europe,10.535453427011548
Belize,BLZ,2010,538608.0,322106,North America,1.6721451944390977
Benin,BEN,2010,4679390.0,9445710,Africa,0.4953984401384332
Bermuda,BMU,2010,608224.0,63447,North America,9.586331899065362
Bhutan,BTN,2010,487768.0,705516,Asia,0.6913634843150261
Bolivia,BOL,2010,14718776.0,10223270,South America,1.4397326882690176
Bosnia and Herzegovina,BIH,2010,21145704.0,3811088,Europe,5.54846909858812
Botswana,BWA,2010,4537275.0,2091664,Africa,2.1692179049790026
Brazil,BRA,2010,440269020.0,196353492,South America,2.242226585916791
British Virgin Islands,VGB,2010,212512.0,27556,North America,7.7120046450863695
Brunei,BRN,2010,8017381.5,396053,Asia,20.243203561139545
Bulgaria,BGR,2010,47808404.0,7592273,Europe,6.296981681243548
Burkina Faso,BFA,2010,2036372.0,16116845,Africa,0.12635053572830166
Burundi,BDI,2010,296784.0,9126605,Africa,0.03251855427072827
Cambodia,KHM,2010,5078142.0,14363532,Asia,0.35354410043435
Cameroon,CMR,2010,8383322.0,19878036,Africa,0.42173794231985495
Canada,CAN,2010,556062100.0,33963412,North America,16.372386260838574
Cape Verde,CPV,2010,556928.0,521212,Africa,1.0685248996569534
Central African Republic,CAF,2010,168544.0,4660067,Africa,0.0361677203353514
Chad,TCD,2010,1236006.0,11894727,Africa,0.10391209482991917
Chile,CHL,2010,71347520.0,17004162,South America,4.195885689632926
China,CHN,2010,8620627000.0,1348191368,Asia,6.394216136236232
Colombia,COL,2010,76266460.0,44816108,South America,1.7017644637950267
Comoros,COM,2010,161216.0,656024,Africa,0.24574710681316536
Congo,COG,2010,5499943.0,4437884,Africa,1.239316530130125
Cook Islands,COK,2010,73280.0,17212,Oceania,4.257494771089937
Costa Rica,CRI,2010,7492647.0,4622252,North America,1.620994917628896
Cote d'Ivoire,CIV,2010,6224746.0,21120042,Africa,0.29473170555247946
Croatia,HRV,2010,21018168.0,4368682,Europe,4.811100464625258
Cuba,CUB,2010,34199816.0,11290417,North America,3.0291012280591585
Curacao,CUW,2010,4054720.0,159380,North America,25.44058225624294
Cyprus,CYP,2010,8101123.0,1129686,Europe,7.171128083378921
Czechia,CZE,2010,117490700.0,10464749,Europe,11.227283138850249
Democratic Republic of Congo,COD,2010,2736942.0,66391257,Africa,0.04122443411487148
Denmark,DNK,2010,49189692.0,5550849,Europe,8.861651974319605
Djibouti,DJI,2010,516623.97,919199,Africa,0.5620371323293433
Dominica,DMA,2010,172208.0,68755,North America,2.5046614791651516
Dominican Republic,DOM,2010,20553454.0,9775755,North America,2.1024927486419207
East Timor,TLS,2010,313134.0,1088486,Asia,0.28767848185461276
Ecuador,ECU,2010,36276410.0,14989585,South America,2.420107694776073
Egypt,EGY,2010,203607570.0,87252413,Africa,2.333546580539841
El Salvador,SLV,2010,6318629.0,6114034,North America,1.033463176684984
Equatorial Guinea,GNQ,2010,6402228.0,1094524,Africa,5.849326282475304
Eritrea,ERI,2010,497337.0,3147727,Africa,0.15799877181216795
Estonia,EST,2010,18975448.0,1331535,Europe,14.250806775638642
Eswatini,SWZ,2010,996608.0,1099920,Africa,0.9060731689577424
Ethiopia,ETH,2010,6336871.0,89237791,Africa,0.07101106973838023
Faroe Islands,FRO,2010,630208.0,48410,Europe,13.01813674860566
Fiji,FJI,2010,1091800.0,905169,Oceania,1.2061835966543264
Finland,FIN,2010,64081000.0,5363271,Europe,11.94811897440946
France,FRA,2010,376563900.0,62444567,Europe,6.030370904805857
French Polynesia,PYF,2010,923328.0,283788,Oceania,3.25358366104275
Gabon,GAB,2010,5836069.0,1711105,Africa,3.410701856402734
Gambia,GMB,2010,425024.0,1937275,Africa,0.21939270366881317
Georgia,GEO,2010,6208043.0,3836831,Asia,1.618013146787023
Germany,DEU,2010,831129600.0,81325090,Europe,10.219842363531352
Ghana,GHA,2010,8942513.0,25574719,Africa,0.3496622191626035
Greece,GRC,2010,97354150.0,11033783,Europe,8.823279377526275
Greenland,GRL,2010,679400.0,56351,North America,12.056573973842523
Grenada,GRD,2010,260144.0,114039,North America,2.281184507054604
Guatemala,GTM,2010,11097682.0,14543121,North America,0.7630880606714336
Guinea,GIN,2010,2484192.0,10270728,Africa,0.24187107281976505
Guinea-Bissau,GNB,2010,238160.0,1567220,Africa,0.15196334911499343
Guyana,GUY,2010,1886960.0,747932,South America,2.5229031516234097
Haiti,HTI,2010,2136827.0,9842880,North America,0.21709367583471503
Honduras,HND,2010,7996618.0,8450933,North America,0.9462408470165365
Hong Kong,HKG,2010,40062904.0,7132438,Asia,5.61699996550969
Hungary,HUN,2010,52087460.0,9986825,Europe,5.215617576156586
Iceland,ISL,2010,3627419.0,318333,Europe,11.395045439838157
India,IND,2010,1677337200.0,1240613620,Asia,1.3520222355772622
Indonesia,IDN,2010,445806080.0,244016173,Asia,1.82695300282412
Iran,IRN,2010,552953100.0,75373855,Asia,7.3361393018839225
Iraq,IRQ,2010,113536270.0,31264875,Asia,3.6314320783307146
Ireland,IRL,2010,41793224.0,4524585,Europe,9.236918745034075
Israel,ISR,2010,68286904.0,7328445,Asia,9.31806188079463
Italy,ITA,2010,436534300.0,59822450,Europe,7.2971651946719
Jamaica,JAM,2010,7677295.0,2733896,North America,2.8081883875611946
Japan,JPN,2010,1214707500.0,128105431,Asia,9.482092137061699
Jordan,JOR,2010,20615326.0,6931258,Asia,2.9742546014013618
Kazakhstan,KAZ,2010,248803230.0,16627837,Asia,14.963054424938132
Kenya,KEN,2010,12163160.0,41517895,Africa,0.2929618662025134
Kiribati,KIR,2010,58624.0,107995,Oceania,0.5428399462938099
Kuwait,KWT,2010,90869910.0,2943356,Asia,30.872891352592074
Kyrgyzstan,KGZ,2010,6355656.0,5483774,Asia,1.158993058430198
Laos,LAO,2010,3004513.0,6323418,Asia,0.4751406596875298
Latvia,LVA,2010,8555267.0,2101530,Europe,4.070970673747222
Lebanon,LBN,2010,19996596.0,4995800,Asia,4.002681452420033
Lesotho,LSO,2010,2275344.0,2022747,Africa,1.124878197817127
Liberia,LBR,2010,756900.0,4019956,Africa,0.18828564292743502
Libya,LBY,2010,61085580.0,6491988,Africa,9.40937968462049
Liechtenstein,LIE,2010,190830.0,35926,Europe,5.311751934532094
Lithuania,LTU,2010,13803169.0,3139019,Europe,4.3972874965076665
Luxembourg,LUX,2010,11197591.0,507070,Europe,22.082929378586783
Macao,MAC,2010,1234768.0,557297,Asia,2.2156372634340395
Madagascar,MDG,2010,1871843.0,21731053,Africa,0.0861367831554228
Malawi,MWI,2010,968498.0,14718422,Africa,0.0658017551066276
Malaysia,MYS,2010,199346100.0,28717731,Asia,6.941568607909866
Maldives,MDV,2010,934320.0,361575,Asia,2.584028209914955
Mali,MLI,2010,2088480.0,15529181,Africa,0.13448745300862935
Malta,MLT,2010,2602794.0,418755,Europe,6.215553247125407
Marshall Islands,MHL,2010,135568.0,53416,Oceania,2.537966152463681
Mauritania,MRT,2010,2093519.9,3419461,Africa,0.6122368115910665
Mauritius,MUS,2010,3913152.0,1283330,Africa,3.04921727069421
Mexico,MEX,2010,456597400.0,112532401,North America,4.0574749666987024
Micronesia (country),FSM,2010,102592.0,107588,Oceania,0.9535635944529129
Moldova,MDA,2010,4830905.0,3678186,Europe,1.313393341174155
Mongolia,MNG,2010,13772318.0,2702520,Asia,5.09610215650578
Montenegro,MNE,2010,2421904.0,631044,Europe,3.8379320617896693
Montserrat,MSR,2010,58624.0,4938,North America,11.872012960712839
Morocco,MAR,2010,54365200.0,32464865,Africa,1.6745857406152775
Mozambique,MOZ,2010,2634548.0,23073723,Africa,0.1141795799490182
Myanmar,MMR,2010,13121587.0,49390988,Asia,0.26566763556137
Namibia,NAM,2010,2839600.0,2099271,Africa,1.3526600424623596
Nauru,NRU,2010,43968.0,10241,Oceania,4.293330729420955
Nepal,NPL,2010,4824304.0,27161567,Asia,0.17761508384254857
Netherlands,NLD,2010,182358960.0,16617116,Europe,10.97416422922004
New Caledonia,NCL,2010,3657625.0,261426,Oceania,13.99105291746039
New Zealand,NZL,2010,34810384.0,4346338,Oceania,8.009129524671113
Nicaragua,NIC,2010,4467845.0,5855734,North America,0.7629863310047895
Niger,NER,2010,1159981.0,16647543,Africa,0.0696788108611583
Nigeria,NGA,2010,111426824.0,160952853,Africa,0.6922948051128985
Niue,NIU,2010,3664.0,1812,Oceania,2.022075055187638
North Korea,PRK,2010,50091130.0,24686435,Asia,2.029095331099853
North Macedonia,MKD,2010,8185511.5,2093828,Europe,3.909352391887013
Norway,NOR,2010,45621000.0,4889741,Europe,9.329942015333737
Oman,OMN,2010,51149068.0,2881914,Asia,17.74829783262096
Pakistan,PAK,2010,153908660.0,194454498,Asia,0.7914893282643428
Palau,PLW,2010,208848.0,18540,Oceania,11.264724919093851
Palestine,PSE,2010,2033520.0,3992278,Asia,0.5093633259006513
Panama,PAN,2010,9072099.0,3623617,North America,2.5036031677740778
Papua New Guinea,PNG,2010,4714717.0,7583269,Oceania,0.6217261975013678
Paraguay,PRY,2010,5021793.0,5768613,South America,0.8705373371380607
Peru,PER,2010,42505100.0,29229572,South America,1.4541814023140673
Philippines,PHL,2010,83063350.0,94636700,Asia,0.8777075912410301
Poland,POL,2010,334224580.0,38597353,Europe,8.659261685639427
Portugal,PRT,2010,52933984.0,10588401,Europe,4.999242472966409
Qatar,QAT,2010,73421576.0,1713504,Asia,42.84879171568902
Romania,ROU,2010,86094090.0,20335211,Europe,4.233744611747574
Russia,RUS,2010,1632783200.0,143242599,Europe,11.398726436121143
Rwanda,RWA,2010,580977.0,10309031,Africa,0.05635612115241481
Saint Kitts and Nevis,KNA,2010,219840.0,47403,North America,4.63768115942029
Saint Lucia,LCA,2010,487312.0,170935,North America,2.8508614385585163
Saint Pierre and Miquelon,SPM,2010,65952.0,6052,North America,10.89755452742895
Saint Vincent and the Grenadines,VCT,2010,219840.0,109308,North America,2.011197716544077
Samoa,WSM,2010,183200.0,194672,Oceania,0.941070107668283
Sao Tome and Principe,STP,2010,102592.0,182138,Africa,0.5632652164842042
Saudi Arabia,SAU,2010,524604130.0,29411929,Asia,17.83644078564177
Senegal,SEN,2010,6862391.0,12530121,Africa,0.5476715667789641
Serbia,SRB,2010,45696428.0,7653748,Europe,5.970464143841684
Seychelles,SYC,2010,443344.0,92409,Africa,4.797627936672835
Sierra Leone,SLE,2010,542272.0,6436698,Africa,0.0842469228787804
Singapore,SGP,2010,43048336.0,5163590,Asia,8.336900489775525
Sint Maarten (Dutch part),SXM,2010,448949.0,33034,North America,13.5905128049888
Slovakia,SVK,2010,38408616.0,5396424,Europe,7.117419980342538
Slovenia,SVN,2010,16459730.0,2057286,Europe,8.000700923449632
Solomon Islands,SLB,2010,329760.0,540394,Oceania,0.6102214310299522
Somalia,SOM,2010,611888.0,12026649,Africa,0.050877680058676364
South Africa,ZAF,2010,462999680.0,51784921,Africa,8.940820436898996
South Korea,KOR,2010,594339140.0,48813042,Asia,12.175826698118916
South Sudan,SSD,2010,1313250.0,9714419,Africa,0.13518564517342727
Spain,ESP,2010,282937100.0,46572772,Europe,6.075161255164284
Sri Lanka,LKA,2010,13050987.0,20668557,Asia,0.631441614429106
Sudan,SDN,2010,15026002.0,33739933,Africa,0.44534771304969695
Suriname,SUR,2010,2370056.0,546080,South America,4.340125988866101
Sweden,SWE,2010,53120372.0,9381729,Europe,5.662108977993289
Switzerland,CHE,2010,45043332.0,7822435,Europe,5.758223877859004
Syria,SYR,2010,61721950.0,22337563,Asia,2.763146096107261
Taiwan,TWN,2010,270148000.0,23083083,Asia,11.70328937430065
Tajikistan,TJK,2010,2536415.0,7621779,Asia,0.33278516734741326
Tanzania,TZA,2010,6922992.0,45110527,Africa,0.15346732703876415
Thailand,THA,2010,241018980.0,68270489,Asia,3.530353796059671
Togo,TGO,2010,2595698.0,6571855,Africa,0.3949718914979104
Tonga,TON,2010,117248.0,107383,Oceania,1.0918674278051461
Trinidad and Tobago,TTO,2010,47111836.0,1410296,North America,33.405636830849694
Tunisia,TUN,2010,28137812.0,10895063,Africa,2.5826204033882134
Turkey,TUR,2010,316193060.0,73195345,Asia,4.31985203430628
Turkmenistan,TKM,2010,59184068.0,5267970,Asia,11.234701032845669
Turks and Caicos Islands,TCA,2010,282128.0,29726,North America,9.490950682903856
Tuvalu,TUV,2010,10992.0,10550,Oceania,1.0418957345971565
Uganda,UGA,2010,3569619.0,32341728,Africa,0.1103719318893536
Ukraine,UKR,2010,294365800.0,45683020,Europe,6.443658934982845
United Arab Emirates,ARE,2010,184842300.0,8481771,Asia,21.792889716074626
United Kingdom,GBR,2010,511904580.0,62760039,Europe,8.156536996415824
United States,USA,2010,5679715300.0,311182845,North America,18.252019323237437
Uruguay,URY,2010,6297960.0,3352651,South America,1.8785015201403308
Uzbekistan,UZB,2010,107665944.0,28614227,Asia,3.7626717646435113
Vanuatu,VUT,2010,120912.0,245453,Oceania,0.49260754604751217
Venezuela,VEN,2010,189316720.0,28715022,South America,6.592950546929757
Vietnam,VNM,2010,139563840.0,87411012,Asia,1.5966391053795372
Wallis and Futuna,WLF,2010,29312.0,13142,Oceania,2.230406330847664
Yemen,YEM,2010,25713402.0,24743946,Asia,1.0391795229427028
Zambia,ZMB,2010,3120300.0,13792086,Africa,0.22623843847841435
Zimbabwe,ZWE,2010,8754012.0,12839771,Africa,0.6817887951428417
Afghanistan,AFG,2015,9791093.0,33753499,Asia,0.2900763858585446
Albania,ALB,2015,4712144.0,2882481,Europe,1.6347528396544504
Algeria,DZA,2015,160087460.0,39543154,Africa,4.048424159590305
Andorra,AND,2015,465328.0,71746,Europe,6.485769241490815
Angola,AGO,2015,26030358.0,28127721,Africa,0.9254343073155482
Anguilla,AIA,2015,139232.0,14525,North America,9.585679862306367
Antigua and Barbuda,ATG,2015,582576.0,89941,North America,6.477312905126694
Argentina,ARG,2015,191743840.0,43257065,South America,4.432659497356097
Armenia,ARM,2015,5469323.0,2878595,Asia,1.8999973945622777
Aruba,ABW,2015,897680.0,104257,North America,8.6102611815034
Australia,AUS,2015,401378370.0,23820236,Oceania,16.850310383154895
Austria,AUT,2015,66365640.0,8642421,Europe,7.679056597682524
Azerbaijan,AZE,2015,34682950.0,9863480,Asia,3.516299521061532
Bahamas,BHS,2015,2246032.0,392697,North America,5.7195038413840695
Bahrain,BHR,2015,32459652.0,1362142,Asia,23.829859148311996
Bangladesh,BGD,2015,73157550.0,157830000,Asia,0.46352119368941264
Barbados,BRB,2015,1686392.0,278083,North America,6.064347694753005
Belarus,BLR,2015,58798910.0,9700609,Europe,6.061362745369904
Belgium,BEL,2015,101145630.0,11248303,Europe,8.992079071838658
Belize,BLZ,2015,641200.0,359871,North America,1.7817495713741869
Benin,BEN,2015,5328876.0,10932783,Africa,0.4874217296730393
Bermuda,BMU,2015,538608.0,63144,North America,8.52983656404409
Bhutan,BTN,2015,1056506.0,743274,Asia,1.4214219789741065
Bolivia,BOL,2015,19886526.0,11090085,South America,1.7931806654322306
Bosnia and Herzegovina,BIH,2015,18460492.0,3524324,Europe,5.2380235188365205
Botswana,BWA,2015,5421209.0,2305171,Africa,2.35176002127391
Brazil,BRA,2015,529353020.0,205188205,South America,2.5798413705115264
British Virgin Islands,VGB,2015,227168.0,29366,North America,7.735748825171967
Brunei,BRN,2015,6933290.0,421437,Asia,16.45154554536028
Bulgaria,BGR,2015,48121012.0,7309253,Europe,6.583574545853044
Burkina Faso,BFA,2015,3714985.0,18718019,Africa,0.1984710561518289
Burundi,BDI,2015,355408.0,10727148,Africa,0.03313163946279104
Cambodia,KHM,2015,8365610.0,15417523,Asia,0.5426040227084468
Cameroon,CMR,2015,9850663.0,23012646,Africa,0.4280543402092919
Canada,CAN,2015,570680400.0,35732126,North America,15.971073201745678
Cape Verde,CPV,2015,490976.0,552166,Africa,0.8891818764646864
Central African Republic,CAF,2015,179536.0,4819333,Africa,0.03725328795499294
Chad,TCD,2015,2351698.0,14140274,Africa,0.16631205307619923
Chile,CHL,2015,81782160.0,17870124,South America,4.576474119597603
China,CHN,2015,9866952000.0,1393715448,Asia,7.079602952065435
Colombia,COL,2015,96774220.0,47119728,South America,2.0537941135823194
Comoros,COM,2015,179536.0,730216,Africa,0.2458669763467248
Congo,COG,2015,5633314.0,5064386,Africa,1.112338988378848
Cook Islands,COK,2015,80608.0,17695,Oceania,4.555411133088443
Costa Rica,CRI,2015,7406021.0,4895242,North America,1.5129019157786274
Cote d'Ivoire,CIV,2015,9554745.0,23596741,Africa,0.40491799270077167
Croatia,HRV,2015,17824704.0,4254815,Europe,4.189301767526908
Cuba,CUB,2015,29468648.0,11339894,North America,2.5986704990364107
Curacao,CUW,2015,7328000.0,169572,North America,43.21468166914349
Cyprus,CYP,2015,6971575.0,1187280,Europe,5.871887844484873
Czechia,CZE,2015,105022270.0,10523798,Europe,9.979502647238192
Democratic Republic of Congo,COD,2015,3276557.0,78656904,Africa,0.041656317924743134
Denmark,DNK,2015,35110572.0,5677796,Europe,6.183838235822492
Djibouti,DJI,2015,431641.0,1006259,Africa,0.4289561633734456
Dominica,DMA,2015,175872.0,70007,North America,2.5122059222649162
Dominican Republic,DOM,2015,23494588.0,10405832,North America,2.2578288790362944
East Timor,TLS,2015,589620.0,1205813,Asia,0.48898129311924815
Ecuador,ECU,2015,41275740.0,16195902,South America,2.5485298688520097
Egypt,EGY,2015,224479740.0,97723799,Africa,2.2970836408027897
El Salvador,SLV,2015,6667772.0,6231066,North America,1.0700852791480624
Equatorial Guinea,GNQ,2015,7033487.0,1346973,Africa,5.221698578961865
Eritrea,ERI,2015,554345.0,3340006,Africa,0.16597125873426574
Estonia,EST,2015,15823998.0,1314657,Europe,12.036598139286522
Eswatini,SWZ,2015,868368.0,1133936,Africa,0.7657998335003033
Ethiopia,ETH,2015,12696406.0,102471895,Africa,0.12390134875518795
Faroe Islands,FRO,2015,608224.0,48816,Europe,12.459521468371026
Fiji,FJI,2015,1319945.0,917200,Oceania,1.4391027038813782
Finland,FIN,2015,44186000.0,5479461,Europe,8.063931835631278
France,FRA,2015,331414430.0,63809769,Europe,5.1937882740180426
French Polynesia,PYF,2015,846384.0,291787,Oceania,2.900691257663981
Gabon,GAB,2015,6475558.0,2028517,Africa,3.192262130413499
Gambia,GMB,2015,582576.0,2253133,Africa,0.25856263256541
Georgia,GEO,2015,9756186.0,3771132,Asia,2.587070937851022
Germany,DEU,2015,798084740.0,82073226,Europe,9.724057148673552
Ghana,GHA,2015,14568119.0,28870939,Africa,0.5045945682611848
Greece,GRC,2015,74927624.0,10806641,Europe,6.933479515050051
Greenland,GRL,2015,525712.0,55895,North America,9.405349315681187
Grenada,GRD,2015,260144.0,118980,North America,2.18645150445453
Guatemala,GTM,2015,15951887.0,16001107,North America,0.9969239628233222
Guinea,GIN,2015,2451216.0,11625998,Africa,0.21083918989148287
Guinea-Bissau,GNB,2015,278464.0,1788919,Africa,0.15566048546636266
Guyana,GUY,2015,2003336.0,755031,South America,2.6533162214531587
Haiti,HTI,2015,2660657.0,10563757,North America,0.2518665471006196
Honduras,HND,2015,10347979.0,9294505,North America,1.1133437445028003
Hong Kong,HKG,2015,42399920.0,7399838,Asia,5.729844356052119
Hungary,HUN,2015,46717404.0,9844246,Europe,4.745655888729314
Iceland,ISL,2015,3543713.0,331060,Europe,10.704141243279164
India,IND,2015,2234219500.0,1322866505,Asia,1.6889228743455107
Indonesia,IDN,2015,539149250.0,259091970,Asia,2.0809184090112867
Iran,IRN,2015,631581200.0,81790841,Asia,7.721906172843974
Iraq,IRQ,2015,141986560.0,37757813,Asia,3.7604550877986496
Ireland,IRL,2015,38718548.0,4665760,Europe,8.298443983402489
Israel,ISR,2015,62939140.0,8007778,Asia,7.859750857229059
Italy,ITA,2015,361935900.0,60232906,Europe,6.008939698177604
Jamaica,JAM,2015,7998908.0,2794445,North America,2.862431717210394
Japan,JPN,2015,1223168600.0,127250933,Asia,9.612256438229808
Jordan,JOR,2015,25549898.0,9494246,Asia,2.6910928998469177
Kazakhstan,KAZ,2015,278661280.0,17835909,Asia,15.623609651742449
Kenya,KEN,2015,16998498.0,46851488,Africa,0.362816608941001
Kiribati,KIR,2015,54960.0,116707,Oceania,0.4709229095084271
Kuwait,KWT,2015,93660650.0,3908743,Asia,23.96183376599587
Kyrgyzstan,KGZ,2015,10264781.0,5914980,Asia,1.7353872709628773
Laos,LAO,2015,9229252.0,6787419,Asia,1.3597586947262281
Latvia,LVA,2015,7263453.0,1991955,Europe,3.6463941203491044
Lebanon,LBN,2015,25734552.0,6398940,Asia,4.021689842380145
Lesotho,LSO,2015,2242368.0,2118521,Africa,1.0584591797768348
Liberia,LBR,2015,467217.0,4612329,Africa,0.10129741395290752
Libya,LBY,2015,54550704.0,6192235,Africa,8.809533875894568
Liechtenstein,LIE,2015,159774.0,37355,Europe,4.277178423236514
Lithuania,LTU,2015,13055458.0,2963765,Europe,4.405024689879259
Luxembourg,LUX,2015,9350996.0,569408,Europe,16.422312296279646
Macao,MAC,2015,1769712.0,615239,Asia,2.8764626429728937
Madagascar,MDG,2015,3227484.0,24850912,Africa,0.12987386539375295
Malawi,MWI,2015,1082885.0,16938942,Africa,0.06392872707161994
Malaysia,MYS,2015,235505740.0,31068833,Asia,7.5801282912686165
Maldives,MDV,2015,1278736.0,435582,Asia,2.9356952307487454
Mali,MLI,2015,3281577.0,18112907,Africa,0.1811734030324343
Malta,MLT,2015,1665293.0,456579,Europe,3.64732718762799
Marshall Islands,MHL,2015,142896.0,49410,Oceania,2.892046144505161
Mauritania,MRT,2015,3002486.0,3946220,Africa,0.7608511436260522
Mauritius,MUS,2015,4209936.0,1293153,Africa,3.255559086975787
Mexico,MEX,2015,479519780.0,120149897,North America,3.9910128262531925
Micronesia (country),FSM,2015,142896.0,109462,Oceania,1.3054393305439331
Moldova,MDA,2015,4781760.0,3277388,Europe,1.45901553310136
Mongolia,MNG,2015,23282274.0,2964749,Asia,7.853033764409735
Montenegro,MNE,2015,2238704.0,633966,Europe,3.531268238359786
Montserrat,MSR,2015,54960.0,5059,North America,10.86380707649733
Morocco,MAR,2015,58495180.0,34680458,Africa,1.686689950865124
Mozambique,MOZ,2015,6730608.0,26843246,Africa,0.2507374853249864
Myanmar,MMR,2015,21887144.0,51483949,Asia,0.4251255862288264
Namibia,NAM,2015,3851304.0,2282704,Africa,1.6871674995969692
Nauru,NRU,2015,54960.0,11185,Oceania,4.913723737147966
Nepal,NPL,2015,6904657.0,27610325,Asia,0.25007518020885305
Netherlands,NLD,2015,163802240.0,17041107,Europe,9.61218305829545
New Caledonia,NCL,2015,4876909.0,283032,Oceania,17.230945617456683
New Zealand,NZL,2015,35812136.0,4590590,Oceania,7.801205509531455
Nicaragua,NIC,2015,5430953.0,6298598,North America,0.8622479161235563
Niger,NER,2015,2206060.0,20128124,Africa,0.10960087487537339
Nigeria,NGA,2015,109217160.0,183995785,Africa,0.5935851193547722
Niue,NIU,2015,7328.0,1847,Oceania,3.967514889009204
North Korea,PRK,2015,24623532.0,25258015,Asia,0.974879934151595
North Macedonia,MKD,2015,6756554.0,2107962,Europe,3.2052541744111136
Norway,NOR,2015,45494000.0,5190356,Europe,8.765102046950151
Oman,OMN,2015,67376190.0,4191776,Asia,16.07342329361111
Pakistan,PAK,2015,166432900.0,210969298,Asia,0.7888963066085568
Palau,PLW,2015,205184.0,17794,Oceania,11.531077891424076
Palestine,PSE,2015,3005733.0,4484614,Asia,0.6702322652518143
Panama,PAN,2015,10788440.0,3957099,North America,2.7263507938517586
Papua New Guinea,PNG,2015,6638563.0,8682174,Oceania,0.7646198981960048
Paraguay,PRY,2015,6047637.0,6177950,South America,0.9789067570958004
Peru,PER,2015,49227884.0,30711863,South America,1.6028947511259737
Philippines,PHL,2015,112449144.0,103031365,Asia,1.0914069128366881
Poland,POL,2015,312715420.0,38553146,Europe,8.111281502163273
Portugal,PRT,2015,52203440.0,10365435,Europe,5.036299971974162
Qatar,QAT,2015,91194280.0,2414573,Asia,37.76828449585082
Romania,ROU,2015,78031910.0,19906079,Europe,3.920004034948319
Russia,RUS,2015,1638675300.0,144668389,Europe,11.327113762219334
Rwanda,RWA,2015,970183.0,11642959,Africa,0.08332787223591528
Saint Kitts and Nevis,KNA,2015,234496.0,47790,North America,4.906800585896631
Saint Lucia,LCA,2015,479984.0,175623,North America,2.733036105749247
Saint Pierre and Miquelon,SPM,2015,65952.0,5978,North America,11.032452325192372
Saint Vincent and the Grenadines,VCT,2015,234496.0,106482,North America,2.2022125805300425
Samoa,WSM,2015,227168.0,203571,Oceania,1.1159153317515755
Sao Tome and Principe,STP,2015,135568.0,201124,Africa,0.6740518287225791
Saudi Arabia,SAU,2015,678849300.0,32749848,Asia,20.728319105481038
Senegal,SEN,2015,9845416.0,14356181,Africa,0.6857963131002598
Serbia,SRB,2015,43773750.0,7519496,Europe,5.821367549101695
Seychelles,SYC,2015,498304.0,99240,Africa,5.021201128577187
Sierra Leone,SLE,2015,1084544.0,7314773,Africa,0.14826762224883808
Singapore,SGP,2015,61925264.0,5650018,Asia,10.960188799398516
Sint Maarten (Dutch part),SXM,2015,743792.0,40205,North America,18.499987563735854
Slovakia,SVK,2015,34471936.0,5424444,Europe,6.354925223672693
Slovenia,SVN,2015,13645485.0,2080862,Europe,6.557611701304555
Solomon Islands,SLB,2015,293120.0,612660,Oceania,0.4784382855090915
Somalia,SOM,2015,630208.0,13763906,Africa,0.04578700261393823
South Africa,ZAF,2015,446221020.0,55876504,Africa,7.985843566734239
South Korea,KOR,2015,634177300.0,50994401,Asia,12.436214320862403
South Sudan,SSD,2015,1912608.0,11194299,Africa,0.17085553994939745
Spain,ESP,2015,270767460.0,46431342,Europe,5.831566531072912
Sri Lanka,LKA,2015,19687388.0,21336697,Asia,0.9227008285303016
Sudan,SDN,2015,21189514.0,38171178,Africa,0.5551181574747314
Suriname,SUR,2015,2713354.0,575475,South America,4.714981536991181
Sweden,SWE,2015,43418744.0,9849349,Europe,4.408285664362182
Switzerland,CHE,2015,38725590.0,8281732,Europe,4.676025498047993
Syria,SYR,2015,28603272.0,19205178,Asia,1.4893520903581314
Taiwan,TWN,2015,275868000.0,23512136,Asia,11.73300460664229
Tajikistan,TJK,2015,5302282.0,8524063,Asia,0.6220369323877593
Tanzania,TZA,2015,9723330.0,52542823,Africa,0.1850553404791364
Thailand,THA,2015,277098700.0,70294397,Asia,3.9419742088405707
Togo,TGO,2015,1863341.0,7473229,Africa,0.2493354612845398
Tonga,TON,2015,117248.0,106122,Oceania,1.1048415974067582
Trinidad and Tobago,TTO,2015,45559680.0,1460177,North America,31.201477629081953
Tunisia,TUN,2015,31418044.0,11557779,Africa,2.718346145916097
Turkey,TUR,2015,384929660.0,79646178,Asia,4.832996003901154
Turkmenistan,TKM,2015,64322776.0,5766431,Asia,11.154694472196061
Turks and Caicos Islands,TCA,2015,311440.0,36538,North America,8.523728720783842
Tuvalu,TUV,2015,10992.0,10877,Oceania,1.010572768226533
Uganda,UGA,2015,4525570.0,37477356,Africa,0.12075478323497528
Ukraine,UKR,2015,223787570.0,44982564,Europe,4.974984751869636
United Arab Emirates,ARE,2015,225683650.0,8916899,Asia,25.309656417550542
United Kingdom,GBR,2015,422460800.0,65224364,Europe,6.4770397761180165
United States,USA,2015,5376473000.0,324607776,North America,16.562982767239685
Uruguay,URY,2015,6742026.0,3402818,South America,1.9813066699423831
Uzbekistan,UZB,2015,103695920.0,30949417,Asia,3.350496715333927
Vanuatu,VUT,2015,135568.0,276438,Oceania,0.49041014621723494
Venezuela,VEN,2015,165853100.0,30529716,South America,5.43251368601005
Vietnam,VNM,2015,215461950.0,92191398,Asia,2.3371155517134037
Wallis and Futuna,WLF,2015,21984.0,12182,Oceania,1.80462978164505
Yemen,YEM,2015,14083540.0,28516545,Asia,0.49387259220918944
Zambia,ZMB,2015,5064975.0,16248230,Africa,0.31172472324677825
Zimbabwe,ZWE,2015,12254954.0,14154937,Africa,0.8657724156596388
Afghanistan,AFG,2020,11888066.0,38972230,Asia,0.3050394088303389
Albania,ALB,2020,5018921.0,2866849,Europe,1.7506750442733467
Algeria,DZA,2020,169892770.0,43451666,Africa,3.9099253409524044
Andorra,AND,2020,373728.0,77700,Europe,4.80988416988417
Angola,AGO,2020,16764786.0,33428485,Africa,0.5015119889519373
Anguilla,AIA,2020,142896.0,15585,North America,9.168816169393647
Antigua and Barbuda,ATG,2020,619216.0,92664,North America,6.682379349046015
Argentina,ARG,2020,166879580.0,45036032,South America,3.705468101630268
Armenia,ARM,2020,6799022.0,2805608,Asia,2.423368481983228
Aruba,ABW,2020,890352.0,106585,North America,8.3534456067927
Australia,AUS,2020,396685200.0,25670051,Oceania,15.453229913723195
Austria,AUT,2020,62121252.0,8907777,Europe,6.973822088271855
Azerbaijan,AZE,2020,36149228.0,10284951,Asia,3.514769102934958
Bahamas,BHS,2020,2183744.0,406471,North America,5.372447234858083
Bahrain,BHR,2020,37395950.0,1477469,Asia,25.310818704148783
Bangladesh,BGD,2020,93614960.0,167420951,Asia,0.5591591699894238
Barbados,BRB,2020,1233549.0,280693,North America,4.394655370814378
Belarus,BLR,2020,59055548.0,9633740,Europe,6.130074924172751
Belgium,BEL,2020,91101384.0,11561717,Europe,7.879572212327979
Belize,BLZ,2020,613332.0,394921,North America,1.5530498504764243
Benin,BEN,2020,7744662.0,12643123,Africa,0.6125592545449412
Bermuda,BMU,2020,458000.0,64031,North America,7.152785369586606
Bhutan,BTN,2020,919762.0,772506,Asia,1.1906211731688816
Bolivia,BOL,2020,18326306.0,11936162,South America,1.5353600261122462
Bosnia and Herzegovina,BIH,2020,20831812.0,3318407,Europe,6.277654308226809
Botswana,BWA,2020,5550960.0,2546402,Africa,2.1799228872738867
Brazil,BRA,2020,444504320.0,213196304,South America,2.084953217575479
British Virgin Islands,VGB,2020,161216.0,30910,North America,5.215658362989324
Brunei,BRN,2020,11101930.0,441725,Asia,25.13312581357179
Bulgaria,BGR,2020,36533612.0,6979175,Europe,5.234660543688903
Burkina Faso,BFA,2020,5194114.0,21522626,Africa,0.2413327258486023
Burundi,BDI,2020,735766.0,12220227,Africa,0.06020886518720151
Cambodia,KHM,2020,19034220.0,16396860,Asia,1.1608454301616284
Cameroon,CMR,2020,9701611.0,26491087,Africa,0.36622170317133457
Canada,CAN,2020,522845280.0,37888705,North America,13.799502516647111
Cape Verde,CPV,2020,516623.97,582640,Africa,0.8866949917616367
Central African Republic,CAF,2020,238160.0,5343020,Africa,0.044574042395499176
Chad,TCD,2020,2279219.0,16644701,Africa,0.1369336102823355
Chile,CHL,2020,80178160.0,19300315,South America,4.154241005911043
China,CHN,2020,10914012000.0,1424929781,Asia,7.659333214539643
Colombia,COL,2020,89731320.0,50930662,South America,1.761832979905111
Comoros,COM,2020,381056.0,806166,Africa,0.4726768432307986
Congo,COG,2020,7391505.0,5702174,Africa,1.2962608647158085
Cook Islands,COK,2020,65952.0,17029,Oceania,3.872922661342416
Costa Rica,CRI,2020,6763180.0,5123105,North America,1.3201330052770732
Cote d'Ivoire,CIV,2020,11018607.0,26811790,Africa,0.41096125995317734
Croatia,HRV,2020,16870528.0,4096868,Europe,4.117908607258032
Cuba,CUB,2020,21277102.0,11300698,North America,1.8828130793336837
Curacao,CUW,2020,1806352.0,189288,North America,9.542876463378555
Cyprus,CYP,2020,6910908.0,1237537,Europe,5.584405153138856
Czechia,CZE,2020,91697370.0,10530953,Europe,8.707414229272507
Democratic Republic of Congo,COD,2020,3709719.0,92853164,Africa,0.03995253193526071
Denmark,DNK,2020,28299676.0,5825641,Europe,4.85777891222614
Djibouti,DJI,2020,382454.0,1090156,Africa,0.35082501953848805
Dominica,DMA,2020,157552.0,71995,North America,2.1883741926522675
Dominican Republic,DOM,2020,23501650.0,10999664,North America,2.136578899137283
East Timor,TLS,2020,646494.0,1299995,Asia,0.49730498963457553
Ecuador,ECU,2020,32909420.0,17588595,South America,1.8710658810439378
Egypt,EGY,2020,227637950.0,107465134,Africa,2.1182493477372857
El Salvador,SLV,2020,6594499.0,6292731,North America,1.0479550134909628
Equatorial Guinea,GNQ,2020,5524802.0,1596049,Africa,3.4615491128405207
Eritrea,ERI,2020,640911.0,3555868,Africa,0.18024038012659638
Estonia,EST,2020,9238881.0,1329444,Europe,6.949432243855326
Eswatini,SWZ,2020,1091872.0,1180655,Africa,0.9248019108037487
Ethiopia,ETH,2020,17810122.0,117190911,Africa,0.15197528415834227
Faroe Islands,FRO,2020,758448.0,52415,Europe,14.47005628159878
Fiji,FJI,2020,1040951.94,920422,Oceania,1.130950737813742
Finland,FIN,2020,37735000.0,5529468,Europe,6.8243454885714145
France,FRA,2020,281539040.0,64480053,Europe,4.366296659216456
French Polynesia,PYF,2020,846384.0,301920,Oceania,2.8033386327503975
Gabon,GAB,2020,5928799.0,2292573,Africa,2.5860895160154116
Gambia,GMB,2020,699824.0,2573995,Africa,0.2718824240140327
Georgia,GEO,2020,10574546.0,3765912,Asia,2.8079641797259205
Germany,DEU,2020,647252300.0,83328988,Europe,7.767432625006799
Ghana,GHA,2020,19168242.0,32180401,Africa,0.5956495694382429
Greece,GRC,2020,55619772.0,10512232,Europe,5.290957429402243
Greenland,GRL,2020,537154.0,56026,North America,9.587584335844072
Grenada,GRD,2020,289456.0,123663,North America,2.34068395558898
Guatemala,GTM,2020,17336898.0,17362718,North America,0.9985129056406952
Guinea,GIN,2020,4499392.0,13205153,Africa,0.34073001653218254
Guinea-Bissau,GNB,2020,296784.0,2015828,Africa,0.1472268467349397
Guyana,GUY,2020,3188380.0,797202,South America,3.99946312227014
Haiti,HTI,2020,2512561.0,11306801,North America,0.22221678793144056
Honduras,HND,2020,9526111.0,10121763,North America,0.9411513587109281
Hong Kong,HKG,2020,33497124.0,7500958,Asia,4.46571277962095
Hungary,HUN,2020,47335468.0,9750573,Europe,4.85463449173705
Iceland,ISL,2020,3339561.0,366669,Europe,9.107835677409325
India,IND,2020,2421552000.0,1396387127,Asia,1.7341552017902555
Indonesia,IDN,2020,605984600.0,271857970,Asia,2.229048499111503
Iran,IRN,2020,679007200.0,87290193,Asia,7.778734089865055
Iraq,IRQ,2020,159840260.0,42556984,Asia,3.7559113681552247
Ireland,IRL,2020,35123776.0,4946119,Europe,7.101280013683455
Israel,ISR,2020,55697504.0,8757489,Asia,6.359985607746696
Italy,ITA,2020,303281280.0,59500579,Europe,5.097114769252918
Jamaica,JAM,2020,6462606.0,2820436,North America,2.291349989859724
Japan,JPN,2020,1039795900.0,125244761,Asia,8.302110936201156
Jordan,JOR,2020,21128764.0,10928721,Asia,1.9333244942386214
Kazakhstan,KAZ,2020,255486480.0,18979243,Asia,13.461363026965827
Kenya,KEN,2020,21982360.0,51985780,Africa,0.4228533264288811
Kiribati,KIR,2020,65952.0,126463,Oceania,0.5215122209658161
Kuwait,KWT,2020,97712410.0,4360444,Asia,22.408821211784854
Kyrgyzstan,KGZ,2020,8348849.5,6424874,Asia,1.2994573123146071
Laos,LAO,2020,19674886.0,7319399,Asia,2.68804665519669
Latvia,LVA,2020,6999913.0,1897052,Europe,3.689889892317132
Lebanon,LBN,2020,22279648.0,5662923,Asia,3.9343017731302368
Lesotho,LSO,2020,2172752.0,2254100,Africa,0.9639110953373852
Liberia,LBR,2020,769421.0,5087584,Africa,0.15123504594715292
Libya,LBY,2020,47068096.0,6653942,Africa,7.073716001732507
Liechtenstein,LIE,2020,141929.0,38756,Europe,3.662116833522551
Lithuania,LTU,2020,13538674.0,2820267,Europe,4.800493712120164
Luxembourg,LUX,2020,8067690.0,630399,Europe,12.797751899987151
Macao,MAC,2020,1033247.94,676283,Asia,1.5278336731811977
Madagascar,MDG,2020,3963948.0,28225177,Africa,0.14044014675266694
Malawi,MWI,2020,1870757.0,19377061,Africa,0.09654493011091826
Malaysia,MYS,2020,269248670.0,33199993,Asia,8.109901408714153
Maldives,MDV,2020,1648800.0,514438,Asia,3.2050509488023824
Mali,MLI,2020,6418546.0,21224040,Africa,0.3024186724110961
Malta,MLT,2020,1597200.0,515357,Europe,3.0992108383120827
Marshall Islands,MHL,2020,146560.0,43413,Oceania,3.375947296892636
Mauritania,MRT,2020,4118336.2,4498604,Africa,0.9154698213045648
Mauritius,MUS,2020,3806896.0,1297828,Africa,2.9332823764011873
Mexico,MEX,2020,442289100.0,125998302,North America,3.5102782575593756
Micronesia (country),FSM,2020,146560.0,112106,Oceania,1.3073341301982053
Moldova,MDA,2020,5241230.0,3084847,Europe,1.6990242952081578
Mongolia,MNG,2020,37076764.0,3294335,Asia,11.254703604824646
Montenegro,MNE,2020,2407248.0,629048,Europe,3.826811308516997
Montserrat,MSR,2020,21984.0,4500,North America,4.8853333333333335
Morocco,MAR,2020,64560784.0,36688772,Africa,1.7596877867702958
Mozambique,MOZ,2020,6376114.0,31178239,Africa,0.20450526407216263
Myanmar,MMR,2020,34609780.0,53423198,Asia,0.647841785884851
Namibia,NAM,2020,3681840.0,2489098,Africa,1.479186436211029
Nauru,NRU,2020,51296.0,12315,Oceania,4.165326837190419
Nepal,NPL,2020,14902414.0,29348627,Asia,0.5077721012298122
Netherlands,NLD,2020,136684620.0,17434557,Europe,7.839867683474837
New Caledonia,NCL,2020,5109173.0,286403,Oceania,17.83910433899086
New Zealand,NZL,2020,34237324.0,5061133,Oceania,6.764754848370909
Nicaragua,NIC,2020,4748407.0,6755895,North America,0.702853877983598
Niger,NER,2020,2816703.0,24333639,Africa,0.11575346375443475
Nigeria,NGA,2020,123822170.0,208327405,Africa,0.5943633292028958
Niue,NIU,2020,7328.0,1942,Oceania,3.773429454170958
North Korea,PRK,2020,49814344.0,25867467,Asia,1.92575268386348
North Macedonia,MKD,2020,6954272.0,2111072,Europe,3.2941898713070894
Norway,NOR,2020,41231000.0,5379839,Europe,7.663983996547109
Oman,OMN,2020,65428856.0,4543399,Asia,14.40086067721545
Pakistan,PAK,2020,200602800.0,227196741,Asia,0.8829475243221029
Palau,PLW,2020,212512.0,17972,Oceania,11.824616069441353
Palestine,PSE,2020,3326912.0,5019401,Asia,0.6628105624555599
Panama,PAN,2020,10324345.0,4294396,North America,2.4041436793439637
Papua New Guinea,PNG,2020,7723852.0,9749640,Oceania,0.7922191998884062
Paraguay,PRY,2020,7366268.0,6618695,South America,1.112948700612432
Peru,PER,2020,46965196.0,33304756,South America,1.4101648425227917
Philippines,PHL,2020,132851040.0,112190977,Asia,1.1841508430753749
Poland,POL,2020,302437100.0,38428366,Europe,7.870152480592071
Portugal,PRT,2020,41695200.0,10298192,Europe,4.048788369842007
Qatar,QAT,2020,102501230.0,2760385,Asia,37.13294703456221
Romania,ROU,2020,74026536.0,19442038,Europe,3.807550216700533
Russia,RUS,2020,1632929300.0,145617329,Europe,11.213839116634258
Rwanda,RWA,2020,1371813.0,13146362,Africa,0.10434924886443869
Saint Kitts and Nevis,KNA,2020,230832.0,47642,North America,4.845136644137526
Saint Lucia,LCA,2020,483648.0,179237,North America,2.6983714300060813
Saint Pierre and Miquelon,SPM,2020,62288.0,5906,North America,10.546562817473756
Saint Vincent and the Grenadines,VCT,2020,245488.0,104632,North America,2.3462038382139307
Samoa,WSM,2020,241824.0,214929,Oceania,1.125134346691233
Sao Tome and Principe,STP,2020,139232.0,218641,Africa,0.6368064544161434
Saudi Arabia,SAU,2020,610772900.0,35997107,Asia,16.967277398153136
Senegal,SEN,2020,10820952.0,16436119,Africa,0.6583641795243755
Serbia,SRB,2020,45169760.0,7358005,Europe,6.138859650136144
Seychelles,SYC,2020,608224.0,105530,Africa,5.763517483180139
Sierra Leone,SLE,2020,1025920.06,8233969,Africa,0.1245960556810452
Singapore,SGP,2020,54813440.0,5909869,Asia,9.274899325179627
Sint Maarten (Dutch part),SXM,2020,652192.0,43621,North America,14.951330781045826
Slovakia,SVK,2020,31096626.0,5456681,Europe,5.698816918196244
Slovenia,SVN,2020,12854907.0,2117641,Europe,6.070390118060615
Solomon Islands,SLB,2020,289456.0,691191,Oceania,0.41877860099451525
Somalia,SOM,2020,597232.0,16537016,Africa,0.03611485893222816
South Africa,ZAF,2020,434828640.0,58801927,Africa,7.394802554684985
South Korea,KOR,2020,597634300.0,51844690,Asia,11.527396537620342
South Sudan,SSD,2020,1692768.0,10606227,Africa,0.15960133608303875
Spain,ESP,2020,213625420.0,47363807,Europe,4.510309316985436
Sri Lanka,LKA,2020,20624664.0,21715079,Asia,0.9497853542232105
Sudan,SDN,2020,20527464.0,44440486,Africa,0.46190907993220415
Suriname,SUR,2020,2917944.0,607065,South America,4.806641792888735
Sweden,SWE,2020,36686484.0,10368969,Europe,3.5381033543450657
Switzerland,CHE,2020,34235224.0,8638613,Europe,3.963046382561645
Syria,SYR,2020,26312742.0,20772595,Asia,1.2667046173094887
Taiwan,TWN,2020,271788800.0,23821464,Asia,11.409407918841596
Tajikistan,TJK,2020,9298944.0,9543207,Asia,0.9744045162176614
Tanzania,TZA,2020,14168675.0,61704518,Africa,0.2296213544687279
Thailand,THA,2020,271852000.0,71475664,Asia,3.8034204201306894
Togo,TGO,2020,2381218.0,8442580,Africa,0.28204861547062626
Tonga,TON,2020,183200.0,105254,Oceania,1.7405514279742338
Trinidad and Tobago,TTO,2020,35029664.0,1518147,North America,23.07396055849664
Tunisia,TUN,2020,28493462.0,12161723,Africa,2.3428803632511612
Turkey,TUR,2020,412926880.0,84135428,Asia,4.9078835137083985
Turkmenistan,TKM,2020,67697480.0,6250438,Asia,10.830837774888735
Turks and Caicos Islands,TCA,2020,359072.0,44276,North America,8.109856355587677
Tuvalu,TUV,2020,10992.0,11069,Oceania,0.9930436353780829
Uganda,UGA,2020,5538408.0,44404611,Africa,0.12472596595880549
Ukraine,UKR,2020,206823860.0,43909666,Europe,4.710212553199562
United Arab Emirates,ARE,2020,216768320.0,9287289,Asia,23.340322455778
United Kingdom,GBR,2020,326263200.0,67059474,Europe,4.865281227824721
United States,USA,2020,4714628000.0,335942003,North America,14.034053372004214
Uruguay,URY,2020,6477168.0,3429086,South America,1.8888905090161052
Uzbekistan,UZB,2020,109631970.0,33526656,Asia,3.269994180153249
Vanuatu,VUT,2020,201520.0,311685,Oceania,0.6465502029292395
Venezuela,VEN,2020,61956236.0,28490453,South America,2.1746314809385447
Vietnam,VNM,2020,363342660.0,96648685,Asia,3.7594164886982164
Wallis and Futuna,WLF,2020,25648.0,11655,Oceania,2.2006006006006005
Yemen,YEM,2020,10883986.0,32284046,Asia,0.3371320310967219
Zambia,ZMB,2020,8144346.0,18927715,Africa,0.4302868042972963
Zimbabwe,ZWE,2020,7849639.0,15669666,Africa,0.5009448829349649
Afghanistan,AFG,2022,12147948.0,41128771,Asia,0.2953637491380426
Albania,ALB,2022,4954730.0,2842321,Europe,1.743198604239282
Algeria,DZA,2022,176345140.0,44903225,Africa,3.927226607888409
Andorra,AND,2022,368645.0,79824,Europe,4.618222589697334
Angola,AGO,2022,16070269.0,35588987,Africa,0.4515517398682913
Anguilla,AIA,2022,138967.0,15857,North America,8.763763637510248
Antigua and Barbuda,ATG,2022,602192.0,93763,North America,6.422490747949618
Argentina,ARG,2022,192864430.0,45510318,South America,4.237817674664457
Armenia,ARM,2022,6407760.0,2780469,Asia,2.3045608492667964
Aruba,ABW,2022,865874.0,106445,North America,8.134473202123162
Australia,AUS,2022,392279260.0,26177413,Oceania,14.985409750000889
Austria,AUT,2022,61488424.0,8939617,Europe,6.878194446137905
Azerbaijan,AZE,2022,38062656.0,10358074,Asia,3.6746846952435366
Bahamas,BHS,2022,2120000.0,409984,North America,5.170933499843897
Bahrain,BHR,2022,37795670.0,1472233,Asia,25.672342625114368
Bangladesh,BGD,2022,102103340.0,171186372,Asia,0.5964454927521917
Barbados,BRB,2022,1232837.0,281635,North America,4.377428231576331
Belarus,BLR,2022,58801130.0,9534954,Europe,6.166902325905295
Belgium,BEL,2022,89605360.0,11655930,Europe,7.687534156433678
Belize,BLZ,2022,725231.0,405272,North America,1.789491995499319
Benin,BEN,2022,8432160.0,13352864,Africa,0.6314869978455558
Bermuda,BMU,2022,445408.0,64184,North America,6.939548797208027
Bhutan,BTN,2022,1055528.0,782455,Asia,1.348995149880824
Bolivia,BOL,2022,21493740.0,12224110,South America,1.758307148741299
Bosnia and Herzegovina,BIH,2022,19735710.0,3233526,Europe,6.103464144095331
Botswana,BWA,2022,7467293.0,2630296,Africa,2.838955387530529
Brazil,BRA,2022,483477300.0,215313498,South America,2.2454574585008134
British Virgin Islands,VGB,2022,156784.0,31305,North America,5.008273438747804
Brunei,BRN,2022,10753688.0,449002,Asia,23.950200667257608
Bulgaria,BGR,2022,46147496.0,6781953,Europe,6.804455294809622
Burkina Faso,BFA,2022,5962168.0,22673762,Africa,0.2629545110335021
Burundi,BDI,2022,798451.0,12889576,Africa,0.06194548214774481
Cambodia,KHM,2022,19955042.0,16767842,Asia,1.1900781269289156
Cameroon,CMR,2022,9572651.0,27914536,Africa,0.3429271043588186
Canada,CAN,2022,547943900.0,38454327,North America,14.249213098957629
Cape Verde,CPV,2022,568778.0,593149,Africa,0.9589125160794336
Central African Republic,CAF,2022,226226.0,5579144,Africa,0.040548514252365594
Chad,TCD,2022,2369204.0,17723315,Africa,0.13367724943104606
Chile,CHL,2022,84377720.0,19603733,South America,4.3041659463531765
China,CHN,2022,11396777000.0,1425887337,Asia,7.992761212101289
Colombia,COL,2022,99717870.0,51874024,South America,1.9223083599606616
Comoros,COM,2022,412760.0,836774,Africa,0.49327536467433264
Congo,COG,2022,7431930.0,5970424,Africa,1.244790989718653
Cook Islands,COK,2022,68043.0,17011,Oceania,3.9999412145082593
Costa Rica,CRI,2022,7888694.0,5180829,North America,1.5226702135893695
Cote d'Ivoire,CIV,2022,11734159.0,28160542,Africa,0.41668796715631395
Croatia,HRV,2022,17526086.0,4030358,Europe,4.348518419455542
Cuba,CUB,2022,20921022.0,11212191,North America,1.8659173751142841
Curacao,CUW,2022,1756690.0,191163,North America,9.189487505427305
Cyprus,CYP,2022,7029358.0,1251488,Europe,5.616800161088241
Czechia,CZE,2022,97969300.0,10493986,Europe,9.335756689593449
Democratic Republic of Congo,COD,2022,3601595.0,99010212,Africa,0.03637599523572377
Denmark,DNK,2022,29059308.0,5882261,Europe,4.940159574694152
Djibouti,DJI,2022,453036.0,1120849,Africa,0.40419003808719994
Dominica,DMA,2022,153220.0,72737,North America,2.1064932565269396
Dominican Republic,DOM,2022,23637946.0,11228821,North America,2.105113796007613
East Timor,TLS,2022,668892.0,1341296,Asia,0.49869081843232216
Ecuador,ECU,2022,41613410.0,18001000,South America,2.311727681795456
Egypt,EGY,2022,258951660.0,110990103,Africa,2.3331058626011005
El Salvador,SLV,2022,7714380.0,6336392,North America,1.217472025089357
Equatorial Guinea,GNQ,2022,5076202.0,1674908,Africa,3.0307348224499493
Eritrea,ERI,2022,696826.0,3684032,Africa,0.18914765126904434
Estonia,EST,2022,10311845.0,1326062,Europe,7.77629175709733
Eswatini,SWZ,2022,1265046.0,1201670,Africa,1.0527399369211181
Ethiopia,ETH,2022,19073260.0,123379924,Africa,0.15458965593138152
Faroe Islands,FRO,2022,748133.0,53090,Europe,14.0917875306084
Fiji,FJI,2022,1073925.0,929766,Oceania,1.155048689670304
Finland,FIN,2022,36163000.0,5540745,Europe,6.526739635193462
France,FRA,2022,297533920.0,64626628,Europe,4.60389052017382
French Polynesia,PYF,2022,873217.0,306279,Oceania,2.851050839267465
Gabon,GAB,2022,5705554.0,2388992,Africa,2.388268357533219
Gambia,GMB,2022,770472.0,2705992,Africa,0.28472811449553437
Georgia,GEO,2022,11092909.0,3744385,Asia,2.9625449840227436
Germany,DEU,2022,665604700.0,83369843,Europe,7.983758587622625
Ghana,GHA,2022,20806944.0,33475870,Africa,0.621550507873283
Greece,GRC,2022,59662764.0,10384971,Europe,5.745106462020934
Greenland,GRL,2022,591718.0,56466,North America,10.479191017603513
Grenada,GRD,2022,340416.0,125438,North America,2.7138187789983896
Guatemala,GTM,2022,19193244.0,17843908,North America,1.0756188610701198
Guinea,GIN,2022,4953613.0,13859341,Africa,0.357420529590837
Guinea-Bissau,GNB,2022,326745.0,2105566,Africa,0.15518155213372556
Guyana,GUY,2022,3537124.0,808726,South America,4.373698879472157
Haiti,HTI,2022,2446681.0,11584996,North America,0.21119394430520305
Honduras,HND,2022,11159723.0,10432860,North America,1.0696705409638392
Hong Kong,HKG,2022,30568888.0,7488865,Asia,4.081912012033866
Hungary,HUN,2022,44353616.0,9967308,Europe,4.44990924329819
Iceland,ISL,2022,3542503.0,372899,Europe,9.49989943657666
India,IND,2022,2829644300.0,1417173173,Asia,1.9966820949693493
Indonesia,IDN,2022,728883260.0,275501339,Asia,2.645661406386123
Iran,IRN,2022,690635260.0,88550570,Asia,7.799331613562736
Iraq,IRQ,2022,179080800.0,44496122,Asia,4.024638371856316
Ireland,IRL,2022,38784012.0,5023109,Europe,7.721116941718765
Israel,ISR,2022,56118090.0,9038309,Asia,6.2089147427909355
Italy,ITA,2022,338097280.0,59037474,Europe,5.7268249654448296
Jamaica,JAM,2022,6487594.0,2827377,North America,2.294562769662482
Japan,JPN,2022,1053797800.0,123951692,Asia,8.501681445381157
Jordan,JOR,2022,22912578.0,11285869,Asia,2.030200598642426
Kazakhstan,KAZ,2022,271178270.0,19397998,Asia,13.979703988009485
Kenya,KEN,2022,24851922.0,54027487,Africa,0.45998663606175133
Kiribati,KIR,2022,68043.0,131232,Oceania,0.518493964886613
Kuwait,KWT,2022,109190000.0,4268873,Asia,25.57817953356776
Kyrgyzstan,KGZ,2022,9449704.0,6630623,Asia,1.4251608031402176
Laos,LAO,2022,23193406.0,7529475,Asia,3.0803483642617846
Latvia,LVA,2022,6591454.0,1850651,Europe,3.561694776594831
Lebanon,LBN,2022,23904522.0,5489739,Asia,4.354400455103603
Lesotho,LSO,2022,3134694.0,2305825,Africa,1.3594674357334142
Liberia,LBR,2022,876934.0,5302681,Africa,0.16537559019673256
Libya,LBY,2022,62961304.0,6812341,Africa,9.242241984069793
Liechtenstein,LIE,2022,149934.0,39327,Europe,3.8124952322831644
Lithuania,LTU,2022,12667216.0,2750055,Europe,4.6061682402715585
Luxembourg,LUX,2022,7524108.0,647599,Europe,11.618467601092652
Macao,MAC,2022,1051646.0,695168,Asia,1.5127940296446327
Madagascar,MDG,2022,4403593.0,29611714,Africa,0.14871118233817873
Malawi,MWI,2022,2094072.1,20405317,Africa,0.10262384553986591
Malaysia,MYS,2022,291071360.0,33938221,Asia,8.576506116805593
Maldives,MDV,2022,1701072.0,523787,Asia,3.2476407394608877
Mali,MLI,2022,7038757.0,22593590,Africa,0.3115377857170994
Malta,MLT,2022,1655127.0,533286,Europe,3.103638572923347
Marshall Islands,MHL,2022,151206.0,41569,Oceania,3.637470230219635
Mauritania,MRT,2022,4534088.0,4736139,Africa,0.9573384564937811
Mauritius,MUS,2022,4249021.0,1299469,Africa,3.2698132852726767
Mexico,MEX,2022,511971970.0,127504125,North America,4.015336523426203
Micronesia (country),FSM,2022,151206.0,114164,Oceania,1.3244630531516064
Moldova,MDA,2022,5422021.0,3272996,Europe,1.6565926142286762
Mongolia,MNG,2022,37894484.0,3398366,Asia,11.15079541167726
Montenegro,MNE,2022,2292498.0,627082,Europe,3.6558185372885843
Montserrat,MSR,2022,21380.0,4390,North America,4.8701594533029615
Morocco,MAR,2022,68411810.0,37457971,Africa,1.8263618710153842
Mozambique,MOZ,2022,8003215.0,32969517,Africa,0.2427458976726896
Myanmar,MMR,2022,34922210.0,54179306,Asia,0.6445673187471246
Namibia,NAM,2022,3952970.0,2567012,Africa,1.5399109937935622
Nauru,NRU,2022,52922.0,12668,Oceania,4.1776128828544365
Nepal,NPL,2022,15499952.0,30547580,Asia,0.5074035979282155
Netherlands,NLD,2022,125358230.0,17564014,Europe,7.137219886069324
New Caledonia,NCL,2022,5115215.0,289950,Oceania,17.641714088635972
New Zealand,NZL,2022,32211814.0,5185288,Oceania,6.212155236121889
Nicaragua,NIC,2022,5550354.0,6948392,North America,0.7987969014989368
Niger,NER,2022,3058157.0,26207977,Africa,0.11668802212395105
Nigeria,NGA,2022,128759470.0,218541212,Africa,0.5891770656053651
Niue,NIU,2022,7560.0,1934,Oceania,3.9089968976215097
North Korea,PRK,2022,50871636.0,26069416,Asia,1.9513914696056098
North Macedonia,MKD,2022,7588422.0,2093599,Europe,3.6245823579396053
Norway,NOR,2022,40808000.0,5434319,Europe,7.509312574399846
Oman,OMN,2022,71986390.0,4576298,Asia,15.730267128582973
Pakistan,PAK,2022,200199900.0,235824862,Asia,0.8489346640643852
Palau,PLW,2022,219249.0,18055,Oceania,12.143395181390197
Palestine,PSE,2022,3496896.0,5250072,Asia,0.6660662939479687
Panama,PAN,2022,11899901.0,4408581,North America,2.6992587864439828
Papua New Guinea,PNG,2022,7823140.0,10142619,Oceania,0.7713136025320482
Paraguay,PRY,2022,9018049.0,6780744,South America,1.3299497813219316
Peru,PER,2022,60921110.0,34049588,South America,1.789187875048591
Philippines,PHL,2022,150395980.0,115559009,Asia,1.3014647780511859
Poland,POL,2022,323117300.0,39857145,Europe,8.106885227228393
Portugal,PRT,2022,41605030.0,10270865,Europe,4.050781506718275
Qatar,QAT,2022,101340350.0,2695122,Asia,37.60139615201093
Romania,ROU,2022,73521290.0,19659267,Europe,3.739777785204301
Russia,RUS,2022,1652177300.0,144713314,Europe,11.416899069839559
Rwanda,RWA,2022,1547760.0,13776698,Africa,0.11234622403713865
Saint Kitts and Nevis,KNA,2022,224486.0,47657,North America,4.710451769939358
Saint Lucia,LCA,2022,470351.0,179857,North America,2.6151386935176277
Saint Pierre and Miquelon,SPM,2022,60576.0,5862,North America,10.33367451381781
Saint Vincent and the Grenadines,VCT,2022,238739.0,103948,North America,2.2967156655250704
Samoa,WSM,2022,249491.0,222382,Oceania,1.1219028518495202
Sao Tome and Principe,STP,2022,132255.0,227380,Africa,0.5816474623977482
Saudi Arabia,SAU,2022,662549400.0,36408820,Asia,18.197497199854322
Senegal,SEN,2022,11668435.0,17316449,Africa,0.6738353227038638
Serbia,SRB,2022,43506644.0,7221365,Europe,6.02471194850281
Seychelles,SYC,2022,658828.0,107118,Africa,6.150488246606546
Sierra Leone,SLE,2022,1129488.0,8605718,Africa,0.13124854892990917
Singapore,SGP,2022,53252430.0,5975689,Asia,8.911512965283167
Sint Maarten (Dutch part),SXM,2022,634261.0,44175,North America,14.357917374080362
Slovakia,SVK,2022,34151680.0,5643453,Europe,6.051557441871138
Slovenia,SVN,2022,12714800.0,2119844,Europe,5.9979885312315435
Solomon Islands,SLB,2022,298633.0,724273,Oceania,0.41232104468895014
Somalia,SOM,2022,646921.0,17597511,Africa,0.036762073909202275
South Africa,ZAF,2022,404053980.0,59893885,Africa,6.746164153485786
South Korea,KOR,2022,600999360.0,51815810,Asia,11.598764160977122
South Sudan,SSD,2022,1833605.0,10913164,Africa,0.16801772611499285
Spain,ESP,2022,245613820.0,47558630,Europe,5.164442709977138
Sri Lanka,LKA,2022,17327094.0,21832143,Asia,0.79365062788385
Sudan,SDN,2022,22013348.0,46874204,Africa,0.4696260655434277
Suriname,SUR,2022,3586520.0,618040,South America,5.803054818458352
Sweden,SWE,2022,38050544.0,10549347,Europe,3.606909887408197
Switzerland,CHE,2022,35380164.0,8740472,Europe,4.047855081510472
Syria,SYR,2022,27635256.0,22125249,Asia,1.2490370616845938
Taiwan,TWN,2022,277900930.0,23893394,Asia,11.630868766488344
Tajikistan,TJK,2022,10017384.0,9952787,Asia,1.0064903428557248
Tanzania,TZA,2022,15569999.0,65497748,Africa,0.23771808154381124
Thailand,THA,2022,270746370.0,71697030,Asia,3.7762564223371595
Togo,TGO,2022,2575560.0,8848699,Africa,0.2910665172360366
Tonga,TON,2022,189008.0,106858,Oceania,1.7687772557974133
Trinidad and Tobago,TTO,2022,34331736.0,1531044,North America,22.42374223079154
Tunisia,TUN,2022,35576780.0,12356117,Africa,2.8792848109159213
Turkey,TUR,2022,435684600.0,85341241,Asia,5.10520581719687
Turkmenistan,TKM,2022,70958350.0,6430770,Asia,11.034191861938773
Turks and Caicos Islands,TCA,2022,349200.0,45703,North America,7.640636282082139
Tuvalu,TUV,2022,11340.0,11312,Oceania,1.0024752475247525
Uganda,UGA,2022,6021782.0,47249585,Africa,0.12744624106222308
Ukraine,UKR,2022,141253000.0,39701739,Europe,3.557854229004931
United Arab Emirates,ARE,2022,243895220.0,9441129,Asia,25.833268457617727
United Kingdom,GBR,2022,318654370.0,67508936,Europe,4.720180599498709
United States,USA,2022,5057303600.0,338289857,North America,14.949616417260776
Uruguay,URY,2022,7893098.0,3422794,South America,2.3060394519798737
Uzbekistan,UZB,2022,120610190.0,34627652,Asia,3.483060012269963
Vanuatu,VUT,2022,207909.0,326740,Oceania,0.6363132766113729
Venezuela,VEN,2022,76892000.0,28301696,South America,2.716868981986097
Vietnam,VNM,2022,343606620.0,98186856,Asia,3.499517491424718
Wallis and Futuna,WLF,2022,26461.0,11572,Oceania,2.2866401659177327
Yemen,YEM,2022,11356347.0,33696614,Asia,0.33701745225796276
Zambia,ZMB,2022,8921889.0,20017675,Africa,0.4457005621282192
Zimbabwe,ZWE,2022,8855981.0,16320537,Africa,0.5426280397513881
